2026-05-11 19:06:59,210 [Worker-2: Loading available Gradle versions] INFO  o.e.b.c.i.u.g.PublishedGradleVersions - Gradle version information cache is up-to-date. Trying to read.
2026-05-11 19:08:19,495 [Worker-5: Creating project "Spring"] INFO  o.e.m.c.i.e.AbstractTransferListenerAdapter - Downloading https://repo.maven.apache.org/maven2/org/apache/maven/plugins/maven-jar-plugin/2.4/maven-jar-plugin-2.4.jar
2026-05-11 19:08:19,559 [Worker-5: Creating project "Spring"] INFO  o.e.m.c.i.e.AbstractTransferListenerAdapter - Downloaded https://repo.maven.apache.org/maven2/org/apache/maven/plugins/maven-jar-plugin/2.4/maven-jar-plugin-2.4.jar
2026-05-11 19:08:21,146 [Worker-5: Creating project "Spring"] INFO  o.e.m.c.i.l.LifecycleMappingFactory - Using org.eclipse.m2e.jdt.JarLifecycleMapping lifecycle mapping for MavenProject: com.rays.test:Spring:0.0.1-SNAPSHOT @ D:\Spring\Spring\pom.xml.
2026-05-11 19:08:21,623 [Worker-5: Creating project "Spring"] INFO  o.e.m.c.i.e.AbstractTransferListenerAdapter - Downloaded https://repo.maven.apache.org/maven2/org/apache/maven/plugins/maven-jar-plugin/2.4/maven-jar-plugin-2.4.pom
2026-05-11 19:08:21,969 [Worker-5: Creating project "Spring"] INFO  o.e.m.c.i.e.AbstractTransferListenerAdapter - Downloaded https://repo.maven.apache.org/maven2/commons-lang/commons-lang/2.1/commons-lang-2.1.pom
2026-05-11 19:08:22,093 [Worker-5: Creating project "Spring"] INFO  o.e.m.c.i.e.AbstractTransferListenerAdapter - Downloading https://repo.maven.apache.org/maven2/commons-lang/commons-lang/2.1/commons-lang-2.1.jar
2026-05-11 19:08:22,214 [Worker-5: Creating project "Spring"] INFO  o.e.m.c.i.e.AbstractTransferListenerAdapter - Downloaded https://repo.maven.apache.org/maven2/commons-lang/commons-lang/2.1/commons-lang-2.1.jar
2026-05-11 19:08:22,890 [Worker-5: Creating project "Spring"] INFO  o.e.m.j.i.AbstractJavaProjectConfigurator - Adding source folder /Spring/src/main/java
2026-05-11 19:08:22,893 [Worker-5: Creating project "Spring"] INFO  o.e.m.j.i.AbstractJavaProjectConfigurator - Adding resource folder /Spring/src/main/resources
2026-05-11 19:08:22,894 [Worker-5: Creating project "Spring"] INFO  o.e.m.j.i.AbstractJavaProjectConfigurator - Adding source folder /Spring/src/test/java
2026-05-11 19:08:22,894 [Worker-5: Creating project "Spring"] INFO  o.e.m.j.i.AbstractJavaProjectConfigurator - Adding resource folder /Spring/src/test/resources
2026-05-11 19:08:23,788 [Worker-9: Building workspace] WARN  o.e.m.c.i.embedder.EclipseLogger - Using platform encoding (Cp1252 actually) to copy filtered resources, i.e. build is platform dependent!
2026-05-11 19:08:23,795 [Worker-9: Building workspace] INFO  o.e.m.c.i.embedder.EclipseLogger - Copying 0 resource
2026-05-11 19:08:23,797 [Worker-9: Building workspace] WARN  o.e.m.c.i.embedder.EclipseLogger - Using platform encoding (Cp1252 actually) to copy filtered resources, i.e. build is platform dependent!
2026-05-11 19:08:23,798 [Worker-9: Building workspace] INFO  o.e.m.c.i.embedder.EclipseLogger - Copying 0 resource
2026-05-11 19:08:48,634 [Worker-0: Building workspace] INFO  o.e.m.c.i.l.LifecycleMappingFactory - Using org.eclipse.m2e.jdt.JarLifecycleMapping lifecycle mapping for MavenProject: com.rays:Spring-Core:0.0.1-SNAPSHOT @ D:\Spring\Spring\pom.xml.
2026-05-11 19:08:49,064 [Worker-0: Building workspace] INFO  o.e.m.c.i.e.AbstractTransferListenerAdapter - Downloaded https://repo.maven.apache.org/maven2/org/springframework/spring-core/5.1.4.RELEASE/spring-core-5.1.4.RELEASE.pom
2026-05-11 19:08:49,231 [Worker-0: Building workspace] INFO  o.e.m.c.i.e.AbstractTransferListenerAdapter - Downloaded https://repo.maven.apache.org/maven2/org/springframework/spring-jcl/5.1.4.RELEASE/spring-jcl-5.1.4.RELEASE.pom
2026-05-11 19:08:49,380 [Worker-0: Building workspace] INFO  o.e.m.c.i.e.AbstractTransferListenerAdapter - Downloaded https://repo.maven.apache.org/maven2/org/springframework/spring-context/5.1.4.RELEASE/spring-context-5.1.4.RELEASE.pom
2026-05-11 19:08:49,527 [Worker-0: Building workspace] INFO  o.e.m.c.i.e.AbstractTransferListenerAdapter - Downloaded https://repo.maven.apache.org/maven2/org/springframework/spring-aop/5.1.4.RELEASE/spring-aop-5.1.4.RELEASE.pom
2026-05-11 19:08:49,694 [Worker-0: Building workspace] INFO  o.e.m.c.i.e.AbstractTransferListenerAdapter - Downloaded https://repo.maven.apache.org/maven2/org/springframework/spring-beans/5.1.4.RELEASE/spring-beans-5.1.4.RELEASE.pom
2026-05-11 19:08:49,852 [Worker-0: Building workspace] INFO  o.e.m.c.i.e.AbstractTransferListenerAdapter - Downloaded https://repo.maven.apache.org/maven2/org/springframework/spring-expression/5.1.4.RELEASE/spring-expression-5.1.4.RELEASE.pom
2026-05-11 19:08:50,026 [Worker-0: Building workspace] INFO  o.e.m.c.i.e.AbstractTransferListenerAdapter - Downloaded https://repo.maven.apache.org/maven2/javax/annotation/javax.annotation-api/1.3.2/javax.annotation-api-1.3.2.pom
2026-05-11 19:08:50,116 [Worker-0: Building workspace] INFO  o.e.m.c.i.e.AbstractTransferListenerAdapter - Downloading https://repo.maven.apache.org/maven2/org/springframework/spring-core/5.1.4.RELEASE/spring-core-5.1.4.RELEASE.jar
2026-05-11 19:08:50,483 [Worker-0: Building workspace] INFO  o.e.m.c.i.e.AbstractTransferListenerAdapter - Downloaded https://repo.maven.apache.org/maven2/org/springframework/spring-core/5.1.4.RELEASE/spring-core-5.1.4.RELEASE.jar
2026-05-11 19:08:50,546 [Worker-0: Building workspace] INFO  o.e.m.c.i.e.AbstractTransferListenerAdapter - Downloading https://repo.maven.apache.org/maven2/org/springframework/spring-jcl/5.1.4.RELEASE/spring-jcl-5.1.4.RELEASE.jar
2026-05-11 19:08:50,704 [Worker-0: Building workspace] INFO  o.e.m.c.i.e.AbstractTransferListenerAdapter - Downloaded https://repo.maven.apache.org/maven2/org/springframework/spring-jcl/5.1.4.RELEASE/spring-jcl-5.1.4.RELEASE.jar
2026-05-11 19:08:50,767 [Worker-0: Building workspace] INFO  o.e.m.c.i.e.AbstractTransferListenerAdapter - Downloading https://repo.maven.apache.org/maven2/org/springframework/spring-context/5.1.4.RELEASE/spring-context-5.1.4.RELEASE.jar
2026-05-11 19:08:50,953 [Worker-0: Building workspace] INFO  o.e.m.c.i.e.AbstractTransferListenerAdapter - Downloaded https://repo.maven.apache.org/maven2/org/springframework/spring-context/5.1.4.RELEASE/spring-context-5.1.4.RELEASE.jar
2026-05-11 19:08:51,017 [Worker-0: Building workspace] INFO  o.e.m.c.i.e.AbstractTransferListenerAdapter - Downloading https://repo.maven.apache.org/maven2/org/springframework/spring-aop/5.1.4.RELEASE/spring-aop-5.1.4.RELEASE.jar
2026-05-11 19:08:51,211 [Worker-0: Building workspace] INFO  o.e.m.c.i.e.AbstractTransferListenerAdapter - Downloaded https://repo.maven.apache.org/maven2/org/springframework/spring-aop/5.1.4.RELEASE/spring-aop-5.1.4.RELEASE.jar
2026-05-11 19:08:51,276 [Worker-0: Building workspace] INFO  o.e.m.c.i.e.AbstractTransferListenerAdapter - Downloading https://repo.maven.apache.org/maven2/org/springframework/spring-expression/5.1.4.RELEASE/spring-expression-5.1.4.RELEASE.jar
2026-05-11 19:08:51,379 [Worker-0: Building workspace] INFO  o.e.m.c.i.e.AbstractTransferListenerAdapter - Downloaded https://repo.maven.apache.org/maven2/org/springframework/spring-expression/5.1.4.RELEASE/spring-expression-5.1.4.RELEASE.jar
2026-05-11 19:08:51,438 [Worker-0: Building workspace] INFO  o.e.m.c.i.e.AbstractTransferListenerAdapter - Downloading https://repo.maven.apache.org/maven2/javax/annotation/javax.annotation-api/1.3.2/javax.annotation-api-1.3.2.jar
2026-05-11 19:08:51,521 [Worker-0: Building workspace] INFO  o.e.m.c.i.e.AbstractTransferListenerAdapter - Downloaded https://repo.maven.apache.org/maven2/javax/annotation/javax.annotation-api/1.3.2/javax.annotation-api-1.3.2.jar
2026-05-11 19:08:51,578 [Worker-0: Building workspace] INFO  o.e.m.c.i.e.AbstractTransferListenerAdapter - Downloading https://repo.maven.apache.org/maven2/org/springframework/spring-beans/5.1.4.RELEASE/spring-beans-5.1.4.RELEASE.jar
2026-05-11 19:08:51,722 [Worker-0: Building workspace] INFO  o.e.m.c.i.e.AbstractTransferListenerAdapter - Downloaded https://repo.maven.apache.org/maven2/org/springframework/spring-beans/5.1.4.RELEASE/spring-beans-5.1.4.RELEASE.jar
2026-05-11 19:08:53,849 [Worker-0: Building workspace] WARN  o.e.m.c.i.embedder.EclipseLogger - Using platform encoding (Cp1252 actually) to copy filtered resources, i.e. build is platform dependent!
2026-05-11 19:08:53,863 [Worker-0: Building workspace] INFO  o.e.m.c.i.embedder.EclipseLogger - Copying 0 resource
2026-05-11 19:08:53,872 [Worker-0: Building workspace] WARN  o.e.m.c.i.embedder.EclipseLogger - Using platform encoding (Cp1252 actually) to copy filtered resources, i.e. build is platform dependent!
2026-05-11 19:08:53,874 [Worker-0: Building workspace] INFO  o.e.m.c.i.embedder.EclipseLogger - Copying 0 resource
2026-05-11 19:08:55,016 [Worker-3: Download sources and javadoc] INFO  o.e.m.c.i.e.AbstractTransferListenerAdapter - Downloading https://repo.maven.apache.org/maven2/org/springframework/spring-core/5.1.4.RELEASE/spring-core-5.1.4.RELEASE-sources.jar
2026-05-11 19:08:55,429 [Worker-3: Download sources and javadoc] INFO  o.e.m.c.i.e.AbstractTransferListenerAdapter - Downloaded https://repo.maven.apache.org/maven2/org/springframework/spring-core/5.1.4.RELEASE/spring-core-5.1.4.RELEASE-sources.jar
2026-05-11 19:08:55,753 [Worker-3: Download sources and javadoc] INFO  o.e.m.j.internal.DownloadSourcesJob - Downloaded sources for org.springframework:spring-core:5.1.4.RELEASE
2026-05-11 19:08:55,870 [Worker-3: Download sources and javadoc] INFO  o.e.m.c.i.e.AbstractTransferListenerAdapter - Downloading https://repo.maven.apache.org/maven2/org/springframework/spring-jcl/5.1.4.RELEASE/spring-jcl-5.1.4.RELEASE-sources.jar
2026-05-11 19:08:55,931 [Worker-7: Building workspace] WARN  o.e.m.c.i.embedder.EclipseLogger - Using platform encoding (Cp1252 actually) to copy filtered resources, i.e. build is platform dependent!
2026-05-11 19:08:55,935 [Worker-7: Building workspace] INFO  o.e.m.c.i.embedder.EclipseLogger - Copying 0 resource
2026-05-11 19:08:55,942 [Worker-7: Building workspace] WARN  o.e.m.c.i.embedder.EclipseLogger - Using platform encoding (Cp1252 actually) to copy filtered resources, i.e. build is platform dependent!
2026-05-11 19:08:55,945 [Worker-7: Building workspace] INFO  o.e.m.c.i.embedder.EclipseLogger - Copying 0 resource
2026-05-11 19:08:55,994 [Worker-3: Download sources and javadoc] INFO  o.e.m.c.i.e.AbstractTransferListenerAdapter - Downloaded https://repo.maven.apache.org/maven2/org/springframework/spring-jcl/5.1.4.RELEASE/spring-jcl-5.1.4.RELEASE-sources.jar
2026-05-11 19:08:56,273 [Worker-3: Download sources and javadoc] INFO  o.e.m.j.internal.DownloadSourcesJob - Downloaded sources for org.springframework:spring-jcl:5.1.4.RELEASE
2026-05-11 19:08:56,342 [Worker-3: Download sources and javadoc] INFO  o.e.m.c.i.e.AbstractTransferListenerAdapter - Downloading https://repo.maven.apache.org/maven2/org/springframework/spring-context/5.1.4.RELEASE/spring-context-5.1.4.RELEASE-sources.jar
2026-05-11 19:08:56,567 [Worker-3: Download sources and javadoc] INFO  o.e.m.c.i.e.AbstractTransferListenerAdapter - Downloaded https://repo.maven.apache.org/maven2/org/springframework/spring-context/5.1.4.RELEASE/spring-context-5.1.4.RELEASE-sources.jar
2026-05-11 19:08:56,750 [Worker-3: Download sources and javadoc] INFO  o.e.m.j.internal.DownloadSourcesJob - Downloaded sources for org.springframework:spring-context:5.1.4.RELEASE
2026-05-11 19:08:56,909 [Worker-3: Download sources and javadoc] INFO  o.e.m.c.i.e.AbstractTransferListenerAdapter - Downloading https://repo.maven.apache.org/maven2/org/springframework/spring-aop/5.1.4.RELEASE/spring-aop-5.1.4.RELEASE-sources.jar
2026-05-11 19:08:57,078 [Worker-3: Download sources and javadoc] INFO  o.e.m.c.i.e.AbstractTransferListenerAdapter - Downloaded https://repo.maven.apache.org/maven2/org/springframework/spring-aop/5.1.4.RELEASE/spring-aop-5.1.4.RELEASE-sources.jar
2026-05-11 19:08:57,270 [Worker-3: Download sources and javadoc] INFO  o.e.m.j.internal.DownloadSourcesJob - Downloaded sources for org.springframework:spring-aop:5.1.4.RELEASE
2026-05-11 19:08:57,378 [Worker-3: Download sources and javadoc] INFO  o.e.m.c.i.e.AbstractTransferListenerAdapter - Downloading https://repo.maven.apache.org/maven2/org/springframework/spring-expression/5.1.4.RELEASE/spring-expression-5.1.4.RELEASE-sources.jar
2026-05-11 19:08:57,676 [Worker-3: Download sources and javadoc] INFO  o.e.m.c.i.e.AbstractTransferListenerAdapter - Downloaded https://repo.maven.apache.org/maven2/org/springframework/spring-expression/5.1.4.RELEASE/spring-expression-5.1.4.RELEASE-sources.jar
2026-05-11 19:08:58,028 [Worker-3: Download sources and javadoc] INFO  o.e.m.j.internal.DownloadSourcesJob - Downloaded sources for org.springframework:spring-expression:5.1.4.RELEASE
2026-05-11 19:08:58,080 [Worker-3: Download sources and javadoc] INFO  o.e.m.c.i.e.AbstractTransferListenerAdapter - Downloading https://repo.maven.apache.org/maven2/javax/annotation/javax.annotation-api/1.3.2/javax.annotation-api-1.3.2-sources.jar
2026-05-11 19:08:58,136 [Worker-3: Download sources and javadoc] INFO  o.e.m.c.i.e.AbstractTransferListenerAdapter - Downloaded https://repo.maven.apache.org/maven2/javax/annotation/javax.annotation-api/1.3.2/javax.annotation-api-1.3.2-sources.jar
2026-05-11 19:08:58,760 [Worker-3: Download sources and javadoc] INFO  o.e.m.j.internal.DownloadSourcesJob - Downloaded sources for javax.annotation:javax.annotation-api:1.3.2
2026-05-11 19:08:58,881 [Worker-3: Download sources and javadoc] INFO  o.e.m.c.i.e.AbstractTransferListenerAdapter - Downloading https://repo.maven.apache.org/maven2/org/springframework/spring-beans/5.1.4.RELEASE/spring-beans-5.1.4.RELEASE-sources.jar
2026-05-11 19:08:59,048 [Worker-3: Download sources and javadoc] INFO  o.e.m.c.i.e.AbstractTransferListenerAdapter - Downloaded https://repo.maven.apache.org/maven2/org/springframework/spring-beans/5.1.4.RELEASE/spring-beans-5.1.4.RELEASE-sources.jar
2026-05-11 19:08:59,249 [Worker-3: Download sources and javadoc] INFO  o.e.m.j.internal.DownloadSourcesJob - Downloaded sources for org.springframework:spring-beans:5.1.4.RELEASE
2026-05-11 19:08:59,594 [Worker-3: Building workspace] WARN  o.e.m.c.i.embedder.EclipseLogger - Using platform encoding (Cp1252 actually) to copy filtered resources, i.e. build is platform dependent!
2026-05-11 19:08:59,596 [Worker-3: Building workspace] INFO  o.e.m.c.i.embedder.EclipseLogger - Copying 0 resource
2026-05-11 19:08:59,602 [Worker-3: Building workspace] WARN  o.e.m.c.i.embedder.EclipseLogger - Using platform encoding (Cp1252 actually) to copy filtered resources, i.e. build is platform dependent!
2026-05-11 19:08:59,604 [Worker-3: Building workspace] INFO  o.e.m.c.i.embedder.EclipseLogger - Copying 0 resource
2026-05-11 19:11:14,277 [Worker-10: Building workspace] WARN  o.e.m.c.i.embedder.EclipseLogger - Using platform encoding (Cp1252 actually) to copy filtered resources, i.e. build is platform dependent!
2026-05-11 19:11:14,279 [Worker-10: Building workspace] INFO  o.e.m.c.i.embedder.EclipseLogger - Copying 0 resource
2026-05-11 19:11:14,280 [Worker-10: Building workspace] WARN  o.e.m.c.i.embedder.EclipseLogger - Using platform encoding (Cp1252 actually) to copy filtered resources, i.e. build is platform dependent!
2026-05-11 19:11:14,282 [Worker-10: Building workspace] INFO  o.e.m.c.i.embedder.EclipseLogger - Copying 0 resource
2026-05-11 19:11:35,528 [Worker-10: Building workspace] WARN  o.e.m.c.i.embedder.EclipseLogger - Using platform encoding (Cp1252 actually) to copy filtered resources, i.e. build is platform dependent!
2026-05-11 19:11:35,529 [Worker-10: Building workspace] INFO  o.e.m.c.i.embedder.EclipseLogger - Copying 0 resource
2026-05-11 19:11:35,532 [Worker-10: Building workspace] WARN  o.e.m.c.i.embedder.EclipseLogger - Using platform encoding (Cp1252 actually) to copy filtered resources, i.e. build is platform dependent!
2026-05-11 19:11:35,533 [Worker-10: Building workspace] INFO  o.e.m.c.i.embedder.EclipseLogger - Copying 0 resource
2026-05-11 19:11:36,553 [Worker-7: Building workspace] WARN  o.e.m.c.i.embedder.EclipseLogger - Using platform encoding (Cp1252 actually) to copy filtered resources, i.e. build is platform dependent!
2026-05-11 19:11:36,554 [Worker-7: Building workspace] INFO  o.e.m.c.i.embedder.EclipseLogger - Copying 0 resource
2026-05-11 19:11:36,559 [Worker-7: Building workspace] WARN  o.e.m.c.i.embedder.EclipseLogger - Using platform encoding (Cp1252 actually) to copy filtered resources, i.e. build is platform dependent!
2026-05-11 19:11:36,560 [Worker-7: Building workspace] INFO  o.e.m.c.i.embedder.EclipseLogger - Copying 0 resource
2026-05-11 19:14:22,032 [Worker-0: Building workspace] WARN  o.e.m.c.i.embedder.EclipseLogger - Using platform encoding (Cp1252 actually) to copy filtered resources, i.e. build is platform dependent!
2026-05-11 19:14:22,036 [Worker-0: Building workspace] INFO  o.e.m.c.i.embedder.EclipseLogger - Copying 1 resource
2026-05-11 19:14:22,048 [Worker-0: Building workspace] WARN  o.e.m.c.i.embedder.EclipseLogger - Using platform encoding (Cp1252 actually) to copy filtered resources, i.e. build is platform dependent!
2026-05-11 19:14:22,050 [Worker-0: Building workspace] INFO  o.e.m.c.i.embedder.EclipseLogger - Copying 0 resource
2026-05-11 19:15:24,492 [Worker-9: Building workspace] WARN  o.e.m.c.i.embedder.EclipseLogger - Using platform encoding (Cp1252 actually) to copy filtered resources, i.e. build is platform dependent!
2026-05-11 19:15:24,495 [Worker-9: Building workspace] INFO  o.e.m.c.i.embedder.EclipseLogger - Copying 1 resource
2026-05-11 19:15:24,500 [Worker-9: Building workspace] WARN  o.e.m.c.i.embedder.EclipseLogger - Using platform encoding (Cp1252 actually) to copy filtered resources, i.e. build is platform dependent!
2026-05-11 19:15:24,501 [Worker-9: Building workspace] INFO  o.e.m.c.i.embedder.EclipseLogger - Copying 0 resource
2026-05-11 19:15:43,539 [Worker-7: Building workspace] WARN  o.e.m.c.i.embedder.EclipseLogger - Using platform encoding (Cp1252 actually) to copy filtered resources, i.e. build is platform dependent!
2026-05-11 19:15:43,542 [Worker-7: Building workspace] INFO  o.e.m.c.i.embedder.EclipseLogger - Copying 1 resource
2026-05-11 19:15:43,546 [Worker-7: Building workspace] WARN  o.e.m.c.i.embedder.EclipseLogger - Using platform encoding (Cp1252 actually) to copy filtered resources, i.e. build is platform dependent!
2026-05-11 19:15:43,548 [Worker-7: Building workspace] INFO  o.e.m.c.i.embedder.EclipseLogger - Copying 0 resource
2026-05-11 19:17:49,999 [Worker-0: Building workspace] WARN  o.e.m.c.i.embedder.EclipseLogger - Using platform encoding (Cp1252 actually) to copy filtered resources, i.e. build is platform dependent!
2026-05-11 19:17:50,001 [Worker-0: Building workspace] INFO  o.e.m.c.i.embedder.EclipseLogger - Copying 1 resource
2026-05-11 19:17:50,002 [Worker-0: Building workspace] WARN  o.e.m.c.i.embedder.EclipseLogger - Using platform encoding (Cp1252 actually) to copy filtered resources, i.e. build is platform dependent!
2026-05-11 19:17:50,003 [Worker-0: Building workspace] INFO  o.e.m.c.i.embedder.EclipseLogger - Copying 0 resource
2026-05-11 19:17:52,080 [Worker-15: Building workspace] WARN  o.e.m.c.i.embedder.EclipseLogger - Using platform encoding (Cp1252 actually) to copy filtered resources, i.e. build is platform dependent!
2026-05-11 19:17:52,082 [Worker-15: Building workspace] INFO  o.e.m.c.i.embedder.EclipseLogger - Copying 1 resource
2026-05-11 19:17:52,087 [Worker-15: Building workspace] WARN  o.e.m.c.i.embedder.EclipseLogger - Using platform encoding (Cp1252 actually) to copy filtered resources, i.e. build is platform dependent!
2026-05-11 19:17:52,088 [Worker-15: Building workspace] INFO  o.e.m.c.i.embedder.EclipseLogger - Copying 0 resource
2026-05-11 19:18:19,143 [Worker-0: Building workspace] WARN  o.e.m.c.i.embedder.EclipseLogger - Using platform encoding (Cp1252 actually) to copy filtered resources, i.e. build is platform dependent!
2026-05-11 19:18:19,145 [Worker-0: Building workspace] INFO  o.e.m.c.i.embedder.EclipseLogger - Copying 1 resource
2026-05-11 19:18:19,156 [Worker-0: Building workspace] WARN  o.e.m.c.i.embedder.EclipseLogger - Using platform encoding (Cp1252 actually) to copy filtered resources, i.e. build is platform dependent!
2026-05-11 19:18:19,158 [Worker-0: Building workspace] INFO  o.e.m.c.i.embedder.EclipseLogger - Copying 0 resource
2026-05-11 19:18:52,131 [Worker-7: Building workspace] WARN  o.e.m.c.i.embedder.EclipseLogger - Using platform encoding (Cp1252 actually) to copy filtered resources, i.e. build is platform dependent!
2026-05-11 19:18:52,133 [Worker-7: Building workspace] INFO  o.e.m.c.i.embedder.EclipseLogger - Copying 1 resource
2026-05-11 19:18:52,134 [Worker-7: Building workspace] WARN  o.e.m.c.i.embedder.EclipseLogger - Using platform encoding (Cp1252 actually) to copy filtered resources, i.e. build is platform dependent!
2026-05-11 19:18:52,135 [Worker-7: Building workspace] INFO  o.e.m.c.i.embedder.EclipseLogger - Copying 0 resource
2026-05-11 19:19:01,492 [Worker-16: Building workspace] WARN  o.e.m.c.i.embedder.EclipseLogger - Using platform encoding (Cp1252 actually) to copy filtered resources, i.e. build is platform dependent!
2026-05-11 19:19:01,492 [Worker-16: Building workspace] INFO  o.e.m.c.i.embedder.EclipseLogger - Copying 1 resource
2026-05-11 19:19:01,494 [Worker-16: Building workspace] WARN  o.e.m.c.i.embedder.EclipseLogger - Using platform encoding (Cp1252 actually) to copy filtered resources, i.e. build is platform dependent!
2026-05-11 19:19:01,495 [Worker-16: Building workspace] INFO  o.e.m.c.i.embedder.EclipseLogger - Copying 0 resource
2026-05-11 19:20:08,446 [Worker-17: Building workspace] WARN  o.e.m.c.i.embedder.EclipseLogger - Using platform encoding (Cp1252 actually) to copy filtered resources, i.e. build is platform dependent!
2026-05-11 19:20:08,448 [Worker-17: Building workspace] INFO  o.e.m.c.i.embedder.EclipseLogger - Copying 1 resource
2026-05-11 19:20:08,452 [Worker-17: Building workspace] WARN  o.e.m.c.i.embedder.EclipseLogger - Using platform encoding (Cp1252 actually) to copy filtered resources, i.e. build is platform dependent!
2026-05-11 19:20:08,453 [Worker-17: Building workspace] INFO  o.e.m.c.i.embedder.EclipseLogger - Copying 0 resource
2026-05-11 19:22:38,203 [Worker-7: Building workspace] WARN  o.e.m.c.i.embedder.EclipseLogger - Using platform encoding (Cp1252 actually) to copy filtered resources, i.e. build is platform dependent!
2026-05-11 19:22:38,205 [Worker-7: Building workspace] INFO  o.e.m.c.i.embedder.EclipseLogger - Copying 1 resource
2026-05-11 19:22:38,208 [Worker-7: Building workspace] WARN  o.e.m.c.i.embedder.EclipseLogger - Using platform encoding (Cp1252 actually) to copy filtered resources, i.e. build is platform dependent!
2026-05-11 19:22:38,211 [Worker-7: Building workspace] INFO  o.e.m.c.i.embedder.EclipseLogger - Copying 0 resource
2026-05-11 19:23:01,492 [Worker-0: Building workspace] WARN  o.e.m.c.i.embedder.EclipseLogger - Using platform encoding (Cp1252 actually) to copy filtered resources, i.e. build is platform dependent!
2026-05-11 19:23:01,493 [Worker-0: Building workspace] INFO  o.e.m.c.i.embedder.EclipseLogger - Copying 1 resource
2026-05-11 19:23:01,497 [Worker-0: Building workspace] WARN  o.e.m.c.i.embedder.EclipseLogger - Using platform encoding (Cp1252 actually) to copy filtered resources, i.e. build is platform dependent!
2026-05-11 19:23:01,498 [Worker-0: Building workspace] INFO  o.e.m.c.i.embedder.EclipseLogger - Copying 0 resource
2026-05-11 19:23:17,034 [Worker-9: Building workspace] WARN  o.e.m.c.i.embedder.EclipseLogger - Using platform encoding (Cp1252 actually) to copy filtered resources, i.e. build is platform dependent!
2026-05-11 19:23:17,040 [Worker-9: Building workspace] INFO  o.e.m.c.i.embedder.EclipseLogger - Copying 1 resource
2026-05-11 19:23:17,045 [Worker-9: Building workspace] WARN  o.e.m.c.i.embedder.EclipseLogger - Using platform encoding (Cp1252 actually) to copy filtered resources, i.e. build is platform dependent!
2026-05-11 19:23:17,047 [Worker-9: Building workspace] INFO  o.e.m.c.i.embedder.EclipseLogger - Copying 0 resource
2026-05-11 19:23:41,863 [Worker-0: Building workspace] WARN  o.e.m.c.i.embedder.EclipseLogger - Using platform encoding (Cp1252 actually) to copy filtered resources, i.e. build is platform dependent!
2026-05-11 19:23:41,864 [Worker-0: Building workspace] INFO  o.e.m.c.i.embedder.EclipseLogger - Copying 1 resource
2026-05-11 19:23:41,869 [Worker-0: Building workspace] WARN  o.e.m.c.i.embedder.EclipseLogger - Using platform encoding (Cp1252 actually) to copy filtered resources, i.e. build is platform dependent!
2026-05-11 19:23:41,871 [Worker-0: Building workspace] INFO  o.e.m.c.i.embedder.EclipseLogger - Copying 0 resource
2026-05-11 19:23:55,237 [Worker-16: Building workspace] WARN  o.e.m.c.i.embedder.EclipseLogger - Using platform encoding (Cp1252 actually) to copy filtered resources, i.e. build is platform dependent!
2026-05-11 19:23:55,238 [Worker-16: Building workspace] INFO  o.e.m.c.i.embedder.EclipseLogger - Copying 1 resource
2026-05-11 19:23:55,240 [Worker-16: Building workspace] WARN  o.e.m.c.i.embedder.EclipseLogger - Using platform encoding (Cp1252 actually) to copy filtered resources, i.e. build is platform dependent!
2026-05-11 19:23:55,241 [Worker-16: Building workspace] INFO  o.e.m.c.i.embedder.EclipseLogger - Copying 0 resource
2026-05-11 19:24:54,549 [Worker-17: Building workspace] WARN  o.e.m.c.i.embedder.EclipseLogger - Using platform encoding (Cp1252 actually) to copy filtered resources, i.e. build is platform dependent!
2026-05-11 19:24:54,552 [Worker-17: Building workspace] INFO  o.e.m.c.i.embedder.EclipseLogger - Copying 1 resource
2026-05-11 19:24:54,557 [Worker-17: Building workspace] WARN  o.e.m.c.i.embedder.EclipseLogger - Using platform encoding (Cp1252 actually) to copy filtered resources, i.e. build is platform dependent!
2026-05-11 19:24:54,559 [Worker-17: Building workspace] INFO  o.e.m.c.i.embedder.EclipseLogger - Copying 0 resource
2026-05-11 19:25:05,252 [Worker-0: Building workspace] WARN  o.e.m.c.i.embedder.EclipseLogger - Using platform encoding (Cp1252 actually) to copy filtered resources, i.e. build is platform dependent!
2026-05-11 19:25:05,253 [Worker-0: Building workspace] INFO  o.e.m.c.i.embedder.EclipseLogger - Copying 1 resource
2026-05-11 19:25:05,254 [Worker-0: Building workspace] WARN  o.e.m.c.i.embedder.EclipseLogger - Using platform encoding (Cp1252 actually) to copy filtered resources, i.e. build is platform dependent!
2026-05-11 19:25:05,254 [Worker-0: Building workspace] INFO  o.e.m.c.i.embedder.EclipseLogger - Copying 0 resource
2026-05-11 19:25:10,191 [Worker-0: Building workspace] WARN  o.e.m.c.i.embedder.EclipseLogger - Using platform encoding (Cp1252 actually) to copy filtered resources, i.e. build is platform dependent!
2026-05-11 19:25:10,192 [Worker-0: Building workspace] INFO  o.e.m.c.i.embedder.EclipseLogger - Copying 1 resource
2026-05-11 19:25:10,194 [Worker-0: Building workspace] WARN  o.e.m.c.i.embedder.EclipseLogger - Using platform encoding (Cp1252 actually) to copy filtered resources, i.e. build is platform dependent!
2026-05-11 19:25:10,195 [Worker-0: Building workspace] INFO  o.e.m.c.i.embedder.EclipseLogger - Copying 0 resource
2026-05-11 19:25:15,774 [Worker-17: Building workspace] WARN  o.e.m.c.i.embedder.EclipseLogger - Using platform encoding (Cp1252 actually) to copy filtered resources, i.e. build is platform dependent!
2026-05-11 19:25:15,775 [Worker-17: Building workspace] INFO  o.e.m.c.i.embedder.EclipseLogger - Copying 1 resource
2026-05-11 19:25:15,780 [Worker-17: Building workspace] WARN  o.e.m.c.i.embedder.EclipseLogger - Using platform encoding (Cp1252 actually) to copy filtered resources, i.e. build is platform dependent!
2026-05-11 19:25:15,781 [Worker-17: Building workspace] INFO  o.e.m.c.i.embedder.EclipseLogger - Copying 0 resource
2026-05-11 19:29:04,356 [Worker-0: Building workspace] INFO  o.e.m.c.i.l.LifecycleMappingFactory - Using org.eclipse.m2e.jdt.JarLifecycleMapping lifecycle mapping for MavenProject: com.rays:Spring-Core:0.0.1-SNAPSHOT @ D:\Spring\SpringPracticals\pom.xml.
2026-05-11 19:29:04,592 [Worker-0: Building workspace] WARN  o.e.m.c.i.embedder.EclipseLogger - Using platform encoding (Cp1252 actually) to copy filtered resources, i.e. build is platform dependent!
2026-05-11 19:29:04,593 [Worker-0: Building workspace] INFO  o.e.m.c.i.embedder.EclipseLogger - Copying 1 resource
2026-05-11 19:29:04,596 [Worker-0: Building workspace] WARN  o.e.m.c.i.embedder.EclipseLogger - Using platform encoding (Cp1252 actually) to copy filtered resources, i.e. build is platform dependent!
2026-05-11 19:29:04,597 [Worker-0: Building workspace] INFO  o.e.m.c.i.embedder.EclipseLogger - Copying 0 resource
2026-05-11 19:29:05,668 [Worker-23: Updating Maven Dependencies] ERROR o.e.m.j.i.l.MavenLaunchConfigurationListener - Launch configuration UserTest references non-existing project Spring.
org.eclipse.core.runtime.CoreException: Launch configuration UserTest references non-existing project Spring.
	at org.eclipse.jdt.launching.JavaRuntime.abort(JavaRuntime.java:1839) ~[na:na]
	at org.eclipse.jdt.launching.JavaRuntime.getJavaProject(JavaRuntime.java:1714) ~[na:na]
	at org.eclipse.m2e.jdt.internal.launch.MavenLaunchConfigurationListener.updateLaunchConfiguration(MavenLaunchConfigurationListener.java:53) ~[na:na]
	at org.eclipse.m2e.jdt.internal.launch.MavenLaunchConfigurationListener.launchConfigurationChanged(MavenLaunchConfigurationListener.java:38) ~[na:na]
	at org.eclipse.debug.internal.core.LaunchManager$ConfigurationNotifier.run(LaunchManager.java:225) ~[na:na]
	at org.eclipse.core.runtime.SafeRunner.run(SafeRunner.java:45) ~[org.eclipse.equinox.common_3.10.300.v20190218-2100.jar:na]
	at org.eclipse.debug.internal.core.LaunchManager$ConfigurationNotifier.notify(LaunchManager.java:209) ~[na:na]
	at org.eclipse.debug.internal.core.LaunchConfigurationWorkingCopy.setDirty(LaunchConfigurationWorkingCopy.java:528) ~[na:na]
	at org.eclipse.debug.internal.core.LaunchConfigurationWorkingCopy.setAttribute(LaunchConfigurationWorkingCopy.java:416) ~[na:na]
	at org.eclipse.m2e.jdt.internal.launch.MavenRuntimeClasspathProvider.disable(MavenRuntimeClasspathProvider.java:352) ~[na:na]
	at org.eclipse.m2e.jdt.internal.launch.MavenRuntimeClasspathProvider.disable(MavenRuntimeClasspathProvider.java:378) ~[na:na]
	at org.eclipse.m2e.jdt.internal.launch.MavenLaunchConfigurationListener.mavenProjectChanged(MavenLaunchConfigurationListener.java:70) ~[na:na]
	at org.eclipse.m2e.core.internal.project.registry.ProjectRegistryManager.notifyProjectChangeListeners(ProjectRegistryManager.java:777) ~[na:na]
	at org.eclipse.m2e.core.internal.project.registry.ProjectRegistryManager.applyMutableProjectRegistry(ProjectRegistryManager.java:921) ~[na:na]
	at org.eclipse.m2e.core.internal.project.registry.ProjectRegistryRefreshJob$1.call(ProjectRegistryRefreshJob.java:98) ~[na:na]
	at org.eclipse.m2e.core.internal.project.registry.ProjectRegistryRefreshJob$1.call(ProjectRegistryRefreshJob.java:1) ~[na:na]
	at org.eclipse.m2e.core.internal.embedder.MavenExecutionContext.executeBare(MavenExecutionContext.java:177) ~[na:na]
	at org.eclipse.m2e.core.internal.embedder.MavenExecutionContext.execute(MavenExecutionContext.java:151) ~[na:na]
	at org.eclipse.m2e.core.internal.embedder.MavenExecutionContext.execute(MavenExecutionContext.java:99) ~[na:na]
	at org.eclipse.m2e.core.internal.embedder.MavenImpl.execute(MavenImpl.java:1336) ~[na:na]
	at org.eclipse.m2e.core.internal.project.registry.ProjectRegistryRefreshJob.run(ProjectRegistryRefreshJob.java:81) ~[na:na]
	at org.eclipse.core.internal.jobs.Worker.run(Worker.java:63) ~[org.eclipse.core.jobs_3.10.300.v20190215-2048.jar:na]
2026-05-11 19:29:05,671 [Worker-23: Updating Maven Dependencies] ERROR o.e.m.j.i.l.MavenLaunchConfigurationListener - Launch configuration UserTest references non-existing project Spring.
org.eclipse.core.runtime.CoreException: Launch configuration UserTest references non-existing project Spring.
	at org.eclipse.jdt.launching.JavaRuntime.abort(JavaRuntime.java:1839) ~[na:na]
	at org.eclipse.jdt.launching.JavaRuntime.getJavaProject(JavaRuntime.java:1714) ~[na:na]
	at org.eclipse.m2e.jdt.internal.launch.MavenLaunchConfigurationListener.updateLaunchConfiguration(MavenLaunchConfigurationListener.java:53) ~[na:na]
	at org.eclipse.m2e.jdt.internal.launch.MavenLaunchConfigurationListener.launchConfigurationChanged(MavenLaunchConfigurationListener.java:38) ~[na:na]
	at org.eclipse.debug.internal.core.LaunchManager$ConfigurationNotifier.run(LaunchManager.java:225) ~[na:na]
	at org.eclipse.core.runtime.SafeRunner.run(SafeRunner.java:45) ~[org.eclipse.equinox.common_3.10.300.v20190218-2100.jar:na]
	at org.eclipse.debug.internal.core.LaunchManager$ConfigurationNotifier.notify(LaunchManager.java:209) ~[na:na]
	at org.eclipse.debug.internal.core.LaunchConfigurationWorkingCopy.setDirty(LaunchConfigurationWorkingCopy.java:528) ~[na:na]
	at org.eclipse.debug.internal.core.LaunchConfigurationWorkingCopy.setAttribute(LaunchConfigurationWorkingCopy.java:416) ~[na:na]
	at org.eclipse.m2e.jdt.internal.launch.MavenRuntimeClasspathProvider.disable(MavenRuntimeClasspathProvider.java:353) ~[na:na]
	at org.eclipse.m2e.jdt.internal.launch.MavenRuntimeClasspathProvider.disable(MavenRuntimeClasspathProvider.java:378) ~[na:na]
	at org.eclipse.m2e.jdt.internal.launch.MavenLaunchConfigurationListener.mavenProjectChanged(MavenLaunchConfigurationListener.java:70) ~[na:na]
	at org.eclipse.m2e.core.internal.project.registry.ProjectRegistryManager.notifyProjectChangeListeners(ProjectRegistryManager.java:777) ~[na:na]
	at org.eclipse.m2e.core.internal.project.registry.ProjectRegistryManager.applyMutableProjectRegistry(ProjectRegistryManager.java:921) ~[na:na]
	at org.eclipse.m2e.core.internal.project.registry.ProjectRegistryRefreshJob$1.call(ProjectRegistryRefreshJob.java:98) ~[na:na]
	at org.eclipse.m2e.core.internal.project.registry.ProjectRegistryRefreshJob$1.call(ProjectRegistryRefreshJob.java:1) ~[na:na]
	at org.eclipse.m2e.core.internal.embedder.MavenExecutionContext.executeBare(MavenExecutionContext.java:177) ~[na:na]
	at org.eclipse.m2e.core.internal.embedder.MavenExecutionContext.execute(MavenExecutionContext.java:151) ~[na:na]
	at org.eclipse.m2e.core.internal.embedder.MavenExecutionContext.execute(MavenExecutionContext.java:99) ~[na:na]
	at org.eclipse.m2e.core.internal.embedder.MavenImpl.execute(MavenImpl.java:1336) ~[na:na]
	at org.eclipse.m2e.core.internal.project.registry.ProjectRegistryRefreshJob.run(ProjectRegistryRefreshJob.java:81) ~[na:na]
	at org.eclipse.core.internal.jobs.Worker.run(Worker.java:63) ~[org.eclipse.core.jobs_3.10.300.v20190215-2048.jar:na]
2026-05-11 19:29:05,692 [Worker-23: Updating Maven Dependencies] ERROR o.e.m.j.i.l.MavenLaunchConfigurationListener - Launch configuration UserTest references non-existing project Spring.
org.eclipse.core.runtime.CoreException: Launch configuration UserTest references non-existing project Spring.
	at org.eclipse.jdt.launching.JavaRuntime.abort(JavaRuntime.java:1839) ~[na:na]
	at org.eclipse.jdt.launching.JavaRuntime.getJavaProject(JavaRuntime.java:1714) ~[na:na]
	at org.eclipse.m2e.jdt.internal.launch.MavenLaunchConfigurationListener.updateLaunchConfiguration(MavenLaunchConfigurationListener.java:53) ~[na:na]
	at org.eclipse.m2e.jdt.internal.launch.MavenLaunchConfigurationListener.launchConfigurationChanged(MavenLaunchConfigurationListener.java:38) ~[na:na]
	at org.eclipse.debug.internal.core.LaunchManager$ConfigurationNotifier.run(LaunchManager.java:225) ~[na:na]
	at org.eclipse.core.runtime.SafeRunner.run(SafeRunner.java:45) ~[org.eclipse.equinox.common_3.10.300.v20190218-2100.jar:na]
	at org.eclipse.debug.internal.core.LaunchManager$ConfigurationNotifier.notify(LaunchManager.java:209) ~[na:na]
	at org.eclipse.debug.internal.core.LaunchManager.launchConfigurationChanged(LaunchManager.java:2151) ~[na:na]
	at org.eclipse.debug.internal.core.LaunchConfigurationWorkingCopy.writeNewFile(LaunchConfigurationWorkingCopy.java:381) ~[na:na]
	at org.eclipse.debug.internal.core.LaunchConfigurationWorkingCopy.doSave0(LaunchConfigurationWorkingCopy.java:258) ~[na:na]
	at org.eclipse.debug.internal.core.LaunchConfigurationWorkingCopy.doSave(LaunchConfigurationWorkingCopy.java:228) ~[na:na]
	at org.eclipse.debug.internal.core.LaunchConfigurationWorkingCopy.doSave(LaunchConfigurationWorkingCopy.java:186) ~[na:na]
	at org.eclipse.m2e.jdt.internal.launch.MavenRuntimeClasspathProvider.disable(MavenRuntimeClasspathProvider.java:354) ~[na:na]
	at org.eclipse.m2e.jdt.internal.launch.MavenRuntimeClasspathProvider.disable(MavenRuntimeClasspathProvider.java:378) ~[na:na]
	at org.eclipse.m2e.jdt.internal.launch.MavenLaunchConfigurationListener.mavenProjectChanged(MavenLaunchConfigurationListener.java:70) ~[na:na]
	at org.eclipse.m2e.core.internal.project.registry.ProjectRegistryManager.notifyProjectChangeListeners(ProjectRegistryManager.java:777) ~[na:na]
	at org.eclipse.m2e.core.internal.project.registry.ProjectRegistryManager.applyMutableProjectRegistry(ProjectRegistryManager.java:921) ~[na:na]
	at org.eclipse.m2e.core.internal.project.registry.ProjectRegistryRefreshJob$1.call(ProjectRegistryRefreshJob.java:98) ~[na:na]
	at org.eclipse.m2e.core.internal.project.registry.ProjectRegistryRefreshJob$1.call(ProjectRegistryRefreshJob.java:1) ~[na:na]
	at org.eclipse.m2e.core.internal.embedder.MavenExecutionContext.executeBare(MavenExecutionContext.java:177) ~[na:na]
	at org.eclipse.m2e.core.internal.embedder.MavenExecutionContext.execute(MavenExecutionContext.java:151) ~[na:na]
	at org.eclipse.m2e.core.internal.embedder.MavenExecutionContext.execute(MavenExecutionContext.java:99) ~[na:na]
	at org.eclipse.m2e.core.internal.embedder.MavenImpl.execute(MavenImpl.java:1336) ~[na:na]
	at org.eclipse.m2e.core.internal.project.registry.ProjectRegistryRefreshJob.run(ProjectRegistryRefreshJob.java:81) ~[na:na]
	at org.eclipse.core.internal.jobs.Worker.run(Worker.java:63) ~[org.eclipse.core.jobs_3.10.300.v20190215-2048.jar:na]
2026-05-11 19:29:05,771 [Worker-0: Building workspace] WARN  o.e.m.c.i.embedder.EclipseLogger - Using platform encoding (Cp1252 actually) to copy filtered resources, i.e. build is platform dependent!
2026-05-11 19:29:05,772 [Worker-0: Building workspace] INFO  o.e.m.c.i.embedder.EclipseLogger - Copying 1 resource
2026-05-11 19:29:05,775 [Worker-0: Building workspace] WARN  o.e.m.c.i.embedder.EclipseLogger - Using platform encoding (Cp1252 actually) to copy filtered resources, i.e. build is platform dependent!
2026-05-11 19:29:05,776 [Worker-0: Building workspace] INFO  o.e.m.c.i.embedder.EclipseLogger - Copying 0 resource
2026-05-11 19:32:38,304 [Worker-26: Building workspace] WARN  o.e.m.c.i.embedder.EclipseLogger - Using platform encoding (Cp1252 actually) to copy filtered resources, i.e. build is platform dependent!
2026-05-11 19:32:38,306 [Worker-26: Building workspace] INFO  o.e.m.c.i.embedder.EclipseLogger - Copying 1 resource
2026-05-11 19:32:38,307 [Worker-26: Building workspace] WARN  o.e.m.c.i.embedder.EclipseLogger - Using platform encoding (Cp1252 actually) to copy filtered resources, i.e. build is platform dependent!
2026-05-11 19:32:38,308 [Worker-26: Building workspace] INFO  o.e.m.c.i.embedder.EclipseLogger - Copying 0 resource
2026-05-11 19:35:06,145 [Worker-27: Building workspace] WARN  o.e.m.c.i.embedder.EclipseLogger - Using platform encoding (Cp1252 actually) to copy filtered resources, i.e. build is platform dependent!
2026-05-11 19:35:06,148 [Worker-27: Building workspace] INFO  o.e.m.c.i.embedder.EclipseLogger - Copying 1 resource
2026-05-11 19:35:06,149 [Worker-27: Building workspace] WARN  o.e.m.c.i.embedder.EclipseLogger - Using platform encoding (Cp1252 actually) to copy filtered resources, i.e. build is platform dependent!
2026-05-11 19:35:06,150 [Worker-27: Building workspace] INFO  o.e.m.c.i.embedder.EclipseLogger - Copying 0 resource
2026-05-11 19:35:23,056 [Worker-26: Building workspace] WARN  o.e.m.c.i.embedder.EclipseLogger - Using platform encoding (Cp1252 actually) to copy filtered resources, i.e. build is platform dependent!
2026-05-11 19:35:23,057 [Worker-26: Building workspace] INFO  o.e.m.c.i.embedder.EclipseLogger - Copying 1 resource
2026-05-11 19:35:23,058 [Worker-26: Building workspace] WARN  o.e.m.c.i.embedder.EclipseLogger - Using platform encoding (Cp1252 actually) to copy filtered resources, i.e. build is platform dependent!
2026-05-11 19:35:23,060 [Worker-26: Building workspace] INFO  o.e.m.c.i.embedder.EclipseLogger - Copying 0 resource
2026-05-11 19:36:14,987 [Worker-26: Building workspace] WARN  o.e.m.c.i.embedder.EclipseLogger - Using platform encoding (Cp1252 actually) to copy filtered resources, i.e. build is platform dependent!
2026-05-11 19:36:14,988 [Worker-26: Building workspace] INFO  o.e.m.c.i.embedder.EclipseLogger - Copying 1 resource
2026-05-11 19:36:15,000 [Worker-26: Building workspace] WARN  o.e.m.c.i.embedder.EclipseLogger - Using platform encoding (Cp1252 actually) to copy filtered resources, i.e. build is platform dependent!
2026-05-11 19:36:15,002 [Worker-26: Building workspace] INFO  o.e.m.c.i.embedder.EclipseLogger - Copying 0 resource
2026-05-11 19:36:17,797 [Worker-27: Building workspace] WARN  o.e.m.c.i.embedder.EclipseLogger - Using platform encoding (Cp1252 actually) to copy filtered resources, i.e. build is platform dependent!
2026-05-11 19:36:17,799 [Worker-27: Building workspace] INFO  o.e.m.c.i.embedder.EclipseLogger - Copying 1 resource
2026-05-11 19:36:17,802 [Worker-27: Building workspace] WARN  o.e.m.c.i.embedder.EclipseLogger - Using platform encoding (Cp1252 actually) to copy filtered resources, i.e. build is platform dependent!
2026-05-11 19:36:17,803 [Worker-27: Building workspace] INFO  o.e.m.c.i.embedder.EclipseLogger - Copying 0 resource
2026-05-11 19:36:30,917 [Worker-27: Building workspace] WARN  o.e.m.c.i.embedder.EclipseLogger - Using platform encoding (Cp1252 actually) to copy filtered resources, i.e. build is platform dependent!
2026-05-11 19:36:30,918 [Worker-27: Building workspace] INFO  o.e.m.c.i.embedder.EclipseLogger - Copying 2 resources
2026-05-11 19:36:30,919 [Worker-27: Building workspace] WARN  o.e.m.c.i.embedder.EclipseLogger - Using platform encoding (Cp1252 actually) to copy filtered resources, i.e. build is platform dependent!
2026-05-11 19:36:30,920 [Worker-27: Building workspace] INFO  o.e.m.c.i.embedder.EclipseLogger - Copying 0 resource
2026-05-12 11:30:37,307 [Worker-1: Loading available Gradle versions] INFO  o.e.b.c.i.u.g.PublishedGradleVersions - Gradle version information cache is up-to-date. Trying to read.
2026-05-13 19:13:21,603 [Worker-2: Loading available Gradle versions] INFO  o.e.b.c.i.u.g.PublishedGradleVersions - Gradle version information cache is up-to-date. Trying to read.
2026-05-13 19:28:31,990 [Worker-11: Building workspace] WARN  o.e.m.c.i.embedder.EclipseLogger - Using platform encoding (Cp1252 actually) to copy filtered resources, i.e. build is platform dependent!
2026-05-13 19:28:31,997 [Worker-11: Building workspace] INFO  o.e.m.c.i.embedder.EclipseLogger - Copying 2 resources
2026-05-13 19:28:32,011 [Worker-11: Building workspace] WARN  o.e.m.c.i.embedder.EclipseLogger - Using platform encoding (Cp1252 actually) to copy filtered resources, i.e. build is platform dependent!
2026-05-13 19:28:32,013 [Worker-11: Building workspace] INFO  o.e.m.c.i.embedder.EclipseLogger - Copying 0 resource
2026-05-14 18:11:10,436 [Worker-0: Loading available Gradle versions] INFO  o.e.b.c.i.u.g.PublishedGradleVersions - Gradle version information cache is up-to-date. Trying to read.
2026-05-14 18:26:15,840 [Worker-2: Building workspace] WARN  o.e.m.c.i.embedder.EclipseLogger - Using platform encoding (Cp1252 actually) to copy filtered resources, i.e. build is platform dependent!
2026-05-14 18:26:15,846 [Worker-2: Building workspace] INFO  o.e.m.c.i.embedder.EclipseLogger - Copying 2 resources
2026-05-14 18:26:15,853 [Worker-2: Building workspace] WARN  o.e.m.c.i.embedder.EclipseLogger - Using platform encoding (Cp1252 actually) to copy filtered resources, i.e. build is platform dependent!
2026-05-14 18:26:15,854 [Worker-2: Building workspace] INFO  o.e.m.c.i.embedder.EclipseLogger - Copying 0 resource
2026-05-14 18:29:43,431 [Worker-15: Building workspace] WARN  o.e.m.c.i.embedder.EclipseLogger - Using platform encoding (Cp1252 actually) to copy filtered resources, i.e. build is platform dependent!
2026-05-14 18:29:43,440 [Worker-15: Building workspace] INFO  o.e.m.c.i.embedder.EclipseLogger - Copying 2 resources
2026-05-14 18:29:43,442 [Worker-15: Building workspace] WARN  o.e.m.c.i.embedder.EclipseLogger - Using platform encoding (Cp1252 actually) to copy filtered resources, i.e. build is platform dependent!
2026-05-14 18:29:43,443 [Worker-15: Building workspace] INFO  o.e.m.c.i.embedder.EclipseLogger - Copying 0 resource
2026-05-14 18:36:30,358 [Worker-18: Building workspace] WARN  o.e.m.c.i.embedder.EclipseLogger - Using platform encoding (Cp1252 actually) to copy filtered resources, i.e. build is platform dependent!
2026-05-14 18:36:30,359 [Worker-18: Building workspace] INFO  o.e.m.c.i.embedder.EclipseLogger - Copying 2 resources
2026-05-14 18:36:30,360 [Worker-18: Building workspace] WARN  o.e.m.c.i.embedder.EclipseLogger - Using platform encoding (Cp1252 actually) to copy filtered resources, i.e. build is platform dependent!
2026-05-14 18:36:30,361 [Worker-18: Building workspace] INFO  o.e.m.c.i.embedder.EclipseLogger - Copying 0 resource
2026-05-14 18:36:47,725 [Worker-19: Building workspace] WARN  o.e.m.c.i.embedder.EclipseLogger - Using platform encoding (Cp1252 actually) to copy filtered resources, i.e. build is platform dependent!
2026-05-14 18:36:47,727 [Worker-19: Building workspace] INFO  o.e.m.c.i.embedder.EclipseLogger - Copying 1 resource
2026-05-14 18:36:47,731 [Worker-19: Building workspace] WARN  o.e.m.c.i.embedder.EclipseLogger - Using platform encoding (Cp1252 actually) to copy filtered resources, i.e. build is platform dependent!
2026-05-14 18:36:47,732 [Worker-19: Building workspace] INFO  o.e.m.c.i.embedder.EclipseLogger - Copying 0 resource
2026-05-14 18:37:51,118 [Worker-18: Building workspace] WARN  o.e.m.c.i.embedder.EclipseLogger - Using platform encoding (Cp1252 actually) to copy filtered resources, i.e. build is platform dependent!
2026-05-14 18:37:51,119 [Worker-18: Building workspace] INFO  o.e.m.c.i.embedder.EclipseLogger - Copying 1 resource
2026-05-14 18:37:51,121 [Worker-18: Building workspace] WARN  o.e.m.c.i.embedder.EclipseLogger - Using platform encoding (Cp1252 actually) to copy filtered resources, i.e. build is platform dependent!
2026-05-14 18:37:51,124 [Worker-18: Building workspace] INFO  o.e.m.c.i.embedder.EclipseLogger - Copying 0 resource
2026-05-14 18:38:25,077 [Worker-16: Building workspace] WARN  o.e.m.c.i.embedder.EclipseLogger - Using platform encoding (Cp1252 actually) to copy filtered resources, i.e. build is platform dependent!
2026-05-14 18:38:25,079 [Worker-16: Building workspace] INFO  o.e.m.c.i.embedder.EclipseLogger - Copying 3 resources
2026-05-14 18:38:25,081 [Worker-16: Building workspace] WARN  o.e.m.c.i.embedder.EclipseLogger - Using platform encoding (Cp1252 actually) to copy filtered resources, i.e. build is platform dependent!
2026-05-14 18:38:25,082 [Worker-16: Building workspace] INFO  o.e.m.c.i.embedder.EclipseLogger - Copying 0 resource
2026-05-14 18:38:59,339 [Worker-19: Building workspace] WARN  o.e.m.c.i.embedder.EclipseLogger - Using platform encoding (Cp1252 actually) to copy filtered resources, i.e. build is platform dependent!
2026-05-14 18:38:59,341 [Worker-19: Building workspace] INFO  o.e.m.c.i.embedder.EclipseLogger - Copying 3 resources
2026-05-14 18:38:59,343 [Worker-19: Building workspace] WARN  o.e.m.c.i.embedder.EclipseLogger - Using platform encoding (Cp1252 actually) to copy filtered resources, i.e. build is platform dependent!
2026-05-14 18:38:59,344 [Worker-19: Building workspace] INFO  o.e.m.c.i.embedder.EclipseLogger - Copying 0 resource
2026-05-14 18:39:12,898 [Worker-19: Building workspace] WARN  o.e.m.c.i.embedder.EclipseLogger - Using platform encoding (Cp1252 actually) to copy filtered resources, i.e. build is platform dependent!
2026-05-14 18:39:12,899 [Worker-19: Building workspace] INFO  o.e.m.c.i.embedder.EclipseLogger - Copying 3 resources
2026-05-14 18:39:12,901 [Worker-19: Building workspace] WARN  o.e.m.c.i.embedder.EclipseLogger - Using platform encoding (Cp1252 actually) to copy filtered resources, i.e. build is platform dependent!
2026-05-14 18:39:12,903 [Worker-19: Building workspace] INFO  o.e.m.c.i.embedder.EclipseLogger - Copying 0 resource
2026-05-14 18:40:05,443 [Worker-16: Building workspace] WARN  o.e.m.c.i.embedder.EclipseLogger - Using platform encoding (Cp1252 actually) to copy filtered resources, i.e. build is platform dependent!
2026-05-14 18:40:05,444 [Worker-16: Building workspace] INFO  o.e.m.c.i.embedder.EclipseLogger - Copying 3 resources
2026-05-14 18:40:05,446 [Worker-16: Building workspace] WARN  o.e.m.c.i.embedder.EclipseLogger - Using platform encoding (Cp1252 actually) to copy filtered resources, i.e. build is platform dependent!
2026-05-14 18:40:05,447 [Worker-16: Building workspace] INFO  o.e.m.c.i.embedder.EclipseLogger - Copying 0 resource
2026-05-14 18:52:13,479 [Worker-21: Building workspace] WARN  o.e.m.c.i.embedder.EclipseLogger - Using platform encoding (Cp1252 actually) to copy filtered resources, i.e. build is platform dependent!
2026-05-14 18:52:13,480 [Worker-21: Building workspace] INFO  o.e.m.c.i.embedder.EclipseLogger - Copying 3 resources
2026-05-14 18:52:13,483 [Worker-21: Building workspace] WARN  o.e.m.c.i.embedder.EclipseLogger - Using platform encoding (Cp1252 actually) to copy filtered resources, i.e. build is platform dependent!
2026-05-14 18:52:13,484 [Worker-21: Building workspace] INFO  o.e.m.c.i.embedder.EclipseLogger - Copying 0 resource
2026-05-14 18:52:21,383 [Worker-21: Building workspace] WARN  o.e.m.c.i.embedder.EclipseLogger - Using platform encoding (Cp1252 actually) to copy filtered resources, i.e. build is platform dependent!
2026-05-14 18:52:21,384 [Worker-21: Building workspace] INFO  o.e.m.c.i.embedder.EclipseLogger - Copying 3 resources
2026-05-14 18:52:21,385 [Worker-21: Building workspace] WARN  o.e.m.c.i.embedder.EclipseLogger - Using platform encoding (Cp1252 actually) to copy filtered resources, i.e. build is platform dependent!
2026-05-14 18:52:21,386 [Worker-21: Building workspace] INFO  o.e.m.c.i.embedder.EclipseLogger - Copying 0 resource
2026-05-14 18:52:56,508 [Worker-23: Building workspace] WARN  o.e.m.c.i.embedder.EclipseLogger - Using platform encoding (Cp1252 actually) to copy filtered resources, i.e. build is platform dependent!
2026-05-14 18:52:56,509 [Worker-23: Building workspace] INFO  o.e.m.c.i.embedder.EclipseLogger - Copying 3 resources
2026-05-14 18:52:56,511 [Worker-23: Building workspace] WARN  o.e.m.c.i.embedder.EclipseLogger - Using platform encoding (Cp1252 actually) to copy filtered resources, i.e. build is platform dependent!
2026-05-14 18:52:56,512 [Worker-23: Building workspace] INFO  o.e.m.c.i.embedder.EclipseLogger - Copying 0 resource
2026-05-14 18:52:59,752 [Worker-24: Building workspace] WARN  o.e.m.c.i.embedder.EclipseLogger - Using platform encoding (Cp1252 actually) to copy filtered resources, i.e. build is platform dependent!
2026-05-14 18:52:59,753 [Worker-24: Building workspace] INFO  o.e.m.c.i.embedder.EclipseLogger - Copying 3 resources
2026-05-14 18:52:59,755 [Worker-24: Building workspace] WARN  o.e.m.c.i.embedder.EclipseLogger - Using platform encoding (Cp1252 actually) to copy filtered resources, i.e. build is platform dependent!
2026-05-14 18:52:59,756 [Worker-24: Building workspace] INFO  o.e.m.c.i.embedder.EclipseLogger - Copying 0 resource
2026-05-14 18:53:12,069 [Worker-19: Building workspace] WARN  o.e.m.c.i.embedder.EclipseLogger - Using platform encoding (Cp1252 actually) to copy filtered resources, i.e. build is platform dependent!
2026-05-14 18:53:12,070 [Worker-19: Building workspace] INFO  o.e.m.c.i.embedder.EclipseLogger - Copying 3 resources
2026-05-14 18:53:12,071 [Worker-19: Building workspace] WARN  o.e.m.c.i.embedder.EclipseLogger - Using platform encoding (Cp1252 actually) to copy filtered resources, i.e. build is platform dependent!
2026-05-14 18:53:12,075 [Worker-19: Building workspace] INFO  o.e.m.c.i.embedder.EclipseLogger - Copying 0 resource
2026-05-14 18:55:46,433 [Worker-23: Launching TestOrder1] WARN  o.e.m.c.i.embedder.EclipseLogger - Using platform encoding (Cp1252 actually) to copy filtered resources, i.e. build is platform dependent!
2026-05-14 18:55:46,434 [Worker-23: Launching TestOrder1] INFO  o.e.m.c.i.embedder.EclipseLogger - Copying 3 resources
2026-05-14 18:55:46,436 [Worker-23: Launching TestOrder1] WARN  o.e.m.c.i.embedder.EclipseLogger - Using platform encoding (Cp1252 actually) to copy filtered resources, i.e. build is platform dependent!
2026-05-14 18:55:46,436 [Worker-23: Launching TestOrder1] INFO  o.e.m.c.i.embedder.EclipseLogger - Copying 0 resource
2026-05-14 18:56:19,402 [Worker-26: Building workspace] WARN  o.e.m.c.i.embedder.EclipseLogger - Using platform encoding (Cp1252 actually) to copy filtered resources, i.e. build is platform dependent!
2026-05-14 18:56:19,404 [Worker-26: Building workspace] INFO  o.e.m.c.i.embedder.EclipseLogger - Copying 3 resources
2026-05-14 18:56:19,407 [Worker-26: Building workspace] WARN  o.e.m.c.i.embedder.EclipseLogger - Using platform encoding (Cp1252 actually) to copy filtered resources, i.e. build is platform dependent!
2026-05-14 18:56:19,408 [Worker-26: Building workspace] INFO  o.e.m.c.i.embedder.EclipseLogger - Copying 0 resource
2026-05-14 18:57:12,585 [Worker-26: Building workspace] WARN  o.e.m.c.i.embedder.EclipseLogger - Using platform encoding (Cp1252 actually) to copy filtered resources, i.e. build is platform dependent!
2026-05-14 18:57:12,588 [Worker-26: Building workspace] INFO  o.e.m.c.i.embedder.EclipseLogger - Copying 3 resources
2026-05-14 18:57:12,591 [Worker-26: Building workspace] WARN  o.e.m.c.i.embedder.EclipseLogger - Using platform encoding (Cp1252 actually) to copy filtered resources, i.e. build is platform dependent!
2026-05-14 18:57:12,592 [Worker-26: Building workspace] INFO  o.e.m.c.i.embedder.EclipseLogger - Copying 0 resource
2026-05-14 18:57:15,649 [Worker-23: Building workspace] WARN  o.e.m.c.i.embedder.EclipseLogger - Using platform encoding (Cp1252 actually) to copy filtered resources, i.e. build is platform dependent!
2026-05-14 18:57:15,650 [Worker-23: Building workspace] INFO  o.e.m.c.i.embedder.EclipseLogger - Copying 3 resources
2026-05-14 18:57:15,652 [Worker-23: Building workspace] WARN  o.e.m.c.i.embedder.EclipseLogger - Using platform encoding (Cp1252 actually) to copy filtered resources, i.e. build is platform dependent!
2026-05-14 18:57:15,654 [Worker-23: Building workspace] INFO  o.e.m.c.i.embedder.EclipseLogger - Copying 0 resource
2026-05-14 18:57:32,427 [Worker-26: Building workspace] WARN  o.e.m.c.i.embedder.EclipseLogger - Using platform encoding (Cp1252 actually) to copy filtered resources, i.e. build is platform dependent!
2026-05-14 18:57:32,429 [Worker-26: Building workspace] INFO  o.e.m.c.i.embedder.EclipseLogger - Copying 3 resources
2026-05-14 18:57:32,430 [Worker-26: Building workspace] WARN  o.e.m.c.i.embedder.EclipseLogger - Using platform encoding (Cp1252 actually) to copy filtered resources, i.e. build is platform dependent!
2026-05-14 18:57:32,431 [Worker-26: Building workspace] INFO  o.e.m.c.i.embedder.EclipseLogger - Copying 0 resource
2026-05-14 18:57:39,220 [Worker-26: Building workspace] WARN  o.e.m.c.i.embedder.EclipseLogger - Using platform encoding (Cp1252 actually) to copy filtered resources, i.e. build is platform dependent!
2026-05-14 18:57:39,222 [Worker-26: Building workspace] INFO  o.e.m.c.i.embedder.EclipseLogger - Copying 3 resources
2026-05-14 18:57:39,224 [Worker-26: Building workspace] WARN  o.e.m.c.i.embedder.EclipseLogger - Using platform encoding (Cp1252 actually) to copy filtered resources, i.e. build is platform dependent!
2026-05-14 18:57:39,225 [Worker-26: Building workspace] INFO  o.e.m.c.i.embedder.EclipseLogger - Copying 0 resource
2026-05-14 18:57:52,305 [Worker-27: Building workspace] WARN  o.e.m.c.i.embedder.EclipseLogger - Using platform encoding (Cp1252 actually) to copy filtered resources, i.e. build is platform dependent!
2026-05-14 18:57:52,306 [Worker-27: Building workspace] INFO  o.e.m.c.i.embedder.EclipseLogger - Copying 3 resources
2026-05-14 18:57:52,307 [Worker-27: Building workspace] WARN  o.e.m.c.i.embedder.EclipseLogger - Using platform encoding (Cp1252 actually) to copy filtered resources, i.e. build is platform dependent!
2026-05-14 18:57:52,308 [Worker-27: Building workspace] INFO  o.e.m.c.i.embedder.EclipseLogger - Copying 0 resource
2026-05-14 18:58:22,925 [Worker-23: Building workspace] WARN  o.e.m.c.i.embedder.EclipseLogger - Using platform encoding (Cp1252 actually) to copy filtered resources, i.e. build is platform dependent!
2026-05-14 18:58:22,931 [Worker-23: Building workspace] INFO  o.e.m.c.i.embedder.EclipseLogger - Copying 1 resource
2026-05-14 18:58:22,945 [Worker-23: Building workspace] WARN  o.e.m.c.i.embedder.EclipseLogger - Using platform encoding (Cp1252 actually) to copy filtered resources, i.e. build is platform dependent!
2026-05-14 18:58:22,945 [Worker-23: Building workspace] INFO  o.e.m.c.i.embedder.EclipseLogger - Copying 0 resource
2026-05-14 18:58:30,182 [Worker-18: Building workspace] WARN  o.e.m.c.i.embedder.EclipseLogger - Using platform encoding (Cp1252 actually) to copy filtered resources, i.e. build is platform dependent!
2026-05-14 18:58:30,183 [Worker-18: Building workspace] INFO  o.e.m.c.i.embedder.EclipseLogger - Copying 1 resource
2026-05-14 18:58:30,187 [Worker-18: Building workspace] WARN  o.e.m.c.i.embedder.EclipseLogger - Using platform encoding (Cp1252 actually) to copy filtered resources, i.e. build is platform dependent!
2026-05-14 18:58:30,188 [Worker-18: Building workspace] INFO  o.e.m.c.i.embedder.EclipseLogger - Copying 0 resource
2026-05-14 22:14:09,910 [Worker-2: Loading available Gradle versions] INFO  o.e.b.c.i.u.g.PublishedGradleVersions - Gradle version information cache is up-to-date. Trying to read.
2026-05-14 23:14:05,331 [Worker-18: Building workspace] WARN  o.e.m.c.i.embedder.EclipseLogger - Using platform encoding (Cp1252 actually) to copy filtered resources, i.e. build is platform dependent!
2026-05-14 23:14:05,460 [Worker-18: Building workspace] INFO  o.e.m.c.i.embedder.EclipseLogger - Copying 4 resources
2026-05-14 23:14:05,466 [Worker-18: Building workspace] WARN  o.e.m.c.i.embedder.EclipseLogger - Using platform encoding (Cp1252 actually) to copy filtered resources, i.e. build is platform dependent!
2026-05-14 23:14:05,467 [Worker-18: Building workspace] INFO  o.e.m.c.i.embedder.EclipseLogger - Copying 0 resource
2026-05-14 23:14:23,817 [Worker-29: Building workspace] WARN  o.e.m.c.i.embedder.EclipseLogger - Using platform encoding (Cp1252 actually) to copy filtered resources, i.e. build is platform dependent!
2026-05-14 23:14:23,821 [Worker-29: Building workspace] INFO  o.e.m.c.i.embedder.EclipseLogger - Copying 4 resources
2026-05-14 23:14:23,824 [Worker-29: Building workspace] WARN  o.e.m.c.i.embedder.EclipseLogger - Using platform encoding (Cp1252 actually) to copy filtered resources, i.e. build is platform dependent!
2026-05-14 23:14:23,825 [Worker-29: Building workspace] INFO  o.e.m.c.i.embedder.EclipseLogger - Copying 0 resource
2026-05-14 23:14:31,021 [Worker-29: Building workspace] WARN  o.e.m.c.i.embedder.EclipseLogger - Using platform encoding (Cp1252 actually) to copy filtered resources, i.e. build is platform dependent!
2026-05-14 23:14:31,022 [Worker-29: Building workspace] INFO  o.e.m.c.i.embedder.EclipseLogger - Copying 4 resources
2026-05-14 23:14:31,024 [Worker-29: Building workspace] WARN  o.e.m.c.i.embedder.EclipseLogger - Using platform encoding (Cp1252 actually) to copy filtered resources, i.e. build is platform dependent!
2026-05-14 23:14:31,024 [Worker-29: Building workspace] INFO  o.e.m.c.i.embedder.EclipseLogger - Copying 0 resource
2026-05-14 23:14:53,938 [Worker-18: Building workspace] WARN  o.e.m.c.i.embedder.EclipseLogger - Using platform encoding (Cp1252 actually) to copy filtered resources, i.e. build is platform dependent!
2026-05-14 23:14:53,940 [Worker-18: Building workspace] INFO  o.e.m.c.i.embedder.EclipseLogger - Copying 4 resources
2026-05-14 23:14:53,941 [Worker-18: Building workspace] WARN  o.e.m.c.i.embedder.EclipseLogger - Using platform encoding (Cp1252 actually) to copy filtered resources, i.e. build is platform dependent!
2026-05-14 23:14:53,949 [Worker-18: Building workspace] INFO  o.e.m.c.i.embedder.EclipseLogger - Copying 0 resource
2026-05-14 23:15:06,968 [Worker-18: Building workspace] WARN  o.e.m.c.i.embedder.EclipseLogger - Using platform encoding (Cp1252 actually) to copy filtered resources, i.e. build is platform dependent!
2026-05-14 23:15:06,969 [Worker-18: Building workspace] INFO  o.e.m.c.i.embedder.EclipseLogger - Copying 4 resources
2026-05-14 23:15:06,970 [Worker-18: Building workspace] WARN  o.e.m.c.i.embedder.EclipseLogger - Using platform encoding (Cp1252 actually) to copy filtered resources, i.e. build is platform dependent!
2026-05-14 23:15:06,972 [Worker-18: Building workspace] INFO  o.e.m.c.i.embedder.EclipseLogger - Copying 0 resource
2026-05-14 23:15:14,099 [Worker-29: Building workspace] WARN  o.e.m.c.i.embedder.EclipseLogger - Using platform encoding (Cp1252 actually) to copy filtered resources, i.e. build is platform dependent!
2026-05-14 23:15:14,103 [Worker-29: Building workspace] INFO  o.e.m.c.i.embedder.EclipseLogger - Copying 4 resources
2026-05-14 23:15:14,105 [Worker-29: Building workspace] WARN  o.e.m.c.i.embedder.EclipseLogger - Using platform encoding (Cp1252 actually) to copy filtered resources, i.e. build is platform dependent!
2026-05-14 23:15:14,107 [Worker-29: Building workspace] INFO  o.e.m.c.i.embedder.EclipseLogger - Copying 0 resource
2026-05-14 23:15:18,592 [Worker-18: Building workspace] WARN  o.e.m.c.i.embedder.EclipseLogger - Using platform encoding (Cp1252 actually) to copy filtered resources, i.e. build is platform dependent!
2026-05-14 23:15:18,594 [Worker-18: Building workspace] INFO  o.e.m.c.i.embedder.EclipseLogger - Copying 4 resources
2026-05-14 23:15:18,596 [Worker-18: Building workspace] WARN  o.e.m.c.i.embedder.EclipseLogger - Using platform encoding (Cp1252 actually) to copy filtered resources, i.e. build is platform dependent!
2026-05-14 23:15:18,599 [Worker-18: Building workspace] INFO  o.e.m.c.i.embedder.EclipseLogger - Copying 0 resource
2026-05-14 23:15:40,064 [Worker-18: Building workspace] WARN  o.e.m.c.i.embedder.EclipseLogger - Using platform encoding (Cp1252 actually) to copy filtered resources, i.e. build is platform dependent!
2026-05-14 23:15:40,065 [Worker-18: Building workspace] INFO  o.e.m.c.i.embedder.EclipseLogger - Copying 4 resources
2026-05-14 23:15:40,067 [Worker-18: Building workspace] WARN  o.e.m.c.i.embedder.EclipseLogger - Using platform encoding (Cp1252 actually) to copy filtered resources, i.e. build is platform dependent!
2026-05-14 23:15:40,069 [Worker-18: Building workspace] INFO  o.e.m.c.i.embedder.EclipseLogger - Copying 0 resource
2026-05-14 23:15:53,930 [Worker-33: Building workspace] WARN  o.e.m.c.i.embedder.EclipseLogger - Using platform encoding (Cp1252 actually) to copy filtered resources, i.e. build is platform dependent!
2026-05-14 23:15:53,934 [Worker-33: Building workspace] INFO  o.e.m.c.i.embedder.EclipseLogger - Copying 4 resources
2026-05-14 23:15:53,937 [Worker-33: Building workspace] WARN  o.e.m.c.i.embedder.EclipseLogger - Using platform encoding (Cp1252 actually) to copy filtered resources, i.e. build is platform dependent!
2026-05-14 23:15:53,938 [Worker-33: Building workspace] INFO  o.e.m.c.i.embedder.EclipseLogger - Copying 0 resource
2026-05-14 23:19:32,171 [Worker-30: Building workspace] WARN  o.e.m.c.i.embedder.EclipseLogger - Using platform encoding (Cp1252 actually) to copy filtered resources, i.e. build is platform dependent!
2026-05-14 23:19:32,176 [Worker-30: Building workspace] INFO  o.e.m.c.i.embedder.EclipseLogger - Copying 4 resources
2026-05-14 23:19:32,178 [Worker-30: Building workspace] WARN  o.e.m.c.i.embedder.EclipseLogger - Using platform encoding (Cp1252 actually) to copy filtered resources, i.e. build is platform dependent!
2026-05-14 23:19:32,179 [Worker-30: Building workspace] INFO  o.e.m.c.i.embedder.EclipseLogger - Copying 0 resource
2026-05-14 23:19:39,910 [Worker-30: Building workspace] WARN  o.e.m.c.i.embedder.EclipseLogger - Using platform encoding (Cp1252 actually) to copy filtered resources, i.e. build is platform dependent!
2026-05-14 23:19:39,911 [Worker-30: Building workspace] INFO  o.e.m.c.i.embedder.EclipseLogger - Copying 4 resources
2026-05-14 23:19:39,914 [Worker-30: Building workspace] WARN  o.e.m.c.i.embedder.EclipseLogger - Using platform encoding (Cp1252 actually) to copy filtered resources, i.e. build is platform dependent!
2026-05-14 23:19:39,915 [Worker-30: Building workspace] INFO  o.e.m.c.i.embedder.EclipseLogger - Copying 0 resource
2026-05-14 23:20:16,477 [Worker-35: Building workspace] WARN  o.e.m.c.i.embedder.EclipseLogger - Using platform encoding (Cp1252 actually) to copy filtered resources, i.e. build is platform dependent!
2026-05-14 23:20:16,480 [Worker-35: Building workspace] INFO  o.e.m.c.i.embedder.EclipseLogger - Copying 4 resources
2026-05-14 23:20:16,482 [Worker-35: Building workspace] WARN  o.e.m.c.i.embedder.EclipseLogger - Using platform encoding (Cp1252 actually) to copy filtered resources, i.e. build is platform dependent!
2026-05-14 23:20:16,483 [Worker-35: Building workspace] INFO  o.e.m.c.i.embedder.EclipseLogger - Copying 0 resource
2026-05-14 23:20:33,780 [Worker-35: Building workspace] WARN  o.e.m.c.i.embedder.EclipseLogger - Using platform encoding (Cp1252 actually) to copy filtered resources, i.e. build is platform dependent!
2026-05-14 23:20:33,783 [Worker-35: Building workspace] INFO  o.e.m.c.i.embedder.EclipseLogger - Copying 4 resources
2026-05-14 23:20:33,786 [Worker-35: Building workspace] WARN  o.e.m.c.i.embedder.EclipseLogger - Using platform encoding (Cp1252 actually) to copy filtered resources, i.e. build is platform dependent!
2026-05-14 23:20:33,786 [Worker-35: Building workspace] INFO  o.e.m.c.i.embedder.EclipseLogger - Copying 0 resource
2026-05-14 23:20:52,311 [Worker-34: Building workspace] WARN  o.e.m.c.i.embedder.EclipseLogger - Using platform encoding (Cp1252 actually) to copy filtered resources, i.e. build is platform dependent!
2026-05-14 23:20:52,312 [Worker-34: Building workspace] INFO  o.e.m.c.i.embedder.EclipseLogger - Copying 4 resources
2026-05-14 23:20:52,314 [Worker-34: Building workspace] WARN  o.e.m.c.i.embedder.EclipseLogger - Using platform encoding (Cp1252 actually) to copy filtered resources, i.e. build is platform dependent!
2026-05-14 23:20:52,315 [Worker-34: Building workspace] INFO  o.e.m.c.i.embedder.EclipseLogger - Copying 0 resource
2026-05-14 23:20:59,916 [Worker-30: Building workspace] WARN  o.e.m.c.i.embedder.EclipseLogger - Using platform encoding (Cp1252 actually) to copy filtered resources, i.e. build is platform dependent!
2026-05-14 23:20:59,918 [Worker-30: Building workspace] INFO  o.e.m.c.i.embedder.EclipseLogger - Copying 4 resources
2026-05-14 23:20:59,920 [Worker-30: Building workspace] WARN  o.e.m.c.i.embedder.EclipseLogger - Using platform encoding (Cp1252 actually) to copy filtered resources, i.e. build is platform dependent!
2026-05-14 23:20:59,922 [Worker-30: Building workspace] INFO  o.e.m.c.i.embedder.EclipseLogger - Copying 0 resource
2026-05-14 23:21:25,801 [Worker-29: Building workspace] WARN  o.e.m.c.i.embedder.EclipseLogger - Using platform encoding (Cp1252 actually) to copy filtered resources, i.e. build is platform dependent!
2026-05-14 23:21:25,802 [Worker-29: Building workspace] INFO  o.e.m.c.i.embedder.EclipseLogger - Copying 4 resources
2026-05-14 23:21:25,807 [Worker-29: Building workspace] WARN  o.e.m.c.i.embedder.EclipseLogger - Using platform encoding (Cp1252 actually) to copy filtered resources, i.e. build is platform dependent!
2026-05-14 23:21:25,808 [Worker-29: Building workspace] INFO  o.e.m.c.i.embedder.EclipseLogger - Copying 0 resource
2026-05-14 23:21:33,242 [Worker-34: Building workspace] WARN  o.e.m.c.i.embedder.EclipseLogger - Using platform encoding (Cp1252 actually) to copy filtered resources, i.e. build is platform dependent!
2026-05-14 23:21:33,243 [Worker-34: Building workspace] INFO  o.e.m.c.i.embedder.EclipseLogger - Copying 4 resources
2026-05-14 23:21:33,245 [Worker-34: Building workspace] WARN  o.e.m.c.i.embedder.EclipseLogger - Using platform encoding (Cp1252 actually) to copy filtered resources, i.e. build is platform dependent!
2026-05-14 23:21:33,246 [Worker-34: Building workspace] INFO  o.e.m.c.i.embedder.EclipseLogger - Copying 0 resource
2026-05-14 23:21:58,940 [Worker-35: Building workspace] WARN  o.e.m.c.i.embedder.EclipseLogger - Using platform encoding (Cp1252 actually) to copy filtered resources, i.e. build is platform dependent!
2026-05-14 23:21:58,943 [Worker-35: Building workspace] INFO  o.e.m.c.i.embedder.EclipseLogger - Copying 1 resource
2026-05-14 23:21:58,948 [Worker-35: Building workspace] WARN  o.e.m.c.i.embedder.EclipseLogger - Using platform encoding (Cp1252 actually) to copy filtered resources, i.e. build is platform dependent!
2026-05-14 23:21:58,949 [Worker-35: Building workspace] INFO  o.e.m.c.i.embedder.EclipseLogger - Copying 0 resource
2026-05-14 23:22:07,205 [Worker-29: Building workspace] WARN  o.e.m.c.i.embedder.EclipseLogger - Using platform encoding (Cp1252 actually) to copy filtered resources, i.e. build is platform dependent!
2026-05-14 23:22:07,207 [Worker-29: Building workspace] INFO  o.e.m.c.i.embedder.EclipseLogger - Copying 1 resource
2026-05-14 23:22:07,212 [Worker-29: Building workspace] WARN  o.e.m.c.i.embedder.EclipseLogger - Using platform encoding (Cp1252 actually) to copy filtered resources, i.e. build is platform dependent!
2026-05-14 23:22:07,214 [Worker-29: Building workspace] INFO  o.e.m.c.i.embedder.EclipseLogger - Copying 0 resource
2026-05-14 23:22:16,712 [Worker-35: Building workspace] WARN  o.e.m.c.i.embedder.EclipseLogger - Using platform encoding (Cp1252 actually) to copy filtered resources, i.e. build is platform dependent!
2026-05-14 23:22:16,714 [Worker-35: Building workspace] INFO  o.e.m.c.i.embedder.EclipseLogger - Copying 5 resources
2026-05-14 23:22:16,716 [Worker-35: Building workspace] WARN  o.e.m.c.i.embedder.EclipseLogger - Using platform encoding (Cp1252 actually) to copy filtered resources, i.e. build is platform dependent!
2026-05-14 23:22:16,717 [Worker-35: Building workspace] INFO  o.e.m.c.i.embedder.EclipseLogger - Copying 0 resource
2026-05-14 23:28:31,577 [Worker-29: Building workspace] WARN  o.e.m.c.i.embedder.EclipseLogger - Using platform encoding (Cp1252 actually) to copy filtered resources, i.e. build is platform dependent!
2026-05-14 23:28:31,580 [Worker-29: Building workspace] INFO  o.e.m.c.i.embedder.EclipseLogger - Copying 1 resource
2026-05-14 23:28:31,583 [Worker-29: Building workspace] WARN  o.e.m.c.i.embedder.EclipseLogger - Using platform encoding (Cp1252 actually) to copy filtered resources, i.e. build is platform dependent!
2026-05-14 23:28:31,584 [Worker-29: Building workspace] INFO  o.e.m.c.i.embedder.EclipseLogger - Copying 0 resource
2026-05-14 23:28:40,482 [Worker-29: Building workspace] WARN  o.e.m.c.i.embedder.EclipseLogger - Using platform encoding (Cp1252 actually) to copy filtered resources, i.e. build is platform dependent!
2026-05-14 23:28:40,484 [Worker-29: Building workspace] INFO  o.e.m.c.i.embedder.EclipseLogger - Copying 1 resource
2026-05-14 23:28:40,488 [Worker-29: Building workspace] WARN  o.e.m.c.i.embedder.EclipseLogger - Using platform encoding (Cp1252 actually) to copy filtered resources, i.e. build is platform dependent!
2026-05-14 23:28:40,489 [Worker-29: Building workspace] INFO  o.e.m.c.i.embedder.EclipseLogger - Copying 0 resource
2026-05-14 23:29:02,680 [Worker-37: Building workspace] WARN  o.e.m.c.i.embedder.EclipseLogger - Using platform encoding (Cp1252 actually) to copy filtered resources, i.e. build is platform dependent!
2026-05-14 23:29:02,681 [Worker-37: Building workspace] INFO  o.e.m.c.i.embedder.EclipseLogger - Copying 1 resource
2026-05-14 23:29:02,683 [Worker-37: Building workspace] WARN  o.e.m.c.i.embedder.EclipseLogger - Using platform encoding (Cp1252 actually) to copy filtered resources, i.e. build is platform dependent!
2026-05-14 23:29:02,685 [Worker-37: Building workspace] INFO  o.e.m.c.i.embedder.EclipseLogger - Copying 0 resource
2026-05-14 23:29:13,278 [Worker-29: Building workspace] WARN  o.e.m.c.i.embedder.EclipseLogger - Using platform encoding (Cp1252 actually) to copy filtered resources, i.e. build is platform dependent!
2026-05-14 23:29:13,280 [Worker-29: Building workspace] INFO  o.e.m.c.i.embedder.EclipseLogger - Copying 1 resource
2026-05-14 23:29:13,286 [Worker-29: Building workspace] WARN  o.e.m.c.i.embedder.EclipseLogger - Using platform encoding (Cp1252 actually) to copy filtered resources, i.e. build is platform dependent!
2026-05-14 23:29:13,287 [Worker-29: Building workspace] INFO  o.e.m.c.i.embedder.EclipseLogger - Copying 0 resource
2026-05-14 23:30:08,907 [Worker-37: Building workspace] WARN  o.e.m.c.i.embedder.EclipseLogger - Using platform encoding (Cp1252 actually) to copy filtered resources, i.e. build is platform dependent!
2026-05-14 23:30:08,908 [Worker-37: Building workspace] INFO  o.e.m.c.i.embedder.EclipseLogger - Copying 7 resources
2026-05-14 23:30:08,910 [Worker-37: Building workspace] WARN  o.e.m.c.i.embedder.EclipseLogger - Using platform encoding (Cp1252 actually) to copy filtered resources, i.e. build is platform dependent!
2026-05-14 23:30:08,912 [Worker-37: Building workspace] INFO  o.e.m.c.i.embedder.EclipseLogger - Copying 0 resource
2026-05-14 23:30:32,651 [Worker-29: Building workspace] WARN  o.e.m.c.i.embedder.EclipseLogger - Using platform encoding (Cp1252 actually) to copy filtered resources, i.e. build is platform dependent!
2026-05-14 23:30:32,652 [Worker-29: Building workspace] INFO  o.e.m.c.i.embedder.EclipseLogger - Copying 7 resources
2026-05-14 23:30:32,655 [Worker-29: Building workspace] WARN  o.e.m.c.i.embedder.EclipseLogger - Using platform encoding (Cp1252 actually) to copy filtered resources, i.e. build is platform dependent!
2026-05-14 23:30:32,656 [Worker-29: Building workspace] INFO  o.e.m.c.i.embedder.EclipseLogger - Copying 0 resource
2026-05-14 23:30:39,639 [Worker-35: Building workspace] WARN  o.e.m.c.i.embedder.EclipseLogger - Using platform encoding (Cp1252 actually) to copy filtered resources, i.e. build is platform dependent!
2026-05-14 23:30:39,641 [Worker-35: Building workspace] INFO  o.e.m.c.i.embedder.EclipseLogger - Copying 7 resources
2026-05-14 23:30:39,642 [Worker-35: Building workspace] WARN  o.e.m.c.i.embedder.EclipseLogger - Using platform encoding (Cp1252 actually) to copy filtered resources, i.e. build is platform dependent!
2026-05-14 23:30:39,643 [Worker-35: Building workspace] INFO  o.e.m.c.i.embedder.EclipseLogger - Copying 0 resource
2026-05-14 23:30:55,275 [Worker-30: Building workspace] WARN  o.e.m.c.i.embedder.EclipseLogger - Using platform encoding (Cp1252 actually) to copy filtered resources, i.e. build is platform dependent!
2026-05-14 23:30:55,276 [Worker-30: Building workspace] INFO  o.e.m.c.i.embedder.EclipseLogger - Copying 7 resources
2026-05-14 23:30:55,279 [Worker-30: Building workspace] WARN  o.e.m.c.i.embedder.EclipseLogger - Using platform encoding (Cp1252 actually) to copy filtered resources, i.e. build is platform dependent!
2026-05-14 23:30:55,280 [Worker-30: Building workspace] INFO  o.e.m.c.i.embedder.EclipseLogger - Copying 0 resource
2026-05-14 23:31:02,491 [Worker-35: Building workspace] WARN  o.e.m.c.i.embedder.EclipseLogger - Using platform encoding (Cp1252 actually) to copy filtered resources, i.e. build is platform dependent!
2026-05-14 23:31:02,493 [Worker-35: Building workspace] INFO  o.e.m.c.i.embedder.EclipseLogger - Copying 7 resources
2026-05-14 23:31:02,496 [Worker-35: Building workspace] WARN  o.e.m.c.i.embedder.EclipseLogger - Using platform encoding (Cp1252 actually) to copy filtered resources, i.e. build is platform dependent!
2026-05-14 23:31:02,497 [Worker-35: Building workspace] INFO  o.e.m.c.i.embedder.EclipseLogger - Copying 0 resource
2026-05-14 23:31:17,317 [Worker-35: Building workspace] WARN  o.e.m.c.i.embedder.EclipseLogger - Using platform encoding (Cp1252 actually) to copy filtered resources, i.e. build is platform dependent!
2026-05-14 23:31:17,318 [Worker-35: Building workspace] INFO  o.e.m.c.i.embedder.EclipseLogger - Copying 7 resources
2026-05-14 23:31:17,321 [Worker-35: Building workspace] WARN  o.e.m.c.i.embedder.EclipseLogger - Using platform encoding (Cp1252 actually) to copy filtered resources, i.e. build is platform dependent!
2026-05-14 23:31:17,322 [Worker-35: Building workspace] INFO  o.e.m.c.i.embedder.EclipseLogger - Copying 0 resource
2026-05-14 23:31:25,966 [Worker-37: Building workspace] WARN  o.e.m.c.i.embedder.EclipseLogger - Using platform encoding (Cp1252 actually) to copy filtered resources, i.e. build is platform dependent!
2026-05-14 23:31:25,969 [Worker-37: Building workspace] INFO  o.e.m.c.i.embedder.EclipseLogger - Copying 7 resources
2026-05-14 23:31:25,973 [Worker-37: Building workspace] WARN  o.e.m.c.i.embedder.EclipseLogger - Using platform encoding (Cp1252 actually) to copy filtered resources, i.e. build is platform dependent!
2026-05-14 23:31:25,975 [Worker-37: Building workspace] INFO  o.e.m.c.i.embedder.EclipseLogger - Copying 0 resource
2026-05-14 23:31:43,884 [Worker-30: Building workspace] WARN  o.e.m.c.i.embedder.EclipseLogger - Using platform encoding (Cp1252 actually) to copy filtered resources, i.e. build is platform dependent!
2026-05-14 23:31:43,886 [Worker-30: Building workspace] INFO  o.e.m.c.i.embedder.EclipseLogger - Copying 7 resources
2026-05-14 23:31:43,888 [Worker-30: Building workspace] WARN  o.e.m.c.i.embedder.EclipseLogger - Using platform encoding (Cp1252 actually) to copy filtered resources, i.e. build is platform dependent!
2026-05-14 23:31:43,890 [Worker-30: Building workspace] INFO  o.e.m.c.i.embedder.EclipseLogger - Copying 0 resource
2026-05-14 23:31:50,853 [Worker-35: Building workspace] WARN  o.e.m.c.i.embedder.EclipseLogger - Using platform encoding (Cp1252 actually) to copy filtered resources, i.e. build is platform dependent!
2026-05-14 23:31:50,855 [Worker-35: Building workspace] INFO  o.e.m.c.i.embedder.EclipseLogger - Copying 7 resources
2026-05-14 23:31:50,857 [Worker-35: Building workspace] WARN  o.e.m.c.i.embedder.EclipseLogger - Using platform encoding (Cp1252 actually) to copy filtered resources, i.e. build is platform dependent!
2026-05-14 23:31:50,858 [Worker-35: Building workspace] INFO  o.e.m.c.i.embedder.EclipseLogger - Copying 0 resource
2026-05-14 23:32:17,996 [Worker-38: Building workspace] WARN  o.e.m.c.i.embedder.EclipseLogger - Using platform encoding (Cp1252 actually) to copy filtered resources, i.e. build is platform dependent!
2026-05-14 23:32:17,998 [Worker-38: Building workspace] INFO  o.e.m.c.i.embedder.EclipseLogger - Copying 7 resources
2026-05-14 23:32:18,001 [Worker-38: Building workspace] WARN  o.e.m.c.i.embedder.EclipseLogger - Using platform encoding (Cp1252 actually) to copy filtered resources, i.e. build is platform dependent!
2026-05-14 23:32:18,002 [Worker-38: Building workspace] INFO  o.e.m.c.i.embedder.EclipseLogger - Copying 0 resource
2026-05-14 23:33:02,605 [Worker-30: Building workspace] WARN  o.e.m.c.i.embedder.EclipseLogger - Using platform encoding (Cp1252 actually) to copy filtered resources, i.e. build is platform dependent!
2026-05-14 23:33:02,607 [Worker-30: Building workspace] INFO  o.e.m.c.i.embedder.EclipseLogger - Copying 7 resources
2026-05-14 23:33:02,609 [Worker-30: Building workspace] WARN  o.e.m.c.i.embedder.EclipseLogger - Using platform encoding (Cp1252 actually) to copy filtered resources, i.e. build is platform dependent!
2026-05-14 23:33:02,611 [Worker-30: Building workspace] INFO  o.e.m.c.i.embedder.EclipseLogger - Copying 0 resource
2026-05-14 23:33:22,179 [Worker-38: Building workspace] WARN  o.e.m.c.i.embedder.EclipseLogger - Using platform encoding (Cp1252 actually) to copy filtered resources, i.e. build is platform dependent!
2026-05-14 23:33:22,181 [Worker-38: Building workspace] INFO  o.e.m.c.i.embedder.EclipseLogger - Copying 7 resources
2026-05-14 23:33:22,183 [Worker-38: Building workspace] WARN  o.e.m.c.i.embedder.EclipseLogger - Using platform encoding (Cp1252 actually) to copy filtered resources, i.e. build is platform dependent!
2026-05-14 23:33:22,183 [Worker-38: Building workspace] INFO  o.e.m.c.i.embedder.EclipseLogger - Copying 0 resource
2026-05-14 23:33:59,422 [Worker-37: Building workspace] WARN  o.e.m.c.i.embedder.EclipseLogger - Using platform encoding (Cp1252 actually) to copy filtered resources, i.e. build is platform dependent!
2026-05-14 23:33:59,424 [Worker-37: Building workspace] INFO  o.e.m.c.i.embedder.EclipseLogger - Copying 7 resources
2026-05-14 23:33:59,426 [Worker-37: Building workspace] WARN  o.e.m.c.i.embedder.EclipseLogger - Using platform encoding (Cp1252 actually) to copy filtered resources, i.e. build is platform dependent!
2026-05-14 23:33:59,427 [Worker-37: Building workspace] INFO  o.e.m.c.i.embedder.EclipseLogger - Copying 0 resource
2026-05-14 23:34:07,079 [Worker-37: Building workspace] WARN  o.e.m.c.i.embedder.EclipseLogger - Using platform encoding (Cp1252 actually) to copy filtered resources, i.e. build is platform dependent!
2026-05-14 23:34:07,081 [Worker-37: Building workspace] INFO  o.e.m.c.i.embedder.EclipseLogger - Copying 7 resources
2026-05-14 23:34:07,083 [Worker-37: Building workspace] WARN  o.e.m.c.i.embedder.EclipseLogger - Using platform encoding (Cp1252 actually) to copy filtered resources, i.e. build is platform dependent!
2026-05-14 23:34:07,084 [Worker-37: Building workspace] INFO  o.e.m.c.i.embedder.EclipseLogger - Copying 0 resource
2026-05-14 23:34:23,027 [Worker-37: Building workspace] WARN  o.e.m.c.i.embedder.EclipseLogger - Using platform encoding (Cp1252 actually) to copy filtered resources, i.e. build is platform dependent!
2026-05-14 23:34:23,028 [Worker-37: Building workspace] INFO  o.e.m.c.i.embedder.EclipseLogger - Copying 7 resources
2026-05-14 23:34:23,030 [Worker-37: Building workspace] WARN  o.e.m.c.i.embedder.EclipseLogger - Using platform encoding (Cp1252 actually) to copy filtered resources, i.e. build is platform dependent!
2026-05-14 23:34:23,030 [Worker-37: Building workspace] INFO  o.e.m.c.i.embedder.EclipseLogger - Copying 0 resource
2026-05-14 23:34:30,229 [Worker-37: Building workspace] WARN  o.e.m.c.i.embedder.EclipseLogger - Using platform encoding (Cp1252 actually) to copy filtered resources, i.e. build is platform dependent!
2026-05-14 23:34:30,232 [Worker-37: Building workspace] INFO  o.e.m.c.i.embedder.EclipseLogger - Copying 7 resources
2026-05-14 23:34:30,235 [Worker-37: Building workspace] WARN  o.e.m.c.i.embedder.EclipseLogger - Using platform encoding (Cp1252 actually) to copy filtered resources, i.e. build is platform dependent!
2026-05-14 23:34:30,237 [Worker-37: Building workspace] INFO  o.e.m.c.i.embedder.EclipseLogger - Copying 0 resource
2026-05-14 23:34:46,531 [Worker-30: Building workspace] WARN  o.e.m.c.i.embedder.EclipseLogger - Using platform encoding (Cp1252 actually) to copy filtered resources, i.e. build is platform dependent!
2026-05-14 23:34:46,532 [Worker-30: Building workspace] INFO  o.e.m.c.i.embedder.EclipseLogger - Copying 7 resources
2026-05-14 23:34:46,534 [Worker-30: Building workspace] WARN  o.e.m.c.i.embedder.EclipseLogger - Using platform encoding (Cp1252 actually) to copy filtered resources, i.e. build is platform dependent!
2026-05-14 23:34:46,535 [Worker-30: Building workspace] INFO  o.e.m.c.i.embedder.EclipseLogger - Copying 0 resource
2026-05-14 23:34:54,464 [Worker-35: Building workspace] WARN  o.e.m.c.i.embedder.EclipseLogger - Using platform encoding (Cp1252 actually) to copy filtered resources, i.e. build is platform dependent!
2026-05-14 23:34:54,465 [Worker-35: Building workspace] INFO  o.e.m.c.i.embedder.EclipseLogger - Copying 7 resources
2026-05-14 23:34:54,467 [Worker-35: Building workspace] WARN  o.e.m.c.i.embedder.EclipseLogger - Using platform encoding (Cp1252 actually) to copy filtered resources, i.e. build is platform dependent!
2026-05-14 23:34:54,468 [Worker-35: Building workspace] INFO  o.e.m.c.i.embedder.EclipseLogger - Copying 0 resource
2026-05-14 23:35:07,463 [Worker-37: Building workspace] WARN  o.e.m.c.i.embedder.EclipseLogger - Using platform encoding (Cp1252 actually) to copy filtered resources, i.e. build is platform dependent!
2026-05-14 23:35:07,464 [Worker-37: Building workspace] INFO  o.e.m.c.i.embedder.EclipseLogger - Copying 7 resources
2026-05-14 23:35:07,466 [Worker-37: Building workspace] WARN  o.e.m.c.i.embedder.EclipseLogger - Using platform encoding (Cp1252 actually) to copy filtered resources, i.e. build is platform dependent!
2026-05-14 23:35:07,467 [Worker-37: Building workspace] INFO  o.e.m.c.i.embedder.EclipseLogger - Copying 0 resource
2026-05-14 23:35:30,380 [Worker-30: Building workspace] WARN  o.e.m.c.i.embedder.EclipseLogger - Using platform encoding (Cp1252 actually) to copy filtered resources, i.e. build is platform dependent!
2026-05-14 23:35:30,381 [Worker-30: Building workspace] INFO  o.e.m.c.i.embedder.EclipseLogger - Copying 7 resources
2026-05-14 23:35:30,383 [Worker-30: Building workspace] WARN  o.e.m.c.i.embedder.EclipseLogger - Using platform encoding (Cp1252 actually) to copy filtered resources, i.e. build is platform dependent!
2026-05-14 23:35:30,384 [Worker-30: Building workspace] INFO  o.e.m.c.i.embedder.EclipseLogger - Copying 0 resource
2026-05-15 11:07:30,087 [Worker-0: Loading available Gradle versions] INFO  o.e.b.c.i.u.g.PublishedGradleVersions - Gradle version information cache is out-of-date. Trying to update.
2026-05-15 11:40:05,964 [Worker-18: Building workspace] WARN  o.e.m.c.i.embedder.EclipseLogger - Using platform encoding (Cp1252 actually) to copy filtered resources, i.e. build is platform dependent!
2026-05-15 11:40:05,968 [Worker-18: Building workspace] INFO  o.e.m.c.i.embedder.EclipseLogger - Copying 7 resources
2026-05-15 11:40:05,976 [Worker-18: Building workspace] WARN  o.e.m.c.i.embedder.EclipseLogger - Using platform encoding (Cp1252 actually) to copy filtered resources, i.e. build is platform dependent!
2026-05-15 11:40:05,977 [Worker-18: Building workspace] INFO  o.e.m.c.i.embedder.EclipseLogger - Copying 0 resource
2026-05-15 11:40:32,723 [Worker-14: Building workspace] WARN  o.e.m.c.i.embedder.EclipseLogger - Using platform encoding (Cp1252 actually) to copy filtered resources, i.e. build is platform dependent!
2026-05-15 11:40:32,741 [Worker-14: Building workspace] INFO  o.e.m.c.i.embedder.EclipseLogger - Copying 7 resources
2026-05-15 11:40:32,749 [Worker-14: Building workspace] WARN  o.e.m.c.i.embedder.EclipseLogger - Using platform encoding (Cp1252 actually) to copy filtered resources, i.e. build is platform dependent!
2026-05-15 11:40:32,751 [Worker-14: Building workspace] INFO  o.e.m.c.i.embedder.EclipseLogger - Copying 0 resource
2026-05-15 14:44:33,638 [Worker-38: Building workspace] WARN  o.e.m.c.i.embedder.EclipseLogger - Using platform encoding (Cp1252 actually) to copy filtered resources, i.e. build is platform dependent!
2026-05-15 14:44:33,639 [Worker-38: Building workspace] INFO  o.e.m.c.i.embedder.EclipseLogger - Copying 7 resources
2026-05-15 14:44:33,641 [Worker-38: Building workspace] WARN  o.e.m.c.i.embedder.EclipseLogger - Using platform encoding (Cp1252 actually) to copy filtered resources, i.e. build is platform dependent!
2026-05-15 14:44:33,642 [Worker-38: Building workspace] INFO  o.e.m.c.i.embedder.EclipseLogger - Copying 0 resource
2026-05-15 15:00:20,912 [Worker-43: Creating project "Spring_Core"] INFO  o.e.m.c.i.l.LifecycleMappingFactory - Using org.eclipse.m2e.jdt.JarLifecycleMapping lifecycle mapping for MavenProject: com.rays:Spring_Core:0.0.1-SNAPSHOT @ D:\Spring\Spring_Core\pom.xml.
2026-05-15 15:00:21,676 [Worker-43: Creating project "Spring_Core"] INFO  o.e.m.j.i.AbstractJavaProjectConfigurator - Adding source folder /Spring_Core/src/main/java
2026-05-15 15:00:21,676 [Worker-43: Creating project "Spring_Core"] INFO  o.e.m.j.i.AbstractJavaProjectConfigurator - Adding resource folder /Spring_Core/src/main/resources
2026-05-15 15:00:21,677 [Worker-43: Creating project "Spring_Core"] INFO  o.e.m.j.i.AbstractJavaProjectConfigurator - Adding source folder /Spring_Core/src/test/java
2026-05-15 15:00:21,677 [Worker-43: Creating project "Spring_Core"] INFO  o.e.m.j.i.AbstractJavaProjectConfigurator - Adding resource folder /Spring_Core/src/test/resources
2026-05-15 15:00:22,121 [Worker-44: Building workspace] WARN  o.e.m.c.i.embedder.EclipseLogger - Using platform encoding (Cp1252 actually) to copy filtered resources, i.e. build is platform dependent!
2026-05-15 15:00:22,122 [Worker-44: Building workspace] INFO  o.e.m.c.i.embedder.EclipseLogger - Copying 0 resource
2026-05-15 15:00:22,125 [Worker-44: Building workspace] WARN  o.e.m.c.i.embedder.EclipseLogger - Using platform encoding (Cp1252 actually) to copy filtered resources, i.e. build is platform dependent!
2026-05-15 15:00:22,126 [Worker-44: Building workspace] INFO  o.e.m.c.i.embedder.EclipseLogger - Copying 0 resource
2026-05-15 15:00:44,652 [Worker-44: Building workspace] INFO  o.e.m.c.i.l.LifecycleMappingFactory - Using org.eclipse.m2e.jdt.JarLifecycleMapping lifecycle mapping for MavenProject: com.rays:Spring_Core:0.0.1-SNAPSHOT @ D:\Spring\Spring_Core\pom.xml.
2026-05-15 15:00:44,853 [Worker-44: Building workspace] WARN  o.e.m.c.i.embedder.EclipseLogger - Using platform encoding (Cp1252 actually) to copy filtered resources, i.e. build is platform dependent!
2026-05-15 15:00:44,855 [Worker-44: Building workspace] INFO  o.e.m.c.i.embedder.EclipseLogger - Copying 0 resource
2026-05-15 15:00:44,869 [Worker-44: Building workspace] WARN  o.e.m.c.i.embedder.EclipseLogger - Using platform encoding (Cp1252 actually) to copy filtered resources, i.e. build is platform dependent!
2026-05-15 15:00:44,871 [Worker-44: Building workspace] INFO  o.e.m.c.i.embedder.EclipseLogger - Copying 0 resource
2026-05-15 15:00:46,032 [Worker-45: Building workspace] WARN  o.e.m.c.i.embedder.EclipseLogger - Using platform encoding (Cp1252 actually) to copy filtered resources, i.e. build is platform dependent!
2026-05-15 15:00:46,033 [Worker-45: Building workspace] INFO  o.e.m.c.i.embedder.EclipseLogger - Copying 0 resource
2026-05-15 15:00:46,035 [Worker-45: Building workspace] WARN  o.e.m.c.i.embedder.EclipseLogger - Using platform encoding (Cp1252 actually) to copy filtered resources, i.e. build is platform dependent!
2026-05-15 15:00:46,036 [Worker-45: Building workspace] INFO  o.e.m.c.i.embedder.EclipseLogger - Copying 0 resource
2026-05-15 15:08:36,737 [Worker-46: Building workspace] WARN  o.e.m.c.i.embedder.EclipseLogger - Using platform encoding (Cp1252 actually) to copy filtered resources, i.e. build is platform dependent!
2026-05-15 15:08:36,740 [Worker-46: Building workspace] INFO  o.e.m.c.i.embedder.EclipseLogger - Copying 0 resource
2026-05-15 15:08:36,742 [Worker-46: Building workspace] WARN  o.e.m.c.i.embedder.EclipseLogger - Using platform encoding (Cp1252 actually) to copy filtered resources, i.e. build is platform dependent!
2026-05-15 15:08:36,744 [Worker-46: Building workspace] INFO  o.e.m.c.i.embedder.EclipseLogger - Copying 0 resource
2026-05-15 15:08:36,755 [Worker-46: Building workspace] WARN  o.e.m.c.i.embedder.EclipseLogger - Using platform encoding (Cp1252 actually) to copy filtered resources, i.e. build is platform dependent!
2026-05-15 15:08:36,756 [Worker-46: Building workspace] INFO  o.e.m.c.i.embedder.EclipseLogger - Copying 0 resource
2026-05-15 15:08:36,759 [Worker-46: Building workspace] WARN  o.e.m.c.i.embedder.EclipseLogger - Using platform encoding (Cp1252 actually) to copy filtered resources, i.e. build is platform dependent!
2026-05-15 15:08:36,760 [Worker-46: Building workspace] INFO  o.e.m.c.i.embedder.EclipseLogger - Copying 0 resource
2026-05-15 15:11:44,029 [Worker-48: Building workspace] WARN  o.e.m.c.i.embedder.EclipseLogger - Using platform encoding (Cp1252 actually) to copy filtered resources, i.e. build is platform dependent!
2026-05-15 15:11:44,031 [Worker-48: Building workspace] INFO  o.e.m.c.i.embedder.EclipseLogger - Copying 0 resource
2026-05-15 15:11:44,033 [Worker-48: Building workspace] WARN  o.e.m.c.i.embedder.EclipseLogger - Using platform encoding (Cp1252 actually) to copy filtered resources, i.e. build is platform dependent!
2026-05-15 15:11:44,033 [Worker-48: Building workspace] INFO  o.e.m.c.i.embedder.EclipseLogger - Copying 0 resource
2026-05-15 15:11:59,901 [Worker-43: Building workspace] WARN  o.e.m.c.i.embedder.EclipseLogger - Using platform encoding (Cp1252 actually) to copy filtered resources, i.e. build is platform dependent!
2026-05-15 15:11:59,903 [Worker-43: Building workspace] INFO  o.e.m.c.i.embedder.EclipseLogger - Copying 0 resource
2026-05-15 15:11:59,905 [Worker-43: Building workspace] WARN  o.e.m.c.i.embedder.EclipseLogger - Using platform encoding (Cp1252 actually) to copy filtered resources, i.e. build is platform dependent!
2026-05-15 15:11:59,906 [Worker-43: Building workspace] INFO  o.e.m.c.i.embedder.EclipseLogger - Copying 0 resource
2026-05-15 15:12:07,467 [Worker-48: Building workspace] WARN  o.e.m.c.i.embedder.EclipseLogger - Using platform encoding (Cp1252 actually) to copy filtered resources, i.e. build is platform dependent!
2026-05-15 15:12:07,469 [Worker-48: Building workspace] INFO  o.e.m.c.i.embedder.EclipseLogger - Copying 0 resource
2026-05-15 15:12:07,472 [Worker-48: Building workspace] WARN  o.e.m.c.i.embedder.EclipseLogger - Using platform encoding (Cp1252 actually) to copy filtered resources, i.e. build is platform dependent!
2026-05-15 15:12:07,473 [Worker-48: Building workspace] INFO  o.e.m.c.i.embedder.EclipseLogger - Copying 0 resource
2026-05-15 15:12:50,574 [Worker-48: Building workspace] WARN  o.e.m.c.i.embedder.EclipseLogger - Using platform encoding (Cp1252 actually) to copy filtered resources, i.e. build is platform dependent!
2026-05-15 15:12:50,575 [Worker-48: Building workspace] INFO  o.e.m.c.i.embedder.EclipseLogger - Copying 1 resource
2026-05-15 15:12:50,588 [Worker-48: Building workspace] WARN  o.e.m.c.i.embedder.EclipseLogger - Using platform encoding (Cp1252 actually) to copy filtered resources, i.e. build is platform dependent!
2026-05-15 15:12:50,589 [Worker-48: Building workspace] INFO  o.e.m.c.i.embedder.EclipseLogger - Copying 0 resource
2026-05-15 15:12:57,298 [Worker-43: Building workspace] WARN  o.e.m.c.i.embedder.EclipseLogger - Using platform encoding (Cp1252 actually) to copy filtered resources, i.e. build is platform dependent!
2026-05-15 15:12:57,300 [Worker-43: Building workspace] INFO  o.e.m.c.i.embedder.EclipseLogger - Copying 1 resource
2026-05-15 15:12:57,305 [Worker-43: Building workspace] WARN  o.e.m.c.i.embedder.EclipseLogger - Using platform encoding (Cp1252 actually) to copy filtered resources, i.e. build is platform dependent!
2026-05-15 15:12:57,307 [Worker-43: Building workspace] INFO  o.e.m.c.i.embedder.EclipseLogger - Copying 0 resource
2026-05-15 15:13:47,388 [Worker-44: Building workspace] WARN  o.e.m.c.i.embedder.EclipseLogger - Using platform encoding (Cp1252 actually) to copy filtered resources, i.e. build is platform dependent!
2026-05-15 15:13:47,389 [Worker-44: Building workspace] INFO  o.e.m.c.i.embedder.EclipseLogger - Copying 1 resource
2026-05-15 15:13:47,391 [Worker-44: Building workspace] WARN  o.e.m.c.i.embedder.EclipseLogger - Using platform encoding (Cp1252 actually) to copy filtered resources, i.e. build is platform dependent!
2026-05-15 15:13:47,392 [Worker-44: Building workspace] INFO  o.e.m.c.i.embedder.EclipseLogger - Copying 0 resource
2026-05-15 15:14:10,028 [Worker-48: Building workspace] WARN  o.e.m.c.i.embedder.EclipseLogger - Using platform encoding (Cp1252 actually) to copy filtered resources, i.e. build is platform dependent!
2026-05-15 15:14:10,030 [Worker-48: Building workspace] INFO  o.e.m.c.i.embedder.EclipseLogger - Copying 1 resource
2026-05-15 15:14:10,031 [Worker-48: Building workspace] WARN  o.e.m.c.i.embedder.EclipseLogger - Using platform encoding (Cp1252 actually) to copy filtered resources, i.e. build is platform dependent!
2026-05-15 15:14:10,032 [Worker-48: Building workspace] INFO  o.e.m.c.i.embedder.EclipseLogger - Copying 0 resource
2026-05-15 15:22:09,196 [Worker-43: Building workspace] WARN  o.e.m.c.i.embedder.EclipseLogger - Using platform encoding (Cp1252 actually) to copy filtered resources, i.e. build is platform dependent!
2026-05-15 15:22:09,198 [Worker-43: Building workspace] INFO  o.e.m.c.i.embedder.EclipseLogger - Copying 1 resource
2026-05-15 15:22:09,201 [Worker-43: Building workspace] WARN  o.e.m.c.i.embedder.EclipseLogger - Using platform encoding (Cp1252 actually) to copy filtered resources, i.e. build is platform dependent!
2026-05-15 15:22:09,202 [Worker-43: Building workspace] INFO  o.e.m.c.i.embedder.EclipseLogger - Copying 0 resource
2026-05-15 15:22:38,512 [Worker-52: Building workspace] WARN  o.e.m.c.i.embedder.EclipseLogger - Using platform encoding (Cp1252 actually) to copy filtered resources, i.e. build is platform dependent!
2026-05-15 15:22:38,513 [Worker-52: Building workspace] INFO  o.e.m.c.i.embedder.EclipseLogger - Copying 1 resource
2026-05-15 15:22:38,515 [Worker-52: Building workspace] WARN  o.e.m.c.i.embedder.EclipseLogger - Using platform encoding (Cp1252 actually) to copy filtered resources, i.e. build is platform dependent!
2026-05-15 15:22:38,516 [Worker-52: Building workspace] INFO  o.e.m.c.i.embedder.EclipseLogger - Copying 0 resource
2026-05-15 15:22:45,164 [Worker-53: Building workspace] WARN  o.e.m.c.i.embedder.EclipseLogger - Using platform encoding (Cp1252 actually) to copy filtered resources, i.e. build is platform dependent!
2026-05-15 15:22:45,166 [Worker-53: Building workspace] INFO  o.e.m.c.i.embedder.EclipseLogger - Copying 1 resource
2026-05-15 15:22:45,168 [Worker-53: Building workspace] WARN  o.e.m.c.i.embedder.EclipseLogger - Using platform encoding (Cp1252 actually) to copy filtered resources, i.e. build is platform dependent!
2026-05-15 15:22:45,170 [Worker-53: Building workspace] INFO  o.e.m.c.i.embedder.EclipseLogger - Copying 0 resource
2026-05-15 15:23:03,179 [Worker-53: Building workspace] WARN  o.e.m.c.i.embedder.EclipseLogger - Using platform encoding (Cp1252 actually) to copy filtered resources, i.e. build is platform dependent!
2026-05-15 15:23:03,181 [Worker-53: Building workspace] INFO  o.e.m.c.i.embedder.EclipseLogger - Copying 1 resource
2026-05-15 15:23:03,185 [Worker-53: Building workspace] WARN  o.e.m.c.i.embedder.EclipseLogger - Using platform encoding (Cp1252 actually) to copy filtered resources, i.e. build is platform dependent!
2026-05-15 15:23:03,186 [Worker-53: Building workspace] INFO  o.e.m.c.i.embedder.EclipseLogger - Copying 0 resource
2026-05-15 15:23:09,925 [Worker-52: Building workspace] WARN  o.e.m.c.i.embedder.EclipseLogger - Using platform encoding (Cp1252 actually) to copy filtered resources, i.e. build is platform dependent!
2026-05-15 15:23:09,927 [Worker-52: Building workspace] INFO  o.e.m.c.i.embedder.EclipseLogger - Copying 1 resource
2026-05-15 15:23:09,928 [Worker-52: Building workspace] WARN  o.e.m.c.i.embedder.EclipseLogger - Using platform encoding (Cp1252 actually) to copy filtered resources, i.e. build is platform dependent!
2026-05-15 15:23:09,929 [Worker-52: Building workspace] INFO  o.e.m.c.i.embedder.EclipseLogger - Copying 0 resource
2026-05-15 15:23:26,180 [Worker-53: Building workspace] WARN  o.e.m.c.i.embedder.EclipseLogger - Using platform encoding (Cp1252 actually) to copy filtered resources, i.e. build is platform dependent!
2026-05-15 15:23:26,181 [Worker-53: Building workspace] INFO  o.e.m.c.i.embedder.EclipseLogger - Copying 1 resource
2026-05-15 15:23:26,183 [Worker-53: Building workspace] WARN  o.e.m.c.i.embedder.EclipseLogger - Using platform encoding (Cp1252 actually) to copy filtered resources, i.e. build is platform dependent!
2026-05-15 15:23:26,185 [Worker-53: Building workspace] INFO  o.e.m.c.i.embedder.EclipseLogger - Copying 0 resource
2026-05-15 15:23:32,803 [Worker-48: Building workspace] WARN  o.e.m.c.i.embedder.EclipseLogger - Using platform encoding (Cp1252 actually) to copy filtered resources, i.e. build is platform dependent!
2026-05-15 15:23:32,804 [Worker-48: Building workspace] INFO  o.e.m.c.i.embedder.EclipseLogger - Copying 1 resource
2026-05-15 15:23:32,805 [Worker-48: Building workspace] WARN  o.e.m.c.i.embedder.EclipseLogger - Using platform encoding (Cp1252 actually) to copy filtered resources, i.e. build is platform dependent!
2026-05-15 15:23:32,806 [Worker-48: Building workspace] INFO  o.e.m.c.i.embedder.EclipseLogger - Copying 0 resource
2026-05-15 15:23:49,222 [Worker-52: Building workspace] WARN  o.e.m.c.i.embedder.EclipseLogger - Using platform encoding (Cp1252 actually) to copy filtered resources, i.e. build is platform dependent!
2026-05-15 15:23:49,225 [Worker-52: Building workspace] INFO  o.e.m.c.i.embedder.EclipseLogger - Copying 1 resource
2026-05-15 15:23:49,227 [Worker-52: Building workspace] WARN  o.e.m.c.i.embedder.EclipseLogger - Using platform encoding (Cp1252 actually) to copy filtered resources, i.e. build is platform dependent!
2026-05-15 15:23:49,228 [Worker-52: Building workspace] INFO  o.e.m.c.i.embedder.EclipseLogger - Copying 0 resource
2026-05-15 15:24:00,531 [Worker-53: Building workspace] WARN  o.e.m.c.i.embedder.EclipseLogger - Using platform encoding (Cp1252 actually) to copy filtered resources, i.e. build is platform dependent!
2026-05-15 15:24:00,532 [Worker-53: Building workspace] INFO  o.e.m.c.i.embedder.EclipseLogger - Copying 1 resource
2026-05-15 15:24:00,534 [Worker-53: Building workspace] WARN  o.e.m.c.i.embedder.EclipseLogger - Using platform encoding (Cp1252 actually) to copy filtered resources, i.e. build is platform dependent!
2026-05-15 15:24:00,536 [Worker-53: Building workspace] INFO  o.e.m.c.i.embedder.EclipseLogger - Copying 0 resource
2026-05-15 15:24:20,048 [Worker-48: Building workspace] WARN  o.e.m.c.i.embedder.EclipseLogger - Using platform encoding (Cp1252 actually) to copy filtered resources, i.e. build is platform dependent!
2026-05-15 15:24:20,051 [Worker-48: Building workspace] INFO  o.e.m.c.i.embedder.EclipseLogger - Copying 1 resource
2026-05-15 15:24:20,052 [Worker-48: Building workspace] WARN  o.e.m.c.i.embedder.EclipseLogger - Using platform encoding (Cp1252 actually) to copy filtered resources, i.e. build is platform dependent!
2026-05-15 15:24:20,054 [Worker-48: Building workspace] INFO  o.e.m.c.i.embedder.EclipseLogger - Copying 0 resource
2026-05-15 15:24:23,015 [Worker-43: Building workspace] WARN  o.e.m.c.i.embedder.EclipseLogger - Using platform encoding (Cp1252 actually) to copy filtered resources, i.e. build is platform dependent!
2026-05-15 15:24:23,016 [Worker-43: Building workspace] INFO  o.e.m.c.i.embedder.EclipseLogger - Copying 1 resource
2026-05-15 15:24:23,018 [Worker-43: Building workspace] WARN  o.e.m.c.i.embedder.EclipseLogger - Using platform encoding (Cp1252 actually) to copy filtered resources, i.e. build is platform dependent!
2026-05-15 15:24:23,019 [Worker-43: Building workspace] INFO  o.e.m.c.i.embedder.EclipseLogger - Copying 0 resource
2026-05-15 15:24:31,438 [Worker-43: Building workspace] WARN  o.e.m.c.i.embedder.EclipseLogger - Using platform encoding (Cp1252 actually) to copy filtered resources, i.e. build is platform dependent!
2026-05-15 15:24:31,440 [Worker-43: Building workspace] INFO  o.e.m.c.i.embedder.EclipseLogger - Copying 1 resource
2026-05-15 15:24:31,442 [Worker-43: Building workspace] WARN  o.e.m.c.i.embedder.EclipseLogger - Using platform encoding (Cp1252 actually) to copy filtered resources, i.e. build is platform dependent!
2026-05-15 15:24:31,443 [Worker-43: Building workspace] INFO  o.e.m.c.i.embedder.EclipseLogger - Copying 0 resource
2026-05-15 15:24:37,975 [Worker-54: Building workspace] WARN  o.e.m.c.i.embedder.EclipseLogger - Using platform encoding (Cp1252 actually) to copy filtered resources, i.e. build is platform dependent!
2026-05-15 15:24:37,977 [Worker-54: Building workspace] INFO  o.e.m.c.i.embedder.EclipseLogger - Copying 1 resource
2026-05-15 15:24:37,979 [Worker-54: Building workspace] WARN  o.e.m.c.i.embedder.EclipseLogger - Using platform encoding (Cp1252 actually) to copy filtered resources, i.e. build is platform dependent!
2026-05-15 15:24:37,981 [Worker-54: Building workspace] INFO  o.e.m.c.i.embedder.EclipseLogger - Copying 0 resource
2026-05-15 15:27:06,441 [Worker-55: Building workspace] WARN  o.e.m.c.i.embedder.EclipseLogger - Using platform encoding (Cp1252 actually) to copy filtered resources, i.e. build is platform dependent!
2026-05-15 15:27:06,443 [Worker-55: Building workspace] INFO  o.e.m.c.i.embedder.EclipseLogger - Copying 1 resource
2026-05-15 15:27:06,445 [Worker-55: Building workspace] WARN  o.e.m.c.i.embedder.EclipseLogger - Using platform encoding (Cp1252 actually) to copy filtered resources, i.e. build is platform dependent!
2026-05-15 15:27:06,446 [Worker-55: Building workspace] INFO  o.e.m.c.i.embedder.EclipseLogger - Copying 0 resource
2026-05-15 19:52:26,428 [Worker-75: Building workspace] WARN  o.e.m.c.i.embedder.EclipseLogger - Using platform encoding (Cp1252 actually) to copy filtered resources, i.e. build is platform dependent!
2026-05-15 19:52:26,430 [Worker-75: Building workspace] INFO  o.e.m.c.i.embedder.EclipseLogger - Copying 7 resources
2026-05-15 19:52:26,432 [Worker-75: Building workspace] WARN  o.e.m.c.i.embedder.EclipseLogger - Using platform encoding (Cp1252 actually) to copy filtered resources, i.e. build is platform dependent!
2026-05-15 19:52:26,433 [Worker-75: Building workspace] INFO  o.e.m.c.i.embedder.EclipseLogger - Copying 0 resource
2026-05-15 23:23:48,640 [Worker-2: Loading available Gradle versions] INFO  o.e.b.c.i.u.g.PublishedGradleVersions - Gradle version information cache is up-to-date. Trying to read.
2026-05-18 23:06:38,166 [Worker-0: Loading available Gradle versions] INFO  o.e.b.c.i.u.g.PublishedGradleVersions - Gradle version information cache is up-to-date. Trying to read.
2026-05-18 23:12:33,359 [Worker-7: Creating project "Spring_Dao_JDBC"] INFO  o.e.m.c.i.l.LifecycleMappingFactory - Using org.eclipse.m2e.jdt.JarLifecycleMapping lifecycle mapping for MavenProject: com.rays:Spring_Dao_JDBC:0.0.1-SNAPSHOT @ D:\Spring\Spring_Dao_JDBC\pom.xml.
2026-05-18 23:12:34,442 [Worker-7: Creating project "Spring_Dao_JDBC"] INFO  o.e.m.j.i.AbstractJavaProjectConfigurator - Adding source folder /Spring_Dao_JDBC/src/main/java
2026-05-18 23:12:34,444 [Worker-7: Creating project "Spring_Dao_JDBC"] INFO  o.e.m.j.i.AbstractJavaProjectConfigurator - Adding resource folder /Spring_Dao_JDBC/src/main/resources
2026-05-18 23:12:34,444 [Worker-7: Creating project "Spring_Dao_JDBC"] INFO  o.e.m.j.i.AbstractJavaProjectConfigurator - Adding source folder /Spring_Dao_JDBC/src/test/java
2026-05-18 23:12:34,444 [Worker-7: Creating project "Spring_Dao_JDBC"] INFO  o.e.m.j.i.AbstractJavaProjectConfigurator - Adding resource folder /Spring_Dao_JDBC/src/test/resources
2026-05-18 23:12:35,239 [Worker-8: Building workspace] WARN  o.e.m.c.i.embedder.EclipseLogger - Using platform encoding (Cp1252 actually) to copy filtered resources, i.e. build is platform dependent!
2026-05-18 23:12:35,247 [Worker-8: Building workspace] INFO  o.e.m.c.i.embedder.EclipseLogger - Copying 7 resources
2026-05-18 23:12:35,268 [Worker-8: Building workspace] WARN  o.e.m.c.i.embedder.EclipseLogger - Using platform encoding (Cp1252 actually) to copy filtered resources, i.e. build is platform dependent!
2026-05-18 23:12:35,269 [Worker-8: Building workspace] INFO  o.e.m.c.i.embedder.EclipseLogger - Copying 0 resource
2026-05-18 23:12:35,421 [Worker-8: Building workspace] WARN  o.e.m.c.i.embedder.EclipseLogger - Using platform encoding (Cp1252 actually) to copy filtered resources, i.e. build is platform dependent!
2026-05-18 23:12:35,423 [Worker-8: Building workspace] INFO  o.e.m.c.i.embedder.EclipseLogger - Copying 1 resource
2026-05-18 23:12:35,427 [Worker-8: Building workspace] WARN  o.e.m.c.i.embedder.EclipseLogger - Using platform encoding (Cp1252 actually) to copy filtered resources, i.e. build is platform dependent!
2026-05-18 23:12:35,429 [Worker-8: Building workspace] INFO  o.e.m.c.i.embedder.EclipseLogger - Copying 0 resource
2026-05-18 23:12:35,466 [Worker-8: Building workspace] WARN  o.e.m.c.i.embedder.EclipseLogger - Using platform encoding (Cp1252 actually) to copy filtered resources, i.e. build is platform dependent!
2026-05-18 23:12:35,468 [Worker-8: Building workspace] INFO  o.e.m.c.i.embedder.EclipseLogger - Copying 0 resource
2026-05-18 23:12:35,469 [Worker-8: Building workspace] WARN  o.e.m.c.i.embedder.EclipseLogger - Using platform encoding (Cp1252 actually) to copy filtered resources, i.e. build is platform dependent!
2026-05-18 23:12:35,470 [Worker-8: Building workspace] INFO  o.e.m.c.i.embedder.EclipseLogger - Copying 0 resource
2026-05-18 23:13:22,656 [Worker-15: Building workspace] INFO  o.e.m.c.i.l.LifecycleMappingFactory - Using org.eclipse.m2e.jdt.JarLifecycleMapping lifecycle mapping for MavenProject: com.rays:Spring_Core:0.0.1-SNAPSHOT @ D:\Spring\Spring_Core_Annotation\pom.xml.
2026-05-18 23:13:22,919 [Worker-15: Building workspace] WARN  o.e.m.c.i.embedder.EclipseLogger - Using platform encoding (Cp1252 actually) to copy filtered resources, i.e. build is platform dependent!
2026-05-18 23:13:22,920 [Worker-15: Building workspace] INFO  o.e.m.c.i.embedder.EclipseLogger - Copying 1 resource
2026-05-18 23:13:22,934 [Worker-15: Building workspace] WARN  o.e.m.c.i.embedder.EclipseLogger - Using platform encoding (Cp1252 actually) to copy filtered resources, i.e. build is platform dependent!
2026-05-18 23:13:22,935 [Worker-15: Building workspace] INFO  o.e.m.c.i.embedder.EclipseLogger - Copying 0 resource
2026-05-18 23:13:23,279 [Worker-15: Building workspace] WARN  o.e.m.c.i.embedder.EclipseLogger - Using platform encoding (Cp1252 actually) to copy filtered resources, i.e. build is platform dependent!
2026-05-18 23:13:23,285 [Worker-15: Building workspace] INFO  o.e.m.c.i.embedder.EclipseLogger - Copying 1 resource
2026-05-18 23:13:23,289 [Worker-15: Building workspace] WARN  o.e.m.c.i.embedder.EclipseLogger - Using platform encoding (Cp1252 actually) to copy filtered resources, i.e. build is platform dependent!
2026-05-18 23:13:23,289 [Worker-15: Building workspace] INFO  o.e.m.c.i.embedder.EclipseLogger - Copying 0 resource
2026-05-18 23:13:23,867 [Worker-8: Updating Maven Dependencies] ERROR o.e.m.j.i.l.MavenLaunchConfigurationListener - Launch configuration TestOrder (1) references non-existing project Spring_Core.
org.eclipse.core.runtime.CoreException: Launch configuration TestOrder (1) references non-existing project Spring_Core.
	at org.eclipse.jdt.launching.JavaRuntime.abort(JavaRuntime.java:1839) ~[na:na]
	at org.eclipse.jdt.launching.JavaRuntime.getJavaProject(JavaRuntime.java:1714) ~[na:na]
	at org.eclipse.m2e.jdt.internal.launch.MavenLaunchConfigurationListener.updateLaunchConfiguration(MavenLaunchConfigurationListener.java:53) ~[na:na]
	at org.eclipse.m2e.jdt.internal.launch.MavenLaunchConfigurationListener.launchConfigurationChanged(MavenLaunchConfigurationListener.java:38) ~[na:na]
	at org.eclipse.debug.internal.core.LaunchManager$ConfigurationNotifier.run(LaunchManager.java:225) ~[na:na]
	at org.eclipse.core.runtime.SafeRunner.run(SafeRunner.java:45) ~[org.eclipse.equinox.common_3.10.300.v20190218-2100.jar:na]
	at org.eclipse.debug.internal.core.LaunchManager$ConfigurationNotifier.notify(LaunchManager.java:209) ~[na:na]
	at org.eclipse.debug.internal.core.LaunchConfigurationWorkingCopy.setDirty(LaunchConfigurationWorkingCopy.java:528) ~[na:na]
	at org.eclipse.debug.internal.core.LaunchConfigurationWorkingCopy.setAttribute(LaunchConfigurationWorkingCopy.java:416) ~[na:na]
	at org.eclipse.m2e.jdt.internal.launch.MavenRuntimeClasspathProvider.disable(MavenRuntimeClasspathProvider.java:352) ~[na:na]
	at org.eclipse.m2e.jdt.internal.launch.MavenRuntimeClasspathProvider.disable(MavenRuntimeClasspathProvider.java:378) ~[na:na]
	at org.eclipse.m2e.jdt.internal.launch.MavenLaunchConfigurationListener.mavenProjectChanged(MavenLaunchConfigurationListener.java:70) ~[na:na]
	at org.eclipse.m2e.core.internal.project.registry.ProjectRegistryManager.notifyProjectChangeListeners(ProjectRegistryManager.java:777) ~[na:na]
	at org.eclipse.m2e.core.internal.project.registry.ProjectRegistryManager.applyMutableProjectRegistry(ProjectRegistryManager.java:921) ~[na:na]
	at org.eclipse.m2e.core.internal.project.registry.ProjectRegistryRefreshJob$1.call(ProjectRegistryRefreshJob.java:98) ~[na:na]
	at org.eclipse.m2e.core.internal.project.registry.ProjectRegistryRefreshJob$1.call(ProjectRegistryRefreshJob.java:1) ~[na:na]
	at org.eclipse.m2e.core.internal.embedder.MavenExecutionContext.executeBare(MavenExecutionContext.java:177) ~[na:na]
	at org.eclipse.m2e.core.internal.embedder.MavenExecutionContext.execute(MavenExecutionContext.java:151) ~[na:na]
	at org.eclipse.m2e.core.internal.embedder.MavenExecutionContext.execute(MavenExecutionContext.java:99) ~[na:na]
	at org.eclipse.m2e.core.internal.embedder.MavenImpl.execute(MavenImpl.java:1336) ~[na:na]
	at org.eclipse.m2e.core.internal.project.registry.ProjectRegistryRefreshJob.run(ProjectRegistryRefreshJob.java:81) ~[na:na]
	at org.eclipse.core.internal.jobs.Worker.run(Worker.java:63) ~[org.eclipse.core.jobs_3.10.300.v20190215-2048.jar:na]
2026-05-18 23:13:23,872 [Worker-8: Updating Maven Dependencies] ERROR o.e.m.j.i.l.MavenLaunchConfigurationListener - Launch configuration TestOrder (1) references non-existing project Spring_Core.
org.eclipse.core.runtime.CoreException: Launch configuration TestOrder (1) references non-existing project Spring_Core.
	at org.eclipse.jdt.launching.JavaRuntime.abort(JavaRuntime.java:1839) ~[na:na]
	at org.eclipse.jdt.launching.JavaRuntime.getJavaProject(JavaRuntime.java:1714) ~[na:na]
	at org.eclipse.m2e.jdt.internal.launch.MavenLaunchConfigurationListener.updateLaunchConfiguration(MavenLaunchConfigurationListener.java:53) ~[na:na]
	at org.eclipse.m2e.jdt.internal.launch.MavenLaunchConfigurationListener.launchConfigurationChanged(MavenLaunchConfigurationListener.java:38) ~[na:na]
	at org.eclipse.debug.internal.core.LaunchManager$ConfigurationNotifier.run(LaunchManager.java:225) ~[na:na]
	at org.eclipse.core.runtime.SafeRunner.run(SafeRunner.java:45) ~[org.eclipse.equinox.common_3.10.300.v20190218-2100.jar:na]
	at org.eclipse.debug.internal.core.LaunchManager$ConfigurationNotifier.notify(LaunchManager.java:209) ~[na:na]
	at org.eclipse.debug.internal.core.LaunchConfigurationWorkingCopy.setDirty(LaunchConfigurationWorkingCopy.java:528) ~[na:na]
	at org.eclipse.debug.internal.core.LaunchConfigurationWorkingCopy.setAttribute(LaunchConfigurationWorkingCopy.java:416) ~[na:na]
	at org.eclipse.m2e.jdt.internal.launch.MavenRuntimeClasspathProvider.disable(MavenRuntimeClasspathProvider.java:353) ~[na:na]
	at org.eclipse.m2e.jdt.internal.launch.MavenRuntimeClasspathProvider.disable(MavenRuntimeClasspathProvider.java:378) ~[na:na]
	at org.eclipse.m2e.jdt.internal.launch.MavenLaunchConfigurationListener.mavenProjectChanged(MavenLaunchConfigurationListener.java:70) ~[na:na]
	at org.eclipse.m2e.core.internal.project.registry.ProjectRegistryManager.notifyProjectChangeListeners(ProjectRegistryManager.java:777) ~[na:na]
	at org.eclipse.m2e.core.internal.project.registry.ProjectRegistryManager.applyMutableProjectRegistry(ProjectRegistryManager.java:921) ~[na:na]
	at org.eclipse.m2e.core.internal.project.registry.ProjectRegistryRefreshJob$1.call(ProjectRegistryRefreshJob.java:98) ~[na:na]
	at org.eclipse.m2e.core.internal.project.registry.ProjectRegistryRefreshJob$1.call(ProjectRegistryRefreshJob.java:1) ~[na:na]
	at org.eclipse.m2e.core.internal.embedder.MavenExecutionContext.executeBare(MavenExecutionContext.java:177) ~[na:na]
	at org.eclipse.m2e.core.internal.embedder.MavenExecutionContext.execute(MavenExecutionContext.java:151) ~[na:na]
	at org.eclipse.m2e.core.internal.embedder.MavenExecutionContext.execute(MavenExecutionContext.java:99) ~[na:na]
	at org.eclipse.m2e.core.internal.embedder.MavenImpl.execute(MavenImpl.java:1336) ~[na:na]
	at org.eclipse.m2e.core.internal.project.registry.ProjectRegistryRefreshJob.run(ProjectRegistryRefreshJob.java:81) ~[na:na]
	at org.eclipse.core.internal.jobs.Worker.run(Worker.java:63) ~[org.eclipse.core.jobs_3.10.300.v20190215-2048.jar:na]
2026-05-18 23:13:23,889 [Worker-8: Updating Maven Dependencies] ERROR o.e.m.j.i.l.MavenLaunchConfigurationListener - Launch configuration TestOrder (1) references non-existing project Spring_Core.
org.eclipse.core.runtime.CoreException: Launch configuration TestOrder (1) references non-existing project Spring_Core.
	at org.eclipse.jdt.launching.JavaRuntime.abort(JavaRuntime.java:1839) ~[na:na]
	at org.eclipse.jdt.launching.JavaRuntime.getJavaProject(JavaRuntime.java:1714) ~[na:na]
	at org.eclipse.m2e.jdt.internal.launch.MavenLaunchConfigurationListener.updateLaunchConfiguration(MavenLaunchConfigurationListener.java:53) ~[na:na]
	at org.eclipse.m2e.jdt.internal.launch.MavenLaunchConfigurationListener.launchConfigurationChanged(MavenLaunchConfigurationListener.java:38) ~[na:na]
	at org.eclipse.debug.internal.core.LaunchManager$ConfigurationNotifier.run(LaunchManager.java:225) ~[na:na]
	at org.eclipse.core.runtime.SafeRunner.run(SafeRunner.java:45) ~[org.eclipse.equinox.common_3.10.300.v20190218-2100.jar:na]
	at org.eclipse.debug.internal.core.LaunchManager$ConfigurationNotifier.notify(LaunchManager.java:209) ~[na:na]
	at org.eclipse.debug.internal.core.LaunchManager.launchConfigurationChanged(LaunchManager.java:2151) ~[na:na]
	at org.eclipse.debug.internal.core.LaunchConfigurationWorkingCopy.writeNewFile(LaunchConfigurationWorkingCopy.java:381) ~[na:na]
	at org.eclipse.debug.internal.core.LaunchConfigurationWorkingCopy.doSave0(LaunchConfigurationWorkingCopy.java:258) ~[na:na]
	at org.eclipse.debug.internal.core.LaunchConfigurationWorkingCopy.doSave(LaunchConfigurationWorkingCopy.java:228) ~[na:na]
	at org.eclipse.debug.internal.core.LaunchConfigurationWorkingCopy.doSave(LaunchConfigurationWorkingCopy.java:186) ~[na:na]
	at org.eclipse.m2e.jdt.internal.launch.MavenRuntimeClasspathProvider.disable(MavenRuntimeClasspathProvider.java:354) ~[na:na]
	at org.eclipse.m2e.jdt.internal.launch.MavenRuntimeClasspathProvider.disable(MavenRuntimeClasspathProvider.java:378) ~[na:na]
	at org.eclipse.m2e.jdt.internal.launch.MavenLaunchConfigurationListener.mavenProjectChanged(MavenLaunchConfigurationListener.java:70) ~[na:na]
	at org.eclipse.m2e.core.internal.project.registry.ProjectRegistryManager.notifyProjectChangeListeners(ProjectRegistryManager.java:777) ~[na:na]
	at org.eclipse.m2e.core.internal.project.registry.ProjectRegistryManager.applyMutableProjectRegistry(ProjectRegistryManager.java:921) ~[na:na]
	at org.eclipse.m2e.core.internal.project.registry.ProjectRegistryRefreshJob$1.call(ProjectRegistryRefreshJob.java:98) ~[na:na]
	at org.eclipse.m2e.core.internal.project.registry.ProjectRegistryRefreshJob$1.call(ProjectRegistryRefreshJob.java:1) ~[na:na]
	at org.eclipse.m2e.core.internal.embedder.MavenExecutionContext.executeBare(MavenExecutionContext.java:177) ~[na:na]
	at org.eclipse.m2e.core.internal.embedder.MavenExecutionContext.execute(MavenExecutionContext.java:151) ~[na:na]
	at org.eclipse.m2e.core.internal.embedder.MavenExecutionContext.execute(MavenExecutionContext.java:99) ~[na:na]
	at org.eclipse.m2e.core.internal.embedder.MavenImpl.execute(MavenImpl.java:1336) ~[na:na]
	at org.eclipse.m2e.core.internal.project.registry.ProjectRegistryRefreshJob.run(ProjectRegistryRefreshJob.java:81) ~[na:na]
	at org.eclipse.core.internal.jobs.Worker.run(Worker.java:63) ~[org.eclipse.core.jobs_3.10.300.v20190215-2048.jar:na]
2026-05-18 23:13:23,891 [Worker-8: Updating Maven Dependencies] ERROR o.e.m.j.i.l.MavenLaunchConfigurationListener - Launch configuration TestPerson references non-existing project Spring_Core.
org.eclipse.core.runtime.CoreException: Launch configuration TestPerson references non-existing project Spring_Core.
	at org.eclipse.jdt.launching.JavaRuntime.abort(JavaRuntime.java:1839) ~[na:na]
	at org.eclipse.jdt.launching.JavaRuntime.getJavaProject(JavaRuntime.java:1714) ~[na:na]
	at org.eclipse.m2e.jdt.internal.launch.MavenLaunchConfigurationListener.updateLaunchConfiguration(MavenLaunchConfigurationListener.java:53) ~[na:na]
	at org.eclipse.m2e.jdt.internal.launch.MavenLaunchConfigurationListener.launchConfigurationChanged(MavenLaunchConfigurationListener.java:38) ~[na:na]
	at org.eclipse.debug.internal.core.LaunchManager$ConfigurationNotifier.run(LaunchManager.java:225) ~[na:na]
	at org.eclipse.core.runtime.SafeRunner.run(SafeRunner.java:45) ~[org.eclipse.equinox.common_3.10.300.v20190218-2100.jar:na]
	at org.eclipse.debug.internal.core.LaunchManager$ConfigurationNotifier.notify(LaunchManager.java:209) ~[na:na]
	at org.eclipse.debug.internal.core.LaunchConfigurationWorkingCopy.setDirty(LaunchConfigurationWorkingCopy.java:528) ~[na:na]
	at org.eclipse.debug.internal.core.LaunchConfigurationWorkingCopy.setAttribute(LaunchConfigurationWorkingCopy.java:416) ~[na:na]
	at org.eclipse.m2e.jdt.internal.launch.MavenRuntimeClasspathProvider.disable(MavenRuntimeClasspathProvider.java:352) ~[na:na]
	at org.eclipse.m2e.jdt.internal.launch.MavenRuntimeClasspathProvider.disable(MavenRuntimeClasspathProvider.java:378) ~[na:na]
	at org.eclipse.m2e.jdt.internal.launch.MavenLaunchConfigurationListener.mavenProjectChanged(MavenLaunchConfigurationListener.java:70) ~[na:na]
	at org.eclipse.m2e.core.internal.project.registry.ProjectRegistryManager.notifyProjectChangeListeners(ProjectRegistryManager.java:777) ~[na:na]
	at org.eclipse.m2e.core.internal.project.registry.ProjectRegistryManager.applyMutableProjectRegistry(ProjectRegistryManager.java:921) ~[na:na]
	at org.eclipse.m2e.core.internal.project.registry.ProjectRegistryRefreshJob$1.call(ProjectRegistryRefreshJob.java:98) ~[na:na]
	at org.eclipse.m2e.core.internal.project.registry.ProjectRegistryRefreshJob$1.call(ProjectRegistryRefreshJob.java:1) ~[na:na]
	at org.eclipse.m2e.core.internal.embedder.MavenExecutionContext.executeBare(MavenExecutionContext.java:177) ~[na:na]
	at org.eclipse.m2e.core.internal.embedder.MavenExecutionContext.execute(MavenExecutionContext.java:151) ~[na:na]
	at org.eclipse.m2e.core.internal.embedder.MavenExecutionContext.execute(MavenExecutionContext.java:99) ~[na:na]
	at org.eclipse.m2e.core.internal.embedder.MavenImpl.execute(MavenImpl.java:1336) ~[na:na]
	at org.eclipse.m2e.core.internal.project.registry.ProjectRegistryRefreshJob.run(ProjectRegistryRefreshJob.java:81) ~[na:na]
	at org.eclipse.core.internal.jobs.Worker.run(Worker.java:63) ~[org.eclipse.core.jobs_3.10.300.v20190215-2048.jar:na]
2026-05-18 23:13:23,894 [Worker-8: Updating Maven Dependencies] ERROR o.e.m.j.i.l.MavenLaunchConfigurationListener - Launch configuration TestPerson references non-existing project Spring_Core.
org.eclipse.core.runtime.CoreException: Launch configuration TestPerson references non-existing project Spring_Core.
	at org.eclipse.jdt.launching.JavaRuntime.abort(JavaRuntime.java:1839) ~[na:na]
	at org.eclipse.jdt.launching.JavaRuntime.getJavaProject(JavaRuntime.java:1714) ~[na:na]
	at org.eclipse.m2e.jdt.internal.launch.MavenLaunchConfigurationListener.updateLaunchConfiguration(MavenLaunchConfigurationListener.java:53) ~[na:na]
	at org.eclipse.m2e.jdt.internal.launch.MavenLaunchConfigurationListener.launchConfigurationChanged(MavenLaunchConfigurationListener.java:38) ~[na:na]
	at org.eclipse.debug.internal.core.LaunchManager$ConfigurationNotifier.run(LaunchManager.java:225) ~[na:na]
	at org.eclipse.core.runtime.SafeRunner.run(SafeRunner.java:45) ~[org.eclipse.equinox.common_3.10.300.v20190218-2100.jar:na]
	at org.eclipse.debug.internal.core.LaunchManager$ConfigurationNotifier.notify(LaunchManager.java:209) ~[na:na]
	at org.eclipse.debug.internal.core.LaunchConfigurationWorkingCopy.setDirty(LaunchConfigurationWorkingCopy.java:528) ~[na:na]
	at org.eclipse.debug.internal.core.LaunchConfigurationWorkingCopy.setAttribute(LaunchConfigurationWorkingCopy.java:416) ~[na:na]
	at org.eclipse.m2e.jdt.internal.launch.MavenRuntimeClasspathProvider.disable(MavenRuntimeClasspathProvider.java:353) ~[na:na]
	at org.eclipse.m2e.jdt.internal.launch.MavenRuntimeClasspathProvider.disable(MavenRuntimeClasspathProvider.java:378) ~[na:na]
	at org.eclipse.m2e.jdt.internal.launch.MavenLaunchConfigurationListener.mavenProjectChanged(MavenLaunchConfigurationListener.java:70) ~[na:na]
	at org.eclipse.m2e.core.internal.project.registry.ProjectRegistryManager.notifyProjectChangeListeners(ProjectRegistryManager.java:777) ~[na:na]
	at org.eclipse.m2e.core.internal.project.registry.ProjectRegistryManager.applyMutableProjectRegistry(ProjectRegistryManager.java:921) ~[na:na]
	at org.eclipse.m2e.core.internal.project.registry.ProjectRegistryRefreshJob$1.call(ProjectRegistryRefreshJob.java:98) ~[na:na]
	at org.eclipse.m2e.core.internal.project.registry.ProjectRegistryRefreshJob$1.call(ProjectRegistryRefreshJob.java:1) ~[na:na]
	at org.eclipse.m2e.core.internal.embedder.MavenExecutionContext.executeBare(MavenExecutionContext.java:177) ~[na:na]
	at org.eclipse.m2e.core.internal.embedder.MavenExecutionContext.execute(MavenExecutionContext.java:151) ~[na:na]
	at org.eclipse.m2e.core.internal.embedder.MavenExecutionContext.execute(MavenExecutionContext.java:99) ~[na:na]
	at org.eclipse.m2e.core.internal.embedder.MavenImpl.execute(MavenImpl.java:1336) ~[na:na]
	at org.eclipse.m2e.core.internal.project.registry.ProjectRegistryRefreshJob.run(ProjectRegistryRefreshJob.java:81) ~[na:na]
	at org.eclipse.core.internal.jobs.Worker.run(Worker.java:63) ~[org.eclipse.core.jobs_3.10.300.v20190215-2048.jar:na]
2026-05-18 23:13:23,909 [Worker-8: Updating Maven Dependencies] ERROR o.e.m.j.i.l.MavenLaunchConfigurationListener - Launch configuration TestPerson references non-existing project Spring_Core.
org.eclipse.core.runtime.CoreException: Launch configuration TestPerson references non-existing project Spring_Core.
	at org.eclipse.jdt.launching.JavaRuntime.abort(JavaRuntime.java:1839) ~[na:na]
	at org.eclipse.jdt.launching.JavaRuntime.getJavaProject(JavaRuntime.java:1714) ~[na:na]
	at org.eclipse.m2e.jdt.internal.launch.MavenLaunchConfigurationListener.updateLaunchConfiguration(MavenLaunchConfigurationListener.java:53) ~[na:na]
	at org.eclipse.m2e.jdt.internal.launch.MavenLaunchConfigurationListener.launchConfigurationChanged(MavenLaunchConfigurationListener.java:38) ~[na:na]
	at org.eclipse.debug.internal.core.LaunchManager$ConfigurationNotifier.run(LaunchManager.java:225) ~[na:na]
	at org.eclipse.core.runtime.SafeRunner.run(SafeRunner.java:45) ~[org.eclipse.equinox.common_3.10.300.v20190218-2100.jar:na]
	at org.eclipse.debug.internal.core.LaunchManager$ConfigurationNotifier.notify(LaunchManager.java:209) ~[na:na]
	at org.eclipse.debug.internal.core.LaunchManager.launchConfigurationChanged(LaunchManager.java:2151) ~[na:na]
	at org.eclipse.debug.internal.core.LaunchConfigurationWorkingCopy.writeNewFile(LaunchConfigurationWorkingCopy.java:381) ~[na:na]
	at org.eclipse.debug.internal.core.LaunchConfigurationWorkingCopy.doSave0(LaunchConfigurationWorkingCopy.java:258) ~[na:na]
	at org.eclipse.debug.internal.core.LaunchConfigurationWorkingCopy.doSave(LaunchConfigurationWorkingCopy.java:228) ~[na:na]
	at org.eclipse.debug.internal.core.LaunchConfigurationWorkingCopy.doSave(LaunchConfigurationWorkingCopy.java:186) ~[na:na]
	at org.eclipse.m2e.jdt.internal.launch.MavenRuntimeClasspathProvider.disable(MavenRuntimeClasspathProvider.java:354) ~[na:na]
	at org.eclipse.m2e.jdt.internal.launch.MavenRuntimeClasspathProvider.disable(MavenRuntimeClasspathProvider.java:378) ~[na:na]
	at org.eclipse.m2e.jdt.internal.launch.MavenLaunchConfigurationListener.mavenProjectChanged(MavenLaunchConfigurationListener.java:70) ~[na:na]
	at org.eclipse.m2e.core.internal.project.registry.ProjectRegistryManager.notifyProjectChangeListeners(ProjectRegistryManager.java:777) ~[na:na]
	at org.eclipse.m2e.core.internal.project.registry.ProjectRegistryManager.applyMutableProjectRegistry(ProjectRegistryManager.java:921) ~[na:na]
	at org.eclipse.m2e.core.internal.project.registry.ProjectRegistryRefreshJob$1.call(ProjectRegistryRefreshJob.java:98) ~[na:na]
	at org.eclipse.m2e.core.internal.project.registry.ProjectRegistryRefreshJob$1.call(ProjectRegistryRefreshJob.java:1) ~[na:na]
	at org.eclipse.m2e.core.internal.embedder.MavenExecutionContext.executeBare(MavenExecutionContext.java:177) ~[na:na]
	at org.eclipse.m2e.core.internal.embedder.MavenExecutionContext.execute(MavenExecutionContext.java:151) ~[na:na]
	at org.eclipse.m2e.core.internal.embedder.MavenExecutionContext.execute(MavenExecutionContext.java:99) ~[na:na]
	at org.eclipse.m2e.core.internal.embedder.MavenImpl.execute(MavenImpl.java:1336) ~[na:na]
	at org.eclipse.m2e.core.internal.project.registry.ProjectRegistryRefreshJob.run(ProjectRegistryRefreshJob.java:81) ~[na:na]
	at org.eclipse.core.internal.jobs.Worker.run(Worker.java:63) ~[org.eclipse.core.jobs_3.10.300.v20190215-2048.jar:na]
2026-05-18 23:14:35,030 [Worker-8: Building workspace] INFO  o.e.m.c.i.l.LifecycleMappingFactory - Using org.eclipse.m2e.jdt.JarLifecycleMapping lifecycle mapping for MavenProject: com.rays:Spring_Dao_JDBC:0.0.1-SNAPSHOT @ D:\Spring\Spring_Dao_JDBC\pom.xml.
2026-05-18 23:14:35,677 [Worker-8: Building workspace] INFO  o.e.m.c.i.e.AbstractTransferListenerAdapter - Downloaded https://repo.maven.apache.org/maven2/org/springframework/spring-jdbc/5.1.4.RELEASE/spring-jdbc-5.1.4.RELEASE.pom
2026-05-18 23:14:36,122 [Worker-8: Building workspace] INFO  o.e.m.c.i.e.AbstractTransferListenerAdapter - Downloaded https://repo.maven.apache.org/maven2/org/springframework/spring-tx/5.1.4.RELEASE/spring-tx-5.1.4.RELEASE.pom
2026-05-18 23:14:36,295 [Worker-8: Building workspace] INFO  o.e.m.c.i.e.AbstractTransferListenerAdapter - Downloaded https://repo.maven.apache.org/maven2/org/springframework/spring-orm/5.1.4.RELEASE/spring-orm-5.1.4.RELEASE.pom
2026-05-18 23:14:36,473 [Worker-8: Building workspace] INFO  o.e.m.c.i.e.AbstractTransferListenerAdapter - Downloaded https://repo.maven.apache.org/maven2/org/hibernate/hibernate-core/5.2.11.Final/hibernate-core-5.2.11.Final.pom
2026-05-18 23:14:36,586 [Worker-8: Building workspace] INFO  o.e.m.c.i.e.AbstractTransferListenerAdapter - Downloaded https://repo.maven.apache.org/maven2/org/jboss/logging/jboss-logging/3.3.0.Final/jboss-logging-3.3.0.Final.pom
2026-05-18 23:14:36,702 [Worker-8: Building workspace] INFO  o.e.m.c.i.e.AbstractTransferListenerAdapter - Downloaded https://repo.maven.apache.org/maven2/org/hibernate/javax/persistence/hibernate-jpa-2.1-api/1.0.0.Final/hibernate-jpa-2.1-api-1.0.0.Final.pom
2026-05-18 23:14:36,816 [Worker-8: Building workspace] INFO  o.e.m.c.i.e.AbstractTransferListenerAdapter - Downloaded https://repo.maven.apache.org/maven2/org/javassist/javassist/3.20.0-GA/javassist-3.20.0-GA.pom
2026-05-18 23:14:36,926 [Worker-8: Building workspace] INFO  o.e.m.c.i.e.AbstractTransferListenerAdapter - Downloaded https://repo.maven.apache.org/maven2/antlr/antlr/2.7.7/antlr-2.7.7.pom
2026-05-18 23:14:37,044 [Worker-8: Building workspace] INFO  o.e.m.c.i.e.AbstractTransferListenerAdapter - Downloaded https://repo.maven.apache.org/maven2/org/jboss/spec/javax/transaction/jboss-transaction-api_1.2_spec/1.0.1.Final/jboss-transaction-api_1.2_spec-1.0.1.Final.pom
2026-05-18 23:14:37,161 [Worker-8: Building workspace] INFO  o.e.m.c.i.e.AbstractTransferListenerAdapter - Downloaded https://repo.maven.apache.org/maven2/org/jboss/jboss-parent/20/jboss-parent-20.pom
2026-05-18 23:14:37,283 [Worker-8: Building workspace] INFO  o.e.m.c.i.e.AbstractTransferListenerAdapter - Downloaded https://repo.maven.apache.org/maven2/org/jboss/jandex/2.0.3.Final/jandex-2.0.3.Final.pom
2026-05-18 23:14:37,387 [Worker-8: Building workspace] INFO  o.e.m.c.i.e.AbstractTransferListenerAdapter - Downloaded https://repo.maven.apache.org/maven2/org/jboss/jboss-parent/12/jboss-parent-12.pom
2026-05-18 23:14:37,489 [Worker-8: Building workspace] INFO  o.e.m.c.i.e.AbstractTransferListenerAdapter - Downloaded https://repo.maven.apache.org/maven2/com/fasterxml/classmate/1.3.0/classmate-1.3.0.pom
2026-05-18 23:14:37,590 [Worker-8: Building workspace] INFO  o.e.m.c.i.e.AbstractTransferListenerAdapter - Downloaded https://repo.maven.apache.org/maven2/com/fasterxml/oss-parent/24/oss-parent-24.pom
2026-05-18 23:14:37,707 [Worker-8: Building workspace] INFO  o.e.m.c.i.e.AbstractTransferListenerAdapter - Downloaded https://repo.maven.apache.org/maven2/org/hibernate/common/hibernate-commons-annotations/5.0.1.Final/hibernate-commons-annotations-5.0.1.Final.pom
2026-05-18 23:14:37,877 [Worker-8: Building workspace] INFO  o.e.m.c.i.e.AbstractTransferListenerAdapter - Downloaded https://repo.maven.apache.org/maven2/org/hibernate/hibernate-c3p0/5.2.11.Final/hibernate-c3p0-5.2.11.Final.pom
2026-05-18 23:14:37,993 [Worker-8: Building workspace] INFO  o.e.m.c.i.e.AbstractTransferListenerAdapter - Downloaded https://repo.maven.apache.org/maven2/org/hibernate/hibernate-validator/5.4.1.Final/hibernate-validator-5.4.1.Final.pom
2026-05-18 23:14:38,104 [Worker-8: Building workspace] INFO  o.e.m.c.i.e.AbstractTransferListenerAdapter - Downloaded https://repo.maven.apache.org/maven2/org/hibernate/hibernate-validator-parent/5.4.1.Final/hibernate-validator-parent-5.4.1.Final.pom
2026-05-18 23:14:38,272 [Worker-8: Building workspace] INFO  o.e.m.c.i.e.AbstractTransferListenerAdapter - Downloaded https://repo.maven.apache.org/maven2/org/jboss/arquillian/arquillian-bom/1.1.11.Final/arquillian-bom-1.1.11.Final.pom
2026-05-18 23:14:38,395 [Worker-8: Building workspace] INFO  o.e.m.c.i.e.AbstractTransferListenerAdapter - Downloaded https://repo.maven.apache.org/maven2/org/jboss/shrinkwrap/shrinkwrap-bom/1.2.3/shrinkwrap-bom-1.2.3.pom
2026-05-18 23:14:38,521 [Worker-8: Building workspace] INFO  o.e.m.c.i.e.AbstractTransferListenerAdapter - Downloaded https://repo.maven.apache.org/maven2/org/jboss/shrinkwrap/resolver/shrinkwrap-resolver-bom/2.2.0/shrinkwrap-resolver-bom-2.2.0.pom
2026-05-18 23:14:38,654 [Worker-8: Building workspace] INFO  o.e.m.c.i.e.AbstractTransferListenerAdapter - Downloaded https://repo.maven.apache.org/maven2/org/jboss/shrinkwrap/descriptors/shrinkwrap-descriptors-bom/2.0.0-alpha-8/shrinkwrap-descriptors-bom-2.0.0-alpha-8.pom
2026-05-18 23:14:38,774 [Worker-8: Building workspace] INFO  o.e.m.c.i.e.AbstractTransferListenerAdapter - Downloaded https://repo.maven.apache.org/maven2/javax/validation/validation-api/1.1.0.Final/validation-api-1.1.0.Final.pom
2026-05-18 23:14:38,894 [Worker-8: Building workspace] INFO  o.e.m.c.i.e.AbstractTransferListenerAdapter - Downloaded https://repo.maven.apache.org/maven2/com/fasterxml/classmate/1.3.1/classmate-1.3.1.pom
2026-05-18 23:14:39,007 [Worker-8: Building workspace] INFO  o.e.m.c.i.e.AbstractTransferListenerAdapter - Downloaded https://repo.maven.apache.org/maven2/junit/junit/4.12/junit-4.12.pom
2026-05-18 23:14:39,161 [Worker-8: Building workspace] INFO  o.e.m.c.i.e.AbstractTransferListenerAdapter - Downloaded https://repo.maven.apache.org/maven2/org/hamcrest/hamcrest-core/1.3/hamcrest-core-1.3.pom
2026-05-18 23:14:39,272 [Worker-8: Building workspace] INFO  o.e.m.c.i.e.AbstractTransferListenerAdapter - Downloaded https://repo.maven.apache.org/maven2/org/hamcrest/hamcrest-parent/1.3/hamcrest-parent-1.3.pom
2026-05-18 23:14:39,405 [Worker-8: Building workspace] INFO  o.e.m.c.i.e.AbstractTransferListenerAdapter - Downloaded https://repo.maven.apache.org/maven2/javax/xml/bind/jaxb-api/2.3.1/jaxb-api-2.3.1.pom
2026-05-18 23:14:39,521 [Worker-8: Building workspace] INFO  o.e.m.c.i.e.AbstractTransferListenerAdapter - Downloaded https://repo.maven.apache.org/maven2/javax/xml/bind/jaxb-api-parent/2.3.1/jaxb-api-parent-2.3.1.pom
2026-05-18 23:14:39,651 [Worker-8: Building workspace] INFO  o.e.m.c.i.e.AbstractTransferListenerAdapter - Downloaded https://repo.maven.apache.org/maven2/net/java/jvnet-parent/5/jvnet-parent-5.pom
2026-05-18 23:14:39,775 [Worker-8: Building workspace] INFO  o.e.m.c.i.e.AbstractTransferListenerAdapter - Downloaded https://repo.maven.apache.org/maven2/javax/activation/javax.activation-api/1.2.0/javax.activation-api-1.2.0.pom
2026-05-18 23:14:39,929 [Worker-8: Building workspace] INFO  o.e.m.c.i.e.AbstractTransferListenerAdapter - Downloaded https://repo.maven.apache.org/maven2/com/sun/activation/all/1.2.0/all-1.2.0.pom
2026-05-18 23:14:40,048 [Worker-8: Building workspace] INFO  o.e.m.c.i.e.AbstractTransferListenerAdapter - Downloaded https://repo.maven.apache.org/maven2/org/springframework/spring-test/5.1.4.RELEASE/spring-test-5.1.4.RELEASE.pom
2026-05-18 23:14:40,145 [Worker-8: Building workspace] INFO  o.e.m.c.i.e.AbstractTransferListenerAdapter - Downloading https://repo.maven.apache.org/maven2/org/springframework/spring-jdbc/5.1.4.RELEASE/spring-jdbc-5.1.4.RELEASE.jar
2026-05-18 23:14:40,308 [Worker-8: Building workspace] INFO  o.e.m.c.i.e.AbstractTransferListenerAdapter - Downloaded https://repo.maven.apache.org/maven2/org/springframework/spring-jdbc/5.1.4.RELEASE/spring-jdbc-5.1.4.RELEASE.jar
2026-05-18 23:14:40,343 [Worker-8: Building workspace] INFO  o.e.m.c.i.e.AbstractTransferListenerAdapter - Downloading https://repo.maven.apache.org/maven2/org/springframework/spring-tx/5.1.4.RELEASE/spring-tx-5.1.4.RELEASE.jar
2026-05-18 23:14:40,419 [Worker-8: Building workspace] INFO  o.e.m.c.i.e.AbstractTransferListenerAdapter - Downloaded https://repo.maven.apache.org/maven2/org/springframework/spring-tx/5.1.4.RELEASE/spring-tx-5.1.4.RELEASE.jar
2026-05-18 23:14:40,452 [Worker-8: Building workspace] INFO  o.e.m.c.i.e.AbstractTransferListenerAdapter - Downloading https://repo.maven.apache.org/maven2/org/springframework/spring-orm/5.1.4.RELEASE/spring-orm-5.1.4.RELEASE.jar
2026-05-18 23:14:40,529 [Worker-8: Building workspace] INFO  o.e.m.c.i.e.AbstractTransferListenerAdapter - Downloaded https://repo.maven.apache.org/maven2/org/springframework/spring-orm/5.1.4.RELEASE/spring-orm-5.1.4.RELEASE.jar
2026-05-18 23:14:40,570 [Worker-8: Building workspace] INFO  o.e.m.c.i.e.AbstractTransferListenerAdapter - Downloading https://repo.maven.apache.org/maven2/org/hibernate/hibernate-core/5.2.11.Final/hibernate-core-5.2.11.Final.jar
2026-05-18 23:14:41,451 [Worker-8: Building workspace] INFO  o.e.m.c.i.e.AbstractTransferListenerAdapter - Downloaded https://repo.maven.apache.org/maven2/org/hibernate/hibernate-core/5.2.11.Final/hibernate-core-5.2.11.Final.jar
2026-05-18 23:14:41,487 [Worker-8: Building workspace] INFO  o.e.m.c.i.e.AbstractTransferListenerAdapter - Downloading https://repo.maven.apache.org/maven2/org/jboss/logging/jboss-logging/3.3.0.Final/jboss-logging-3.3.0.Final.jar
2026-05-18 23:14:41,564 [Worker-8: Building workspace] INFO  o.e.m.c.i.e.AbstractTransferListenerAdapter - Downloaded https://repo.maven.apache.org/maven2/org/jboss/logging/jboss-logging/3.3.0.Final/jboss-logging-3.3.0.Final.jar
2026-05-18 23:14:41,599 [Worker-8: Building workspace] INFO  o.e.m.c.i.e.AbstractTransferListenerAdapter - Downloading https://repo.maven.apache.org/maven2/org/hibernate/javax/persistence/hibernate-jpa-2.1-api/1.0.0.Final/hibernate-jpa-2.1-api-1.0.0.Final.jar
2026-05-18 23:14:41,706 [Worker-8: Building workspace] INFO  o.e.m.c.i.e.AbstractTransferListenerAdapter - Downloaded https://repo.maven.apache.org/maven2/org/hibernate/javax/persistence/hibernate-jpa-2.1-api/1.0.0.Final/hibernate-jpa-2.1-api-1.0.0.Final.jar
2026-05-18 23:14:41,741 [Worker-8: Building workspace] INFO  o.e.m.c.i.e.AbstractTransferListenerAdapter - Downloading https://repo.maven.apache.org/maven2/org/javassist/javassist/3.20.0-GA/javassist-3.20.0-GA.jar
2026-05-18 23:14:41,997 [Worker-8: Building workspace] INFO  o.e.m.c.i.e.AbstractTransferListenerAdapter - Downloaded https://repo.maven.apache.org/maven2/org/javassist/javassist/3.20.0-GA/javassist-3.20.0-GA.jar
2026-05-18 23:14:42,030 [Worker-8: Building workspace] INFO  o.e.m.c.i.e.AbstractTransferListenerAdapter - Downloading https://repo.maven.apache.org/maven2/antlr/antlr/2.7.7/antlr-2.7.7.jar
2026-05-18 23:14:42,190 [Worker-8: Building workspace] INFO  o.e.m.c.i.e.AbstractTransferListenerAdapter - Downloaded https://repo.maven.apache.org/maven2/antlr/antlr/2.7.7/antlr-2.7.7.jar
2026-05-18 23:14:42,222 [Worker-8: Building workspace] INFO  o.e.m.c.i.e.AbstractTransferListenerAdapter - Downloading https://repo.maven.apache.org/maven2/org/jboss/spec/javax/transaction/jboss-transaction-api_1.2_spec/1.0.1.Final/jboss-transaction-api_1.2_spec-1.0.1.Final.jar
2026-05-18 23:14:42,290 [Worker-8: Building workspace] INFO  o.e.m.c.i.e.AbstractTransferListenerAdapter - Downloaded https://repo.maven.apache.org/maven2/org/jboss/spec/javax/transaction/jboss-transaction-api_1.2_spec/1.0.1.Final/jboss-transaction-api_1.2_spec-1.0.1.Final.jar
2026-05-18 23:14:42,323 [Worker-8: Building workspace] INFO  o.e.m.c.i.e.AbstractTransferListenerAdapter - Downloading https://repo.maven.apache.org/maven2/org/jboss/jandex/2.0.3.Final/jandex-2.0.3.Final.jar
2026-05-18 23:14:42,409 [Worker-8: Building workspace] INFO  o.e.m.c.i.e.AbstractTransferListenerAdapter - Downloaded https://repo.maven.apache.org/maven2/org/jboss/jandex/2.0.3.Final/jandex-2.0.3.Final.jar
2026-05-18 23:14:42,444 [Worker-8: Building workspace] INFO  o.e.m.c.i.e.AbstractTransferListenerAdapter - Downloading https://repo.maven.apache.org/maven2/com/fasterxml/classmate/1.3.0/classmate-1.3.0.jar
2026-05-18 23:14:42,511 [Worker-8: Building workspace] INFO  o.e.m.c.i.e.AbstractTransferListenerAdapter - Downloaded https://repo.maven.apache.org/maven2/com/fasterxml/classmate/1.3.0/classmate-1.3.0.jar
2026-05-18 23:14:42,549 [Worker-8: Building workspace] INFO  o.e.m.c.i.e.AbstractTransferListenerAdapter - Downloading https://repo.maven.apache.org/maven2/org/hibernate/common/hibernate-commons-annotations/5.0.1.Final/hibernate-commons-annotations-5.0.1.Final.jar
2026-05-18 23:14:42,618 [Worker-8: Building workspace] INFO  o.e.m.c.i.e.AbstractTransferListenerAdapter - Downloaded https://repo.maven.apache.org/maven2/org/hibernate/common/hibernate-commons-annotations/5.0.1.Final/hibernate-commons-annotations-5.0.1.Final.jar
2026-05-18 23:14:42,654 [Worker-8: Building workspace] INFO  o.e.m.c.i.e.AbstractTransferListenerAdapter - Downloading https://repo.maven.apache.org/maven2/org/hibernate/hibernate-c3p0/5.2.11.Final/hibernate-c3p0-5.2.11.Final.jar
2026-05-18 23:14:42,725 [Worker-8: Building workspace] INFO  o.e.m.c.i.e.AbstractTransferListenerAdapter - Downloaded https://repo.maven.apache.org/maven2/org/hibernate/hibernate-c3p0/5.2.11.Final/hibernate-c3p0-5.2.11.Final.jar
2026-05-18 23:14:42,757 [Worker-8: Building workspace] INFO  o.e.m.c.i.e.AbstractTransferListenerAdapter - Downloading https://repo.maven.apache.org/maven2/org/hibernate/hibernate-validator/5.4.1.Final/hibernate-validator-5.4.1.Final.jar
2026-05-18 23:14:42,930 [Worker-8: Building workspace] INFO  o.e.m.c.i.e.AbstractTransferListenerAdapter - Downloaded https://repo.maven.apache.org/maven2/org/hibernate/hibernate-validator/5.4.1.Final/hibernate-validator-5.4.1.Final.jar
2026-05-18 23:14:42,963 [Worker-8: Building workspace] INFO  o.e.m.c.i.e.AbstractTransferListenerAdapter - Downloading https://repo.maven.apache.org/maven2/javax/validation/validation-api/1.1.0.Final/validation-api-1.1.0.Final.jar
2026-05-18 23:14:43,020 [Worker-8: Building workspace] INFO  o.e.m.c.i.e.AbstractTransferListenerAdapter - Downloaded https://repo.maven.apache.org/maven2/javax/validation/validation-api/1.1.0.Final/validation-api-1.1.0.Final.jar
2026-05-18 23:14:43,055 [Worker-8: Building workspace] INFO  o.e.m.c.i.e.AbstractTransferListenerAdapter - Downloading https://repo.maven.apache.org/maven2/junit/junit/4.12/junit-4.12.jar
2026-05-18 23:14:43,154 [Worker-8: Building workspace] INFO  o.e.m.c.i.e.AbstractTransferListenerAdapter - Downloaded https://repo.maven.apache.org/maven2/junit/junit/4.12/junit-4.12.jar
2026-05-18 23:14:43,187 [Worker-8: Building workspace] INFO  o.e.m.c.i.e.AbstractTransferListenerAdapter - Downloading https://repo.maven.apache.org/maven2/org/hamcrest/hamcrest-core/1.3/hamcrest-core-1.3.jar
2026-05-18 23:14:43,248 [Worker-8: Building workspace] INFO  o.e.m.c.i.e.AbstractTransferListenerAdapter - Downloaded https://repo.maven.apache.org/maven2/org/hamcrest/hamcrest-core/1.3/hamcrest-core-1.3.jar
2026-05-18 23:14:43,282 [Worker-8: Building workspace] INFO  o.e.m.c.i.e.AbstractTransferListenerAdapter - Downloading https://repo.maven.apache.org/maven2/javax/xml/bind/jaxb-api/2.3.1/jaxb-api-2.3.1.jar
2026-05-18 23:14:43,359 [Worker-8: Building workspace] INFO  o.e.m.c.i.e.AbstractTransferListenerAdapter - Downloaded https://repo.maven.apache.org/maven2/javax/xml/bind/jaxb-api/2.3.1/jaxb-api-2.3.1.jar
2026-05-18 23:14:43,397 [Worker-8: Building workspace] INFO  o.e.m.c.i.e.AbstractTransferListenerAdapter - Downloading https://repo.maven.apache.org/maven2/javax/activation/javax.activation-api/1.2.0/javax.activation-api-1.2.0.jar
2026-05-18 23:14:43,486 [Worker-8: Building workspace] INFO  o.e.m.c.i.e.AbstractTransferListenerAdapter - Downloaded https://repo.maven.apache.org/maven2/javax/activation/javax.activation-api/1.2.0/javax.activation-api-1.2.0.jar
2026-05-18 23:14:43,518 [Worker-8: Building workspace] INFO  o.e.m.c.i.e.AbstractTransferListenerAdapter - Downloading https://repo.maven.apache.org/maven2/org/springframework/spring-test/5.1.4.RELEASE/spring-test-5.1.4.RELEASE.jar
2026-05-18 23:14:43,627 [Worker-8: Building workspace] INFO  o.e.m.c.i.e.AbstractTransferListenerAdapter - Downloaded https://repo.maven.apache.org/maven2/org/springframework/spring-test/5.1.4.RELEASE/spring-test-5.1.4.RELEASE.jar
2026-05-18 23:14:46,252 [Worker-8: Building workspace] WARN  o.e.m.c.i.embedder.EclipseLogger - Using platform encoding (Cp1252 actually) to copy filtered resources, i.e. build is platform dependent!
2026-05-18 23:14:46,253 [Worker-8: Building workspace] INFO  o.e.m.c.i.embedder.EclipseLogger - Copying 0 resource
2026-05-18 23:14:46,254 [Worker-8: Building workspace] WARN  o.e.m.c.i.embedder.EclipseLogger - Using platform encoding (Cp1252 actually) to copy filtered resources, i.e. build is platform dependent!
2026-05-18 23:14:46,255 [Worker-8: Building workspace] INFO  o.e.m.c.i.embedder.EclipseLogger - Copying 0 resource
2026-05-18 23:14:47,451 [Worker-18: Building workspace] WARN  o.e.m.c.i.embedder.EclipseLogger - Using platform encoding (Cp1252 actually) to copy filtered resources, i.e. build is platform dependent!
2026-05-18 23:14:47,454 [Worker-18: Building workspace] INFO  o.e.m.c.i.embedder.EclipseLogger - Copying 0 resource
2026-05-18 23:14:47,455 [Worker-18: Building workspace] WARN  o.e.m.c.i.embedder.EclipseLogger - Using platform encoding (Cp1252 actually) to copy filtered resources, i.e. build is platform dependent!
2026-05-18 23:14:47,456 [Worker-18: Building workspace] INFO  o.e.m.c.i.embedder.EclipseLogger - Copying 0 resource
2026-05-18 23:14:47,665 [Worker-8: Download sources and javadoc] INFO  o.e.m.c.i.e.AbstractTransferListenerAdapter - Downloading https://repo.maven.apache.org/maven2/org/springframework/spring-jdbc/5.1.4.RELEASE/spring-jdbc-5.1.4.RELEASE-sources.jar
2026-05-18 23:14:47,832 [Worker-8: Download sources and javadoc] INFO  o.e.m.c.i.e.AbstractTransferListenerAdapter - Downloaded https://repo.maven.apache.org/maven2/org/springframework/spring-jdbc/5.1.4.RELEASE/spring-jdbc-5.1.4.RELEASE-sources.jar
2026-05-18 23:14:47,964 [Worker-8: Download sources and javadoc] INFO  o.e.m.j.internal.DownloadSourcesJob - Downloaded sources for org.springframework:spring-jdbc:5.1.4.RELEASE
2026-05-18 23:14:48,011 [Worker-8: Download sources and javadoc] INFO  o.e.m.c.i.e.AbstractTransferListenerAdapter - Downloading https://repo.maven.apache.org/maven2/org/springframework/spring-tx/5.1.4.RELEASE/spring-tx-5.1.4.RELEASE-sources.jar
2026-05-18 23:14:48,110 [Worker-8: Download sources and javadoc] INFO  o.e.m.c.i.e.AbstractTransferListenerAdapter - Downloaded https://repo.maven.apache.org/maven2/org/springframework/spring-tx/5.1.4.RELEASE/spring-tx-5.1.4.RELEASE-sources.jar
2026-05-18 23:14:48,242 [Worker-8: Download sources and javadoc] INFO  o.e.m.j.internal.DownloadSourcesJob - Downloaded sources for org.springframework:spring-tx:5.1.4.RELEASE
2026-05-18 23:14:48,593 [Worker-8: Download sources and javadoc] INFO  o.e.m.c.i.e.AbstractTransferListenerAdapter - Downloading https://repo.maven.apache.org/maven2/org/springframework/spring-orm/5.1.4.RELEASE/spring-orm-5.1.4.RELEASE-sources.jar
2026-05-18 23:14:48,795 [Worker-8: Download sources and javadoc] INFO  o.e.m.c.i.e.AbstractTransferListenerAdapter - Downloaded https://repo.maven.apache.org/maven2/org/springframework/spring-orm/5.1.4.RELEASE/spring-orm-5.1.4.RELEASE-sources.jar
2026-05-18 23:14:48,903 [Worker-8: Download sources and javadoc] INFO  o.e.m.j.internal.DownloadSourcesJob - Downloaded sources for org.springframework:spring-orm:5.1.4.RELEASE
2026-05-18 23:14:49,014 [Worker-8: Download sources and javadoc] INFO  o.e.m.c.i.e.AbstractTransferListenerAdapter - Downloading https://repo.maven.apache.org/maven2/org/hibernate/hibernate-core/5.2.11.Final/hibernate-core-5.2.11.Final-sources.jar
2026-05-18 23:14:49,845 [Worker-8: Download sources and javadoc] INFO  o.e.m.c.i.e.AbstractTransferListenerAdapter - Downloaded https://repo.maven.apache.org/maven2/org/hibernate/hibernate-core/5.2.11.Final/hibernate-core-5.2.11.Final-sources.jar
2026-05-18 23:14:49,961 [Worker-8: Download sources and javadoc] INFO  o.e.m.j.internal.DownloadSourcesJob - Downloaded sources for org.hibernate:hibernate-core:5.2.11.Final
2026-05-18 23:14:50,013 [Worker-8: Download sources and javadoc] INFO  o.e.m.c.i.e.AbstractTransferListenerAdapter - Downloading https://repo.maven.apache.org/maven2/org/jboss/logging/jboss-logging/3.3.0.Final/jboss-logging-3.3.0.Final-sources.jar
2026-05-18 23:14:50,139 [Worker-8: Download sources and javadoc] INFO  o.e.m.c.i.e.AbstractTransferListenerAdapter - Downloaded https://repo.maven.apache.org/maven2/org/jboss/logging/jboss-logging/3.3.0.Final/jboss-logging-3.3.0.Final-sources.jar
2026-05-18 23:14:50,336 [Worker-8: Download sources and javadoc] INFO  o.e.m.j.internal.DownloadSourcesJob - Downloaded sources for org.jboss.logging:jboss-logging:3.3.0.Final
2026-05-18 23:14:50,382 [Worker-8: Download sources and javadoc] INFO  o.e.m.c.i.e.AbstractTransferListenerAdapter - Downloading https://repo.maven.apache.org/maven2/org/hibernate/javax/persistence/hibernate-jpa-2.1-api/1.0.0.Final/hibernate-jpa-2.1-api-1.0.0.Final-sources.jar
2026-05-18 23:14:50,764 [Worker-8: Download sources and javadoc] INFO  o.e.m.c.i.e.AbstractTransferListenerAdapter - Downloaded https://repo.maven.apache.org/maven2/org/hibernate/javax/persistence/hibernate-jpa-2.1-api/1.0.0.Final/hibernate-jpa-2.1-api-1.0.0.Final-sources.jar
2026-05-18 23:14:50,857 [Worker-8: Download sources and javadoc] INFO  o.e.m.j.internal.DownloadSourcesJob - Downloaded sources for org.hibernate.javax.persistence:hibernate-jpa-2.1-api:1.0.0.Final
2026-05-18 23:14:50,910 [Worker-8: Download sources and javadoc] INFO  o.e.m.c.i.e.AbstractTransferListenerAdapter - Downloading https://repo.maven.apache.org/maven2/org/javassist/javassist/3.20.0-GA/javassist-3.20.0-GA-sources.jar
2026-05-18 23:14:50,987 [Worker-8: Download sources and javadoc] INFO  o.e.m.c.i.e.AbstractTransferListenerAdapter - Downloaded https://repo.maven.apache.org/maven2/org/javassist/javassist/3.20.0-GA/javassist-3.20.0-GA-sources.jar
2026-05-18 23:14:51,089 [Worker-8: Download sources and javadoc] INFO  o.e.m.j.internal.DownloadSourcesJob - Downloaded sources for org.javassist:javassist:3.20.0-GA
2026-05-18 23:14:51,146 [Worker-8: Download sources and javadoc] INFO  o.e.m.c.i.e.AbstractTransferListenerAdapter - Downloaded https://repo.maven.apache.org/maven2/antlr/antlr/2.7.7/antlr-2.7.7-sources.jar
2026-05-18 23:14:51,153 [Worker-8: Download sources and javadoc] ERROR o.e.m.j.internal.DownloadSourcesJob - Could not download sources for antlr:antlr:2.7.7
org.eclipse.core.runtime.CoreException: Could not resolve artifact antlr:antlr:jar:sources:2.7.7
	at org.eclipse.m2e.core.internal.embedder.MavenImpl.lambda$4(MavenImpl.java:763) ~[na:na]
	at org.eclipse.m2e.core.internal.embedder.MavenExecutionContext.executeBare(MavenExecutionContext.java:177) ~[na:na]
	at org.eclipse.m2e.core.internal.embedder.MavenExecutionContext.execute(MavenExecutionContext.java:112) ~[na:na]
	at org.eclipse.m2e.core.internal.embedder.MavenExecutionContext.execute(MavenExecutionContext.java:99) ~[na:na]
	at org.eclipse.m2e.core.internal.embedder.MavenImpl.resolve(MavenImpl.java:731) ~[na:na]
	at org.eclipse.m2e.core.internal.embedder.MavenImpl.resolve(MavenImpl.java:708) ~[na:na]
	at org.eclipse.m2e.jdt.internal.DownloadSourcesJob.download(DownloadSourcesJob.java:279) ~[na:na]
	at org.eclipse.m2e.jdt.internal.DownloadSourcesJob.downloadAttachments(DownloadSourcesJob.java:254) ~[na:na]
	at org.eclipse.m2e.jdt.internal.DownloadSourcesJob.downloadMaven(DownloadSourcesJob.java:221) ~[na:na]
	at org.eclipse.m2e.jdt.internal.DownloadSourcesJob.run(DownloadSourcesJob.java:161) ~[na:na]
	at org.eclipse.m2e.jdt.internal.DownloadSourcesJob$1.call(DownloadSourcesJob.java:137) ~[na:na]
	at org.eclipse.m2e.jdt.internal.DownloadSourcesJob$1.call(DownloadSourcesJob.java:1) ~[na:na]
	at org.eclipse.m2e.core.internal.embedder.MavenExecutionContext.executeBare(MavenExecutionContext.java:177) ~[na:na]
	at org.eclipse.m2e.core.internal.embedder.MavenExecutionContext.execute(MavenExecutionContext.java:151) ~[na:na]
	at org.eclipse.m2e.core.internal.embedder.MavenExecutionContext.execute(MavenExecutionContext.java:99) ~[na:na]
	at org.eclipse.m2e.core.internal.embedder.MavenImpl.execute(MavenImpl.java:1336) ~[na:na]
	at org.eclipse.m2e.jdt.internal.DownloadSourcesJob.run(DownloadSourcesJob.java:135) ~[na:na]
	at org.eclipse.core.internal.jobs.Worker.run(Worker.java:63) ~[org.eclipse.core.jobs_3.10.300.v20190215-2048.jar:na]
2026-05-18 23:14:51,203 [Worker-8: Download sources and javadoc] INFO  o.e.m.c.i.e.AbstractTransferListenerAdapter - Downloading https://repo.maven.apache.org/maven2/org/jboss/spec/javax/transaction/jboss-transaction-api_1.2_spec/1.0.1.Final/jboss-transaction-api_1.2_spec-1.0.1.Final-sources.jar
2026-05-18 23:14:51,583 [Worker-8: Download sources and javadoc] INFO  o.e.m.c.i.e.AbstractTransferListenerAdapter - Downloaded https://repo.maven.apache.org/maven2/org/jboss/spec/javax/transaction/jboss-transaction-api_1.2_spec/1.0.1.Final/jboss-transaction-api_1.2_spec-1.0.1.Final-sources.jar
2026-05-18 23:14:51,686 [Worker-8: Download sources and javadoc] INFO  o.e.m.j.internal.DownloadSourcesJob - Downloaded sources for org.jboss.spec.javax.transaction:jboss-transaction-api_1.2_spec:1.0.1.Final
2026-05-18 23:14:51,739 [Worker-8: Download sources and javadoc] INFO  o.e.m.c.i.e.AbstractTransferListenerAdapter - Downloading https://repo.maven.apache.org/maven2/org/jboss/jandex/2.0.3.Final/jandex-2.0.3.Final-sources.jar
2026-05-18 23:14:51,872 [Worker-8: Download sources and javadoc] INFO  o.e.m.c.i.e.AbstractTransferListenerAdapter - Downloaded https://repo.maven.apache.org/maven2/org/jboss/jandex/2.0.3.Final/jandex-2.0.3.Final-sources.jar
2026-05-18 23:14:51,969 [Worker-8: Download sources and javadoc] INFO  o.e.m.j.internal.DownloadSourcesJob - Downloaded sources for org.jboss:jandex:2.0.3.Final
2026-05-18 23:14:52,019 [Worker-8: Download sources and javadoc] INFO  o.e.m.c.i.e.AbstractTransferListenerAdapter - Downloading https://repo.maven.apache.org/maven2/com/fasterxml/classmate/1.3.0/classmate-1.3.0-sources.jar
2026-05-18 23:14:52,093 [Worker-8: Download sources and javadoc] INFO  o.e.m.c.i.e.AbstractTransferListenerAdapter - Downloaded https://repo.maven.apache.org/maven2/com/fasterxml/classmate/1.3.0/classmate-1.3.0-sources.jar
2026-05-18 23:14:52,194 [Worker-8: Download sources and javadoc] INFO  o.e.m.j.internal.DownloadSourcesJob - Downloaded sources for com.fasterxml:classmate:1.3.0
2026-05-18 23:14:52,239 [Worker-8: Download sources and javadoc] INFO  o.e.m.c.i.e.AbstractTransferListenerAdapter - Downloading https://repo.maven.apache.org/maven2/org/hibernate/common/hibernate-commons-annotations/5.0.1.Final/hibernate-commons-annotations-5.0.1.Final-sources.jar
2026-05-18 23:14:52,580 [Worker-8: Download sources and javadoc] INFO  o.e.m.c.i.e.AbstractTransferListenerAdapter - Downloaded https://repo.maven.apache.org/maven2/org/hibernate/common/hibernate-commons-annotations/5.0.1.Final/hibernate-commons-annotations-5.0.1.Final-sources.jar
2026-05-18 23:14:52,664 [Worker-8: Download sources and javadoc] INFO  o.e.m.j.internal.DownloadSourcesJob - Downloaded sources for org.hibernate.common:hibernate-commons-annotations:5.0.1.Final
2026-05-18 23:14:52,719 [Worker-8: Download sources and javadoc] INFO  o.e.m.c.i.e.AbstractTransferListenerAdapter - Downloading https://repo.maven.apache.org/maven2/org/hibernate/hibernate-c3p0/5.2.11.Final/hibernate-c3p0-5.2.11.Final-sources.jar
2026-05-18 23:14:52,870 [Worker-8: Download sources and javadoc] INFO  o.e.m.c.i.e.AbstractTransferListenerAdapter - Downloaded https://repo.maven.apache.org/maven2/org/hibernate/hibernate-c3p0/5.2.11.Final/hibernate-c3p0-5.2.11.Final-sources.jar
2026-05-18 23:14:52,982 [Worker-8: Download sources and javadoc] INFO  o.e.m.j.internal.DownloadSourcesJob - Downloaded sources for org.hibernate:hibernate-c3p0:5.2.11.Final
2026-05-18 23:14:53,098 [Worker-8: Download sources and javadoc] INFO  o.e.m.c.i.e.AbstractTransferListenerAdapter - Downloading https://repo.maven.apache.org/maven2/org/hibernate/hibernate-validator/5.4.1.Final/hibernate-validator-5.4.1.Final-sources.jar
2026-05-18 23:14:53,228 [Worker-8: Download sources and javadoc] INFO  o.e.m.c.i.e.AbstractTransferListenerAdapter - Downloaded https://repo.maven.apache.org/maven2/org/hibernate/hibernate-validator/5.4.1.Final/hibernate-validator-5.4.1.Final-sources.jar
2026-05-18 23:14:53,321 [Worker-8: Download sources and javadoc] INFO  o.e.m.j.internal.DownloadSourcesJob - Downloaded sources for org.hibernate:hibernate-validator:5.4.1.Final
2026-05-18 23:14:53,368 [Worker-8: Download sources and javadoc] INFO  o.e.m.c.i.e.AbstractTransferListenerAdapter - Downloading https://repo.maven.apache.org/maven2/javax/validation/validation-api/1.1.0.Final/validation-api-1.1.0.Final-sources.jar
2026-05-18 23:14:53,436 [Worker-8: Download sources and javadoc] INFO  o.e.m.c.i.e.AbstractTransferListenerAdapter - Downloaded https://repo.maven.apache.org/maven2/javax/validation/validation-api/1.1.0.Final/validation-api-1.1.0.Final-sources.jar
2026-05-18 23:14:53,601 [Worker-8: Download sources and javadoc] INFO  o.e.m.j.internal.DownloadSourcesJob - Downloaded sources for javax.validation:validation-api:1.1.0.Final
2026-05-18 23:14:53,646 [Worker-8: Download sources and javadoc] INFO  o.e.m.c.i.e.AbstractTransferListenerAdapter - Downloading https://repo.maven.apache.org/maven2/junit/junit/4.12/junit-4.12-sources.jar
2026-05-18 23:14:53,716 [Worker-8: Download sources and javadoc] INFO  o.e.m.c.i.e.AbstractTransferListenerAdapter - Downloaded https://repo.maven.apache.org/maven2/junit/junit/4.12/junit-4.12-sources.jar
2026-05-18 23:14:53,819 [Worker-8: Download sources and javadoc] INFO  o.e.m.j.internal.DownloadSourcesJob - Downloaded sources for junit:junit:4.12
2026-05-18 23:14:53,889 [Worker-8: Download sources and javadoc] INFO  o.e.m.c.i.e.AbstractTransferListenerAdapter - Downloading https://repo.maven.apache.org/maven2/org/hamcrest/hamcrest-core/1.3/hamcrest-core-1.3-sources.jar
2026-05-18 23:14:53,958 [Worker-8: Download sources and javadoc] INFO  o.e.m.c.i.e.AbstractTransferListenerAdapter - Downloaded https://repo.maven.apache.org/maven2/org/hamcrest/hamcrest-core/1.3/hamcrest-core-1.3-sources.jar
2026-05-18 23:14:54,052 [Worker-8: Download sources and javadoc] INFO  o.e.m.j.internal.DownloadSourcesJob - Downloaded sources for org.hamcrest:hamcrest-core:1.3
2026-05-18 23:14:54,104 [Worker-8: Download sources and javadoc] INFO  o.e.m.c.i.e.AbstractTransferListenerAdapter - Downloading https://repo.maven.apache.org/maven2/javax/xml/bind/jaxb-api/2.3.1/jaxb-api-2.3.1-sources.jar
2026-05-18 23:14:54,173 [Worker-8: Download sources and javadoc] INFO  o.e.m.c.i.e.AbstractTransferListenerAdapter - Downloaded https://repo.maven.apache.org/maven2/javax/xml/bind/jaxb-api/2.3.1/jaxb-api-2.3.1-sources.jar
2026-05-18 23:14:54,267 [Worker-8: Download sources and javadoc] INFO  o.e.m.j.internal.DownloadSourcesJob - Downloaded sources for javax.xml.bind:jaxb-api:2.3.1
2026-05-18 23:14:54,317 [Worker-8: Download sources and javadoc] INFO  o.e.m.c.i.e.AbstractTransferListenerAdapter - Downloading https://repo.maven.apache.org/maven2/javax/activation/javax.activation-api/1.2.0/javax.activation-api-1.2.0-sources.jar
2026-05-18 23:14:54,384 [Worker-8: Download sources and javadoc] INFO  o.e.m.c.i.e.AbstractTransferListenerAdapter - Downloaded https://repo.maven.apache.org/maven2/javax/activation/javax.activation-api/1.2.0/javax.activation-api-1.2.0-sources.jar
2026-05-18 23:14:54,461 [Worker-8: Download sources and javadoc] INFO  o.e.m.j.internal.DownloadSourcesJob - Downloaded sources for javax.activation:javax.activation-api:1.2.0
2026-05-18 23:14:54,585 [Worker-8: Download sources and javadoc] INFO  o.e.m.c.i.e.AbstractTransferListenerAdapter - Downloading https://repo.maven.apache.org/maven2/org/springframework/spring-test/5.1.4.RELEASE/spring-test-5.1.4.RELEASE-sources.jar
2026-05-18 23:14:54,963 [Worker-8: Download sources and javadoc] INFO  o.e.m.c.i.e.AbstractTransferListenerAdapter - Downloaded https://repo.maven.apache.org/maven2/org/springframework/spring-test/5.1.4.RELEASE/spring-test-5.1.4.RELEASE-sources.jar
2026-05-18 23:14:55,052 [Worker-8: Download sources and javadoc] INFO  o.e.m.j.internal.DownloadSourcesJob - Downloaded sources for org.springframework:spring-test:5.1.4.RELEASE
2026-05-18 23:14:55,389 [Worker-20: Building workspace] WARN  o.e.m.c.i.embedder.EclipseLogger - Using platform encoding (Cp1252 actually) to copy filtered resources, i.e. build is platform dependent!
2026-05-18 23:14:55,390 [Worker-20: Building workspace] INFO  o.e.m.c.i.embedder.EclipseLogger - Copying 0 resource
2026-05-18 23:14:55,392 [Worker-20: Building workspace] WARN  o.e.m.c.i.embedder.EclipseLogger - Using platform encoding (Cp1252 actually) to copy filtered resources, i.e. build is platform dependent!
2026-05-18 23:14:55,393 [Worker-20: Building workspace] INFO  o.e.m.c.i.embedder.EclipseLogger - Copying 0 resource
2026-05-18 23:14:56,466 [Worker-8: Download sources and javadoc] INFO  o.e.m.c.i.e.AbstractTransferListenerAdapter - Downloaded https://repo.maven.apache.org/maven2/antlr/antlr/2.7.7/antlr-2.7.7-javadoc.jar
2026-05-18 23:14:56,481 [Worker-8: Download sources and javadoc] ERROR o.e.m.j.internal.DownloadSourcesJob - Could not download javadoc for antlr:antlr:2.7.7
org.eclipse.core.runtime.CoreException: Could not resolve artifact antlr:antlr:jar:javadoc:2.7.7
	at org.eclipse.m2e.core.internal.embedder.MavenImpl.lambda$4(MavenImpl.java:763) ~[na:na]
	at org.eclipse.m2e.core.internal.embedder.MavenExecutionContext.executeBare(MavenExecutionContext.java:177) ~[na:na]
	at org.eclipse.m2e.core.internal.embedder.MavenExecutionContext.execute(MavenExecutionContext.java:112) ~[na:na]
	at org.eclipse.m2e.core.internal.embedder.MavenExecutionContext.execute(MavenExecutionContext.java:99) ~[na:na]
	at org.eclipse.m2e.core.internal.embedder.MavenImpl.resolve(MavenImpl.java:731) ~[na:na]
	at org.eclipse.m2e.core.internal.embedder.MavenImpl.resolve(MavenImpl.java:708) ~[na:na]
	at org.eclipse.m2e.jdt.internal.DownloadSourcesJob.download(DownloadSourcesJob.java:279) ~[na:na]
	at org.eclipse.m2e.jdt.internal.DownloadSourcesJob.downloadAttachments(DownloadSourcesJob.java:265) ~[na:na]
	at org.eclipse.m2e.jdt.internal.DownloadSourcesJob.downloadMaven(DownloadSourcesJob.java:221) ~[na:na]
	at org.eclipse.m2e.jdt.internal.DownloadSourcesJob.run(DownloadSourcesJob.java:161) ~[na:na]
	at org.eclipse.m2e.jdt.internal.DownloadSourcesJob$1.call(DownloadSourcesJob.java:137) ~[na:na]
	at org.eclipse.m2e.jdt.internal.DownloadSourcesJob$1.call(DownloadSourcesJob.java:1) ~[na:na]
	at org.eclipse.m2e.core.internal.embedder.MavenExecutionContext.executeBare(MavenExecutionContext.java:177) ~[na:na]
	at org.eclipse.m2e.core.internal.embedder.MavenExecutionContext.execute(MavenExecutionContext.java:151) ~[na:na]
	at org.eclipse.m2e.core.internal.embedder.MavenExecutionContext.execute(MavenExecutionContext.java:99) ~[na:na]
	at org.eclipse.m2e.core.internal.embedder.MavenImpl.execute(MavenImpl.java:1336) ~[na:na]
	at org.eclipse.m2e.jdt.internal.DownloadSourcesJob.run(DownloadSourcesJob.java:135) ~[na:na]
	at org.eclipse.core.internal.jobs.Worker.run(Worker.java:63) ~[org.eclipse.core.jobs_3.10.300.v20190215-2048.jar:na]
2026-05-18 23:15:14,798 [Worker-19: Building workspace] WARN  o.e.m.c.i.embedder.EclipseLogger - Using platform encoding (Cp1252 actually) to copy filtered resources, i.e. build is platform dependent!
2026-05-18 23:15:14,800 [Worker-19: Building workspace] INFO  o.e.m.c.i.embedder.EclipseLogger - Copying 0 resource
2026-05-18 23:15:14,801 [Worker-19: Building workspace] WARN  o.e.m.c.i.embedder.EclipseLogger - Using platform encoding (Cp1252 actually) to copy filtered resources, i.e. build is platform dependent!
2026-05-18 23:15:14,802 [Worker-19: Building workspace] INFO  o.e.m.c.i.embedder.EclipseLogger - Copying 0 resource
2026-05-18 23:15:28,071 [Worker-8: Building workspace] WARN  o.e.m.c.i.embedder.EclipseLogger - Using platform encoding (Cp1252 actually) to copy filtered resources, i.e. build is platform dependent!
2026-05-18 23:15:28,072 [Worker-8: Building workspace] INFO  o.e.m.c.i.embedder.EclipseLogger - Copying 0 resource
2026-05-18 23:15:28,073 [Worker-8: Building workspace] WARN  o.e.m.c.i.embedder.EclipseLogger - Using platform encoding (Cp1252 actually) to copy filtered resources, i.e. build is platform dependent!
2026-05-18 23:15:28,074 [Worker-8: Building workspace] INFO  o.e.m.c.i.embedder.EclipseLogger - Copying 0 resource
2026-05-18 23:15:46,493 [Worker-8: Building workspace] WARN  o.e.m.c.i.embedder.EclipseLogger - Using platform encoding (Cp1252 actually) to copy filtered resources, i.e. build is platform dependent!
2026-05-18 23:15:46,498 [Worker-8: Building workspace] INFO  o.e.m.c.i.embedder.EclipseLogger - Copying 0 resource
2026-05-18 23:15:46,500 [Worker-8: Building workspace] WARN  o.e.m.c.i.embedder.EclipseLogger - Using platform encoding (Cp1252 actually) to copy filtered resources, i.e. build is platform dependent!
2026-05-18 23:15:46,501 [Worker-8: Building workspace] INFO  o.e.m.c.i.embedder.EclipseLogger - Copying 0 resource
2026-05-18 23:15:57,837 [Worker-15: Building workspace] WARN  o.e.m.c.i.embedder.EclipseLogger - Using platform encoding (Cp1252 actually) to copy filtered resources, i.e. build is platform dependent!
2026-05-18 23:15:57,838 [Worker-15: Building workspace] INFO  o.e.m.c.i.embedder.EclipseLogger - Copying 0 resource
2026-05-18 23:15:57,839 [Worker-15: Building workspace] WARN  o.e.m.c.i.embedder.EclipseLogger - Using platform encoding (Cp1252 actually) to copy filtered resources, i.e. build is platform dependent!
2026-05-18 23:15:57,840 [Worker-15: Building workspace] INFO  o.e.m.c.i.embedder.EclipseLogger - Copying 0 resource
2026-05-18 23:16:52,491 [Worker-15: Building workspace] WARN  o.e.m.c.i.embedder.EclipseLogger - Using platform encoding (Cp1252 actually) to copy filtered resources, i.e. build is platform dependent!
2026-05-18 23:16:52,494 [Worker-15: Building workspace] INFO  o.e.m.c.i.embedder.EclipseLogger - Copying 0 resource
2026-05-18 23:16:52,498 [Worker-15: Building workspace] WARN  o.e.m.c.i.embedder.EclipseLogger - Using platform encoding (Cp1252 actually) to copy filtered resources, i.e. build is platform dependent!
2026-05-18 23:16:52,500 [Worker-15: Building workspace] INFO  o.e.m.c.i.embedder.EclipseLogger - Copying 0 resource
2026-05-18 23:17:00,504 [Worker-8: Building workspace] WARN  o.e.m.c.i.embedder.EclipseLogger - Using platform encoding (Cp1252 actually) to copy filtered resources, i.e. build is platform dependent!
2026-05-18 23:17:00,505 [Worker-8: Building workspace] INFO  o.e.m.c.i.embedder.EclipseLogger - Copying 0 resource
2026-05-18 23:17:00,505 [Worker-8: Building workspace] WARN  o.e.m.c.i.embedder.EclipseLogger - Using platform encoding (Cp1252 actually) to copy filtered resources, i.e. build is platform dependent!
2026-05-18 23:17:00,506 [Worker-8: Building workspace] INFO  o.e.m.c.i.embedder.EclipseLogger - Copying 0 resource
2026-05-19 11:10:16,808 [Worker-1: Loading available Gradle versions] INFO  o.e.b.c.i.u.g.PublishedGradleVersions - Gradle version information cache is up-to-date. Trying to read.
2026-05-19 11:10:28,948 [Worker-2: Building workspace] WARN  o.e.m.c.i.embedder.EclipseLogger - Using platform encoding (Cp1252 actually) to copy filtered resources, i.e. build is platform dependent!
2026-05-19 11:10:28,956 [Worker-2: Building workspace] INFO  o.e.m.c.i.embedder.EclipseLogger - Copying 1 resource
2026-05-19 11:10:28,963 [Worker-2: Building workspace] WARN  o.e.m.c.i.embedder.EclipseLogger - Using platform encoding (Cp1252 actually) to copy filtered resources, i.e. build is platform dependent!
2026-05-19 11:10:28,966 [Worker-2: Building workspace] INFO  o.e.m.c.i.embedder.EclipseLogger - Copying 0 resource
2026-05-19 11:17:16,926 [Worker-18: Building workspace] WARN  o.e.m.c.i.embedder.EclipseLogger - Using platform encoding (Cp1252 actually) to copy filtered resources, i.e. build is platform dependent!
2026-05-19 11:17:16,940 [Worker-18: Building workspace] INFO  o.e.m.c.i.embedder.EclipseLogger - Copying 1 resource
2026-05-19 11:17:16,944 [Worker-18: Building workspace] WARN  o.e.m.c.i.embedder.EclipseLogger - Using platform encoding (Cp1252 actually) to copy filtered resources, i.e. build is platform dependent!
2026-05-19 11:17:16,945 [Worker-18: Building workspace] INFO  o.e.m.c.i.embedder.EclipseLogger - Copying 0 resource
2026-05-19 11:18:15,719 [Worker-18: Building workspace] WARN  o.e.m.c.i.embedder.EclipseLogger - Using platform encoding (Cp1252 actually) to copy filtered resources, i.e. build is platform dependent!
2026-05-19 11:18:15,725 [Worker-18: Building workspace] INFO  o.e.m.c.i.embedder.EclipseLogger - Copying 1 resource
2026-05-19 11:18:15,728 [Worker-18: Building workspace] WARN  o.e.m.c.i.embedder.EclipseLogger - Using platform encoding (Cp1252 actually) to copy filtered resources, i.e. build is platform dependent!
2026-05-19 11:18:15,730 [Worker-18: Building workspace] INFO  o.e.m.c.i.embedder.EclipseLogger - Copying 0 resource
2026-05-19 11:18:26,779 [Worker-17: Building workspace] WARN  o.e.m.c.i.embedder.EclipseLogger - Using platform encoding (Cp1252 actually) to copy filtered resources, i.e. build is platform dependent!
2026-05-19 11:18:26,782 [Worker-17: Building workspace] INFO  o.e.m.c.i.embedder.EclipseLogger - Copying 1 resource
2026-05-19 11:18:26,783 [Worker-17: Building workspace] WARN  o.e.m.c.i.embedder.EclipseLogger - Using platform encoding (Cp1252 actually) to copy filtered resources, i.e. build is platform dependent!
2026-05-19 11:18:26,784 [Worker-17: Building workspace] INFO  o.e.m.c.i.embedder.EclipseLogger - Copying 0 resource
2026-05-19 11:18:38,929 [Worker-16: Building workspace] WARN  o.e.m.c.i.embedder.EclipseLogger - Using platform encoding (Cp1252 actually) to copy filtered resources, i.e. build is platform dependent!
2026-05-19 11:18:38,931 [Worker-16: Building workspace] INFO  o.e.m.c.i.embedder.EclipseLogger - Copying 1 resource
2026-05-19 11:18:38,932 [Worker-16: Building workspace] WARN  o.e.m.c.i.embedder.EclipseLogger - Using platform encoding (Cp1252 actually) to copy filtered resources, i.e. build is platform dependent!
2026-05-19 11:18:38,933 [Worker-16: Building workspace] INFO  o.e.m.c.i.embedder.EclipseLogger - Copying 0 resource
2026-05-19 11:20:37,415 [Worker-8: Building workspace] WARN  o.e.m.c.i.embedder.EclipseLogger - Using platform encoding (Cp1252 actually) to copy filtered resources, i.e. build is platform dependent!
2026-05-19 11:20:37,420 [Worker-8: Building workspace] INFO  o.e.m.c.i.embedder.EclipseLogger - Copying 1 resource
2026-05-19 11:20:37,422 [Worker-8: Building workspace] WARN  o.e.m.c.i.embedder.EclipseLogger - Using platform encoding (Cp1252 actually) to copy filtered resources, i.e. build is platform dependent!
2026-05-19 11:20:37,423 [Worker-8: Building workspace] INFO  o.e.m.c.i.embedder.EclipseLogger - Copying 0 resource
2026-05-19 11:24:37,939 [Worker-17: Building workspace] WARN  o.e.m.c.i.embedder.EclipseLogger - Using platform encoding (Cp1252 actually) to copy filtered resources, i.e. build is platform dependent!
2026-05-19 11:24:37,942 [Worker-17: Building workspace] INFO  o.e.m.c.i.embedder.EclipseLogger - Copying 1 resource
2026-05-19 11:24:37,953 [Worker-17: Building workspace] WARN  o.e.m.c.i.embedder.EclipseLogger - Using platform encoding (Cp1252 actually) to copy filtered resources, i.e. build is platform dependent!
2026-05-19 11:24:37,956 [Worker-17: Building workspace] INFO  o.e.m.c.i.embedder.EclipseLogger - Copying 0 resource
2026-05-19 11:26:34,880 [Worker-21: Building workspace] WARN  o.e.m.c.i.embedder.EclipseLogger - Using platform encoding (Cp1252 actually) to copy filtered resources, i.e. build is platform dependent!
2026-05-19 11:26:34,882 [Worker-21: Building workspace] INFO  o.e.m.c.i.embedder.EclipseLogger - Copying 1 resource
2026-05-19 11:26:34,887 [Worker-21: Building workspace] WARN  o.e.m.c.i.embedder.EclipseLogger - Using platform encoding (Cp1252 actually) to copy filtered resources, i.e. build is platform dependent!
2026-05-19 11:26:34,889 [Worker-21: Building workspace] INFO  o.e.m.c.i.embedder.EclipseLogger - Copying 0 resource
2026-05-19 11:26:38,140 [Worker-22: Building workspace] WARN  o.e.m.c.i.embedder.EclipseLogger - Using platform encoding (Cp1252 actually) to copy filtered resources, i.e. build is platform dependent!
2026-05-19 11:26:38,142 [Worker-22: Building workspace] INFO  o.e.m.c.i.embedder.EclipseLogger - Copying 1 resource
2026-05-19 11:26:38,144 [Worker-22: Building workspace] WARN  o.e.m.c.i.embedder.EclipseLogger - Using platform encoding (Cp1252 actually) to copy filtered resources, i.e. build is platform dependent!
2026-05-19 11:26:38,145 [Worker-22: Building workspace] INFO  o.e.m.c.i.embedder.EclipseLogger - Copying 0 resource
2026-05-19 11:28:00,851 [Worker-19: Building workspace] WARN  o.e.m.c.i.embedder.EclipseLogger - Using platform encoding (Cp1252 actually) to copy filtered resources, i.e. build is platform dependent!
2026-05-19 11:28:00,852 [Worker-19: Building workspace] INFO  o.e.m.c.i.embedder.EclipseLogger - Copying 1 resource
2026-05-19 11:28:00,857 [Worker-19: Building workspace] WARN  o.e.m.c.i.embedder.EclipseLogger - Using platform encoding (Cp1252 actually) to copy filtered resources, i.e. build is platform dependent!
2026-05-19 11:28:00,858 [Worker-19: Building workspace] INFO  o.e.m.c.i.embedder.EclipseLogger - Copying 0 resource
2026-05-19 11:28:10,256 [Worker-17: Building workspace] WARN  o.e.m.c.i.embedder.EclipseLogger - Using platform encoding (Cp1252 actually) to copy filtered resources, i.e. build is platform dependent!
2026-05-19 11:28:10,257 [Worker-17: Building workspace] INFO  o.e.m.c.i.embedder.EclipseLogger - Copying 1 resource
2026-05-19 11:28:10,259 [Worker-17: Building workspace] WARN  o.e.m.c.i.embedder.EclipseLogger - Using platform encoding (Cp1252 actually) to copy filtered resources, i.e. build is platform dependent!
2026-05-19 11:28:10,260 [Worker-17: Building workspace] INFO  o.e.m.c.i.embedder.EclipseLogger - Copying 0 resource
2026-05-19 11:29:48,036 [Worker-21: Building workspace] WARN  o.e.m.c.i.embedder.EclipseLogger - Using platform encoding (Cp1252 actually) to copy filtered resources, i.e. build is platform dependent!
2026-05-19 11:29:48,038 [Worker-21: Building workspace] INFO  o.e.m.c.i.embedder.EclipseLogger - Copying 1 resource
2026-05-19 11:29:48,039 [Worker-21: Building workspace] WARN  o.e.m.c.i.embedder.EclipseLogger - Using platform encoding (Cp1252 actually) to copy filtered resources, i.e. build is platform dependent!
2026-05-19 11:29:48,040 [Worker-21: Building workspace] INFO  o.e.m.c.i.embedder.EclipseLogger - Copying 0 resource
2026-05-19 11:30:01,479 [Worker-21: Building workspace] WARN  o.e.m.c.i.embedder.EclipseLogger - Using platform encoding (Cp1252 actually) to copy filtered resources, i.e. build is platform dependent!
2026-05-19 11:30:01,480 [Worker-21: Building workspace] INFO  o.e.m.c.i.embedder.EclipseLogger - Copying 1 resource
2026-05-19 11:30:01,482 [Worker-21: Building workspace] WARN  o.e.m.c.i.embedder.EclipseLogger - Using platform encoding (Cp1252 actually) to copy filtered resources, i.e. build is platform dependent!
2026-05-19 11:30:01,482 [Worker-21: Building workspace] INFO  o.e.m.c.i.embedder.EclipseLogger - Copying 0 resource
2026-05-19 11:30:30,021 [Worker-22: Launching TestOrder (2)] WARN  o.e.m.c.i.embedder.EclipseLogger - Using platform encoding (Cp1252 actually) to copy filtered resources, i.e. build is platform dependent!
2026-05-19 11:30:30,024 [Worker-22: Launching TestOrder (2)] INFO  o.e.m.c.i.embedder.EclipseLogger - Copying 1 resource
2026-05-19 11:30:30,025 [Worker-22: Launching TestOrder (2)] WARN  o.e.m.c.i.embedder.EclipseLogger - Using platform encoding (Cp1252 actually) to copy filtered resources, i.e. build is platform dependent!
2026-05-19 11:30:30,027 [Worker-22: Launching TestOrder (2)] INFO  o.e.m.c.i.embedder.EclipseLogger - Copying 0 resource
2026-05-19 11:31:10,691 [Worker-17: Building workspace] WARN  o.e.m.c.i.embedder.EclipseLogger - Using platform encoding (Cp1252 actually) to copy filtered resources, i.e. build is platform dependent!
2026-05-19 11:31:10,692 [Worker-17: Building workspace] INFO  o.e.m.c.i.embedder.EclipseLogger - Copying 1 resource
2026-05-19 11:31:10,693 [Worker-17: Building workspace] WARN  o.e.m.c.i.embedder.EclipseLogger - Using platform encoding (Cp1252 actually) to copy filtered resources, i.e. build is platform dependent!
2026-05-19 11:31:10,694 [Worker-17: Building workspace] INFO  o.e.m.c.i.embedder.EclipseLogger - Copying 0 resource
2026-05-19 11:31:31,887 [Worker-19: Building workspace] WARN  o.e.m.c.i.embedder.EclipseLogger - Using platform encoding (Cp1252 actually) to copy filtered resources, i.e. build is platform dependent!
2026-05-19 11:31:31,889 [Worker-19: Building workspace] INFO  o.e.m.c.i.embedder.EclipseLogger - Copying 1 resource
2026-05-19 11:31:31,892 [Worker-19: Building workspace] WARN  o.e.m.c.i.embedder.EclipseLogger - Using platform encoding (Cp1252 actually) to copy filtered resources, i.e. build is platform dependent!
2026-05-19 11:31:31,893 [Worker-19: Building workspace] INFO  o.e.m.c.i.embedder.EclipseLogger - Copying 0 resource
2026-05-19 11:31:39,300 [Worker-22: Building workspace] WARN  o.e.m.c.i.embedder.EclipseLogger - Using platform encoding (Cp1252 actually) to copy filtered resources, i.e. build is platform dependent!
2026-05-19 11:31:39,310 [Worker-22: Building workspace] INFO  o.e.m.c.i.embedder.EclipseLogger - Copying 1 resource
2026-05-19 11:31:39,311 [Worker-22: Building workspace] WARN  o.e.m.c.i.embedder.EclipseLogger - Using platform encoding (Cp1252 actually) to copy filtered resources, i.e. build is platform dependent!
2026-05-19 11:31:39,323 [Worker-22: Building workspace] INFO  o.e.m.c.i.embedder.EclipseLogger - Copying 0 resource
2026-05-19 11:32:21,179 [Worker-17: Building workspace] WARN  o.e.m.c.i.embedder.EclipseLogger - Using platform encoding (Cp1252 actually) to copy filtered resources, i.e. build is platform dependent!
2026-05-19 11:32:21,181 [Worker-17: Building workspace] INFO  o.e.m.c.i.embedder.EclipseLogger - Copying 1 resource
2026-05-19 11:32:21,183 [Worker-17: Building workspace] WARN  o.e.m.c.i.embedder.EclipseLogger - Using platform encoding (Cp1252 actually) to copy filtered resources, i.e. build is platform dependent!
2026-05-19 11:32:21,184 [Worker-17: Building workspace] INFO  o.e.m.c.i.embedder.EclipseLogger - Copying 0 resource
2026-05-19 11:33:24,030 [Worker-19: Building workspace] WARN  o.e.m.c.i.embedder.EclipseLogger - Using platform encoding (Cp1252 actually) to copy filtered resources, i.e. build is platform dependent!
2026-05-19 11:33:24,031 [Worker-19: Building workspace] INFO  o.e.m.c.i.embedder.EclipseLogger - Copying 1 resource
2026-05-19 11:33:24,033 [Worker-19: Building workspace] WARN  o.e.m.c.i.embedder.EclipseLogger - Using platform encoding (Cp1252 actually) to copy filtered resources, i.e. build is platform dependent!
2026-05-19 11:33:24,034 [Worker-19: Building workspace] INFO  o.e.m.c.i.embedder.EclipseLogger - Copying 0 resource
2026-05-19 11:33:37,083 [Worker-22: Building workspace] WARN  o.e.m.c.i.embedder.EclipseLogger - Using platform encoding (Cp1252 actually) to copy filtered resources, i.e. build is platform dependent!
2026-05-19 11:33:37,085 [Worker-22: Building workspace] INFO  o.e.m.c.i.embedder.EclipseLogger - Copying 1 resource
2026-05-19 11:33:37,086 [Worker-22: Building workspace] WARN  o.e.m.c.i.embedder.EclipseLogger - Using platform encoding (Cp1252 actually) to copy filtered resources, i.e. build is platform dependent!
2026-05-19 11:33:37,087 [Worker-22: Building workspace] INFO  o.e.m.c.i.embedder.EclipseLogger - Copying 0 resource
2026-05-19 11:33:43,756 [Worker-19: Building workspace] WARN  o.e.m.c.i.embedder.EclipseLogger - Using platform encoding (Cp1252 actually) to copy filtered resources, i.e. build is platform dependent!
2026-05-19 11:33:43,759 [Worker-19: Building workspace] INFO  o.e.m.c.i.embedder.EclipseLogger - Copying 1 resource
2026-05-19 11:33:43,764 [Worker-19: Building workspace] WARN  o.e.m.c.i.embedder.EclipseLogger - Using platform encoding (Cp1252 actually) to copy filtered resources, i.e. build is platform dependent!
2026-05-19 11:33:43,766 [Worker-19: Building workspace] INFO  o.e.m.c.i.embedder.EclipseLogger - Copying 0 resource
2026-05-19 11:33:53,342 [Worker-17: Building workspace] WARN  o.e.m.c.i.embedder.EclipseLogger - Using platform encoding (Cp1252 actually) to copy filtered resources, i.e. build is platform dependent!
2026-05-19 11:33:53,344 [Worker-17: Building workspace] INFO  o.e.m.c.i.embedder.EclipseLogger - Copying 1 resource
2026-05-19 11:33:53,346 [Worker-17: Building workspace] WARN  o.e.m.c.i.embedder.EclipseLogger - Using platform encoding (Cp1252 actually) to copy filtered resources, i.e. build is platform dependent!
2026-05-19 11:33:53,347 [Worker-17: Building workspace] INFO  o.e.m.c.i.embedder.EclipseLogger - Copying 0 resource
2026-05-19 11:37:51,648 [Worker-24: Building workspace] WARN  o.e.m.c.i.embedder.EclipseLogger - Using platform encoding (Cp1252 actually) to copy filtered resources, i.e. build is platform dependent!
2026-05-19 11:37:51,650 [Worker-24: Building workspace] INFO  o.e.m.c.i.embedder.EclipseLogger - Copying 1 resource
2026-05-19 11:37:51,652 [Worker-24: Building workspace] WARN  o.e.m.c.i.embedder.EclipseLogger - Using platform encoding (Cp1252 actually) to copy filtered resources, i.e. build is platform dependent!
2026-05-19 11:37:51,653 [Worker-24: Building workspace] INFO  o.e.m.c.i.embedder.EclipseLogger - Copying 0 resource
2026-05-19 11:38:46,715 [Worker-22: Building workspace] WARN  o.e.m.c.i.embedder.EclipseLogger - Using platform encoding (Cp1252 actually) to copy filtered resources, i.e. build is platform dependent!
2026-05-19 11:38:46,716 [Worker-22: Building workspace] INFO  o.e.m.c.i.embedder.EclipseLogger - Copying 1 resource
2026-05-19 11:38:46,717 [Worker-22: Building workspace] WARN  o.e.m.c.i.embedder.EclipseLogger - Using platform encoding (Cp1252 actually) to copy filtered resources, i.e. build is platform dependent!
2026-05-19 11:38:46,718 [Worker-22: Building workspace] INFO  o.e.m.c.i.embedder.EclipseLogger - Copying 0 resource
2026-05-19 12:02:52,642 [Worker-28: Building workspace] WARN  o.e.m.c.i.embedder.EclipseLogger - Using platform encoding (Cp1252 actually) to copy filtered resources, i.e. build is platform dependent!
2026-05-19 12:02:52,643 [Worker-28: Building workspace] INFO  o.e.m.c.i.embedder.EclipseLogger - Copying 1 resource
2026-05-19 12:02:52,644 [Worker-28: Building workspace] WARN  o.e.m.c.i.embedder.EclipseLogger - Using platform encoding (Cp1252 actually) to copy filtered resources, i.e. build is platform dependent!
2026-05-19 12:02:52,645 [Worker-28: Building workspace] INFO  o.e.m.c.i.embedder.EclipseLogger - Copying 0 resource
2026-05-19 12:03:02,204 [Worker-28: Launching TestOrder (3)] WARN  o.e.m.c.i.embedder.EclipseLogger - Using platform encoding (Cp1252 actually) to copy filtered resources, i.e. build is platform dependent!
2026-05-19 12:03:02,208 [Worker-28: Launching TestOrder (3)] INFO  o.e.m.c.i.embedder.EclipseLogger - Copying 1 resource
2026-05-19 12:03:02,211 [Worker-28: Launching TestOrder (3)] WARN  o.e.m.c.i.embedder.EclipseLogger - Using platform encoding (Cp1252 actually) to copy filtered resources, i.e. build is platform dependent!
2026-05-19 12:03:02,213 [Worker-28: Launching TestOrder (3)] INFO  o.e.m.c.i.embedder.EclipseLogger - Copying 0 resource
2026-05-19 12:03:56,321 [Worker-31: Building workspace] WARN  o.e.m.c.i.embedder.EclipseLogger - Using platform encoding (Cp1252 actually) to copy filtered resources, i.e. build is platform dependent!
2026-05-19 12:03:56,322 [Worker-31: Building workspace] INFO  o.e.m.c.i.embedder.EclipseLogger - Copying 1 resource
2026-05-19 12:03:56,325 [Worker-31: Building workspace] WARN  o.e.m.c.i.embedder.EclipseLogger - Using platform encoding (Cp1252 actually) to copy filtered resources, i.e. build is platform dependent!
2026-05-19 12:03:56,326 [Worker-31: Building workspace] INFO  o.e.m.c.i.embedder.EclipseLogger - Copying 0 resource
2026-05-19 12:04:16,905 [Worker-31: Building workspace] WARN  o.e.m.c.i.embedder.EclipseLogger - Using platform encoding (Cp1252 actually) to copy filtered resources, i.e. build is platform dependent!
2026-05-19 12:04:16,906 [Worker-31: Building workspace] INFO  o.e.m.c.i.embedder.EclipseLogger - Copying 1 resource
2026-05-19 12:04:16,907 [Worker-31: Building workspace] WARN  o.e.m.c.i.embedder.EclipseLogger - Using platform encoding (Cp1252 actually) to copy filtered resources, i.e. build is platform dependent!
2026-05-19 12:04:16,908 [Worker-31: Building workspace] INFO  o.e.m.c.i.embedder.EclipseLogger - Copying 0 resource
2026-05-19 12:04:18,916 [Worker-28: Building workspace] WARN  o.e.m.c.i.embedder.EclipseLogger - Using platform encoding (Cp1252 actually) to copy filtered resources, i.e. build is platform dependent!
2026-05-19 12:04:18,917 [Worker-28: Building workspace] INFO  o.e.m.c.i.embedder.EclipseLogger - Copying 1 resource
2026-05-19 12:04:18,918 [Worker-28: Building workspace] WARN  o.e.m.c.i.embedder.EclipseLogger - Using platform encoding (Cp1252 actually) to copy filtered resources, i.e. build is platform dependent!
2026-05-19 12:04:18,919 [Worker-28: Building workspace] INFO  o.e.m.c.i.embedder.EclipseLogger - Copying 0 resource
2026-05-19 12:05:31,599 [Worker-28: Building workspace] WARN  o.e.m.c.i.embedder.EclipseLogger - Using platform encoding (Cp1252 actually) to copy filtered resources, i.e. build is platform dependent!
2026-05-19 12:05:31,602 [Worker-28: Building workspace] INFO  o.e.m.c.i.embedder.EclipseLogger - Copying 1 resource
2026-05-19 12:05:31,604 [Worker-28: Building workspace] WARN  o.e.m.c.i.embedder.EclipseLogger - Using platform encoding (Cp1252 actually) to copy filtered resources, i.e. build is platform dependent!
2026-05-19 12:05:31,605 [Worker-28: Building workspace] INFO  o.e.m.c.i.embedder.EclipseLogger - Copying 0 resource
2026-05-19 12:57:23,721 [Worker-34: Building workspace] WARN  o.e.m.c.i.embedder.EclipseLogger - Using platform encoding (Cp1252 actually) to copy filtered resources, i.e. build is platform dependent!
2026-05-19 12:57:23,723 [Worker-34: Building workspace] INFO  o.e.m.c.i.embedder.EclipseLogger - Copying 1 resource
2026-05-19 12:57:23,725 [Worker-34: Building workspace] WARN  o.e.m.c.i.embedder.EclipseLogger - Using platform encoding (Cp1252 actually) to copy filtered resources, i.e. build is platform dependent!
2026-05-19 12:57:23,728 [Worker-34: Building workspace] INFO  o.e.m.c.i.embedder.EclipseLogger - Copying 0 resource
2026-05-19 13:01:16,021 [Worker-35: Building workspace] WARN  o.e.m.c.i.embedder.EclipseLogger - Using platform encoding (Cp1252 actually) to copy filtered resources, i.e. build is platform dependent!
2026-05-19 13:01:16,023 [Worker-35: Building workspace] INFO  o.e.m.c.i.embedder.EclipseLogger - Copying 1 resource
2026-05-19 13:01:16,028 [Worker-35: Building workspace] WARN  o.e.m.c.i.embedder.EclipseLogger - Using platform encoding (Cp1252 actually) to copy filtered resources, i.e. build is platform dependent!
2026-05-19 13:01:16,029 [Worker-35: Building workspace] INFO  o.e.m.c.i.embedder.EclipseLogger - Copying 0 resource
2026-05-19 13:01:31,147 [Worker-32: Building workspace] WARN  o.e.m.c.i.embedder.EclipseLogger - Using platform encoding (Cp1252 actually) to copy filtered resources, i.e. build is platform dependent!
2026-05-19 13:01:31,149 [Worker-32: Building workspace] INFO  o.e.m.c.i.embedder.EclipseLogger - Copying 1 resource
2026-05-19 13:01:31,151 [Worker-32: Building workspace] WARN  o.e.m.c.i.embedder.EclipseLogger - Using platform encoding (Cp1252 actually) to copy filtered resources, i.e. build is platform dependent!
2026-05-19 13:01:31,152 [Worker-32: Building workspace] INFO  o.e.m.c.i.embedder.EclipseLogger - Copying 0 resource
2026-05-19 13:03:18,565 [Worker-30: Building workspace] WARN  o.e.m.c.i.embedder.EclipseLogger - Using platform encoding (Cp1252 actually) to copy filtered resources, i.e. build is platform dependent!
2026-05-19 13:03:18,566 [Worker-30: Building workspace] INFO  o.e.m.c.i.embedder.EclipseLogger - Copying 1 resource
2026-05-19 13:03:18,568 [Worker-30: Building workspace] WARN  o.e.m.c.i.embedder.EclipseLogger - Using platform encoding (Cp1252 actually) to copy filtered resources, i.e. build is platform dependent!
2026-05-19 13:03:18,568 [Worker-30: Building workspace] INFO  o.e.m.c.i.embedder.EclipseLogger - Copying 0 resource
2026-05-19 13:05:24,428 [Worker-36: Building workspace] WARN  o.e.m.c.i.embedder.EclipseLogger - Using platform encoding (Cp1252 actually) to copy filtered resources, i.e. build is platform dependent!
2026-05-19 13:05:24,429 [Worker-36: Building workspace] INFO  o.e.m.c.i.embedder.EclipseLogger - Copying 1 resource
2026-05-19 13:05:24,431 [Worker-36: Building workspace] WARN  o.e.m.c.i.embedder.EclipseLogger - Using platform encoding (Cp1252 actually) to copy filtered resources, i.e. build is platform dependent!
2026-05-19 13:05:24,431 [Worker-36: Building workspace] INFO  o.e.m.c.i.embedder.EclipseLogger - Copying 0 resource
2026-05-19 13:05:40,923 [Worker-30: Building workspace] WARN  o.e.m.c.i.embedder.EclipseLogger - Using platform encoding (Cp1252 actually) to copy filtered resources, i.e. build is platform dependent!
2026-05-19 13:05:40,924 [Worker-30: Building workspace] INFO  o.e.m.c.i.embedder.EclipseLogger - Copying 1 resource
2026-05-19 13:05:40,925 [Worker-30: Building workspace] WARN  o.e.m.c.i.embedder.EclipseLogger - Using platform encoding (Cp1252 actually) to copy filtered resources, i.e. build is platform dependent!
2026-05-19 13:05:40,926 [Worker-30: Building workspace] INFO  o.e.m.c.i.embedder.EclipseLogger - Copying 0 resource
2026-05-19 13:06:18,975 [Worker-30: Building workspace] WARN  o.e.m.c.i.embedder.EclipseLogger - Using platform encoding (Cp1252 actually) to copy filtered resources, i.e. build is platform dependent!
2026-05-19 13:06:18,977 [Worker-30: Building workspace] INFO  o.e.m.c.i.embedder.EclipseLogger - Copying 1 resource
2026-05-19 13:06:18,978 [Worker-30: Building workspace] WARN  o.e.m.c.i.embedder.EclipseLogger - Using platform encoding (Cp1252 actually) to copy filtered resources, i.e. build is platform dependent!
2026-05-19 13:06:18,979 [Worker-30: Building workspace] INFO  o.e.m.c.i.embedder.EclipseLogger - Copying 0 resource
2026-05-19 13:06:32,736 [Worker-30: Building workspace] WARN  o.e.m.c.i.embedder.EclipseLogger - Using platform encoding (Cp1252 actually) to copy filtered resources, i.e. build is platform dependent!
2026-05-19 13:06:32,737 [Worker-30: Building workspace] INFO  o.e.m.c.i.embedder.EclipseLogger - Copying 1 resource
2026-05-19 13:06:32,738 [Worker-30: Building workspace] WARN  o.e.m.c.i.embedder.EclipseLogger - Using platform encoding (Cp1252 actually) to copy filtered resources, i.e. build is platform dependent!
2026-05-19 13:06:32,739 [Worker-30: Building workspace] INFO  o.e.m.c.i.embedder.EclipseLogger - Copying 0 resource
2026-05-19 13:09:49,824 [Worker-30: Building workspace] WARN  o.e.m.c.i.embedder.EclipseLogger - Using platform encoding (Cp1252 actually) to copy filtered resources, i.e. build is platform dependent!
2026-05-19 13:09:49,826 [Worker-30: Building workspace] INFO  o.e.m.c.i.embedder.EclipseLogger - Copying 1 resource
2026-05-19 13:09:49,827 [Worker-30: Building workspace] WARN  o.e.m.c.i.embedder.EclipseLogger - Using platform encoding (Cp1252 actually) to copy filtered resources, i.e. build is platform dependent!
2026-05-19 13:09:49,828 [Worker-30: Building workspace] INFO  o.e.m.c.i.embedder.EclipseLogger - Copying 0 resource
2026-05-19 13:10:54,877 [Worker-30: Building workspace] WARN  o.e.m.c.i.embedder.EclipseLogger - Using platform encoding (Cp1252 actually) to copy filtered resources, i.e. build is platform dependent!
2026-05-19 13:10:54,878 [Worker-30: Building workspace] INFO  o.e.m.c.i.embedder.EclipseLogger - Copying 1 resource
2026-05-19 13:10:54,879 [Worker-30: Building workspace] WARN  o.e.m.c.i.embedder.EclipseLogger - Using platform encoding (Cp1252 actually) to copy filtered resources, i.e. build is platform dependent!
2026-05-19 13:10:54,880 [Worker-30: Building workspace] INFO  o.e.m.c.i.embedder.EclipseLogger - Copying 0 resource
2026-05-19 13:11:17,228 [Worker-37: Building workspace] WARN  o.e.m.c.i.embedder.EclipseLogger - Using platform encoding (Cp1252 actually) to copy filtered resources, i.e. build is platform dependent!
2026-05-19 13:11:17,229 [Worker-37: Building workspace] INFO  o.e.m.c.i.embedder.EclipseLogger - Copying 1 resource
2026-05-19 13:11:17,230 [Worker-37: Building workspace] WARN  o.e.m.c.i.embedder.EclipseLogger - Using platform encoding (Cp1252 actually) to copy filtered resources, i.e. build is platform dependent!
2026-05-19 13:11:17,231 [Worker-37: Building workspace] INFO  o.e.m.c.i.embedder.EclipseLogger - Copying 0 resource
2026-05-19 13:11:42,498 [Worker-37: Building workspace] WARN  o.e.m.c.i.embedder.EclipseLogger - Using platform encoding (Cp1252 actually) to copy filtered resources, i.e. build is platform dependent!
2026-05-19 13:11:42,499 [Worker-37: Building workspace] INFO  o.e.m.c.i.embedder.EclipseLogger - Copying 1 resource
2026-05-19 13:11:42,502 [Worker-37: Building workspace] WARN  o.e.m.c.i.embedder.EclipseLogger - Using platform encoding (Cp1252 actually) to copy filtered resources, i.e. build is platform dependent!
2026-05-19 13:11:42,503 [Worker-37: Building workspace] INFO  o.e.m.c.i.embedder.EclipseLogger - Copying 0 resource
2026-05-19 13:11:48,710 [Worker-38: Launching TestOrder (3)] WARN  o.e.m.c.i.embedder.EclipseLogger - Using platform encoding (Cp1252 actually) to copy filtered resources, i.e. build is platform dependent!
2026-05-19 13:11:48,711 [Worker-38: Launching TestOrder (3)] INFO  o.e.m.c.i.embedder.EclipseLogger - Copying 1 resource
2026-05-19 13:11:48,713 [Worker-38: Launching TestOrder (3)] WARN  o.e.m.c.i.embedder.EclipseLogger - Using platform encoding (Cp1252 actually) to copy filtered resources, i.e. build is platform dependent!
2026-05-19 13:11:48,714 [Worker-38: Launching TestOrder (3)] INFO  o.e.m.c.i.embedder.EclipseLogger - Copying 0 resource
2026-05-19 14:26:33,411 [Worker-46: Building workspace] WARN  o.e.m.c.i.embedder.EclipseLogger - Using platform encoding (Cp1252 actually) to copy filtered resources, i.e. build is platform dependent!
2026-05-19 14:26:33,416 [Worker-46: Building workspace] INFO  o.e.m.c.i.embedder.EclipseLogger - Copying 0 resource
2026-05-19 14:26:33,418 [Worker-46: Building workspace] WARN  o.e.m.c.i.embedder.EclipseLogger - Using platform encoding (Cp1252 actually) to copy filtered resources, i.e. build is platform dependent!
2026-05-19 14:26:33,421 [Worker-46: Building workspace] INFO  o.e.m.c.i.embedder.EclipseLogger - Copying 0 resource
2026-05-19 14:33:01,460 [Worker-48: Building workspace] WARN  o.e.m.c.i.embedder.EclipseLogger - Using platform encoding (Cp1252 actually) to copy filtered resources, i.e. build is platform dependent!
2026-05-19 14:33:01,463 [Worker-48: Building workspace] INFO  o.e.m.c.i.embedder.EclipseLogger - Copying 0 resource
2026-05-19 14:33:01,464 [Worker-48: Building workspace] WARN  o.e.m.c.i.embedder.EclipseLogger - Using platform encoding (Cp1252 actually) to copy filtered resources, i.e. build is platform dependent!
2026-05-19 14:33:01,465 [Worker-48: Building workspace] INFO  o.e.m.c.i.embedder.EclipseLogger - Copying 0 resource
2026-05-19 15:27:26,811 [Worker-52: Building workspace] WARN  o.e.m.c.i.embedder.EclipseLogger - Using platform encoding (Cp1252 actually) to copy filtered resources, i.e. build is platform dependent!
2026-05-19 15:27:26,812 [Worker-52: Building workspace] INFO  o.e.m.c.i.embedder.EclipseLogger - Copying 0 resource
2026-05-19 15:27:26,812 [Worker-52: Building workspace] WARN  o.e.m.c.i.embedder.EclipseLogger - Using platform encoding (Cp1252 actually) to copy filtered resources, i.e. build is platform dependent!
2026-05-19 15:27:26,813 [Worker-52: Building workspace] INFO  o.e.m.c.i.embedder.EclipseLogger - Copying 0 resource
2026-05-19 15:29:48,992 [Worker-47: Building workspace] WARN  o.e.m.c.i.embedder.EclipseLogger - Using platform encoding (Cp1252 actually) to copy filtered resources, i.e. build is platform dependent!
2026-05-19 15:29:48,993 [Worker-47: Building workspace] INFO  o.e.m.c.i.embedder.EclipseLogger - Copying 0 resource
2026-05-19 15:29:48,994 [Worker-47: Building workspace] WARN  o.e.m.c.i.embedder.EclipseLogger - Using platform encoding (Cp1252 actually) to copy filtered resources, i.e. build is platform dependent!
2026-05-19 15:29:48,995 [Worker-47: Building workspace] INFO  o.e.m.c.i.embedder.EclipseLogger - Copying 0 resource
2026-05-19 15:30:16,250 [Worker-55: Building workspace] WARN  o.e.m.c.i.embedder.EclipseLogger - Using platform encoding (Cp1252 actually) to copy filtered resources, i.e. build is platform dependent!
2026-05-19 15:30:16,251 [Worker-55: Building workspace] INFO  o.e.m.c.i.embedder.EclipseLogger - Copying 0 resource
2026-05-19 15:30:16,252 [Worker-55: Building workspace] WARN  o.e.m.c.i.embedder.EclipseLogger - Using platform encoding (Cp1252 actually) to copy filtered resources, i.e. build is platform dependent!
2026-05-19 15:30:16,253 [Worker-55: Building workspace] INFO  o.e.m.c.i.embedder.EclipseLogger - Copying 0 resource
2026-05-19 15:30:49,716 [Worker-55: Building workspace] WARN  o.e.m.c.i.embedder.EclipseLogger - Using platform encoding (Cp1252 actually) to copy filtered resources, i.e. build is platform dependent!
2026-05-19 15:30:49,717 [Worker-55: Building workspace] INFO  o.e.m.c.i.embedder.EclipseLogger - Copying 0 resource
2026-05-19 15:30:49,718 [Worker-55: Building workspace] WARN  o.e.m.c.i.embedder.EclipseLogger - Using platform encoding (Cp1252 actually) to copy filtered resources, i.e. build is platform dependent!
2026-05-19 15:30:49,719 [Worker-55: Building workspace] INFO  o.e.m.c.i.embedder.EclipseLogger - Copying 0 resource
2026-05-19 15:30:54,529 [Worker-54: Building workspace] WARN  o.e.m.c.i.embedder.EclipseLogger - Using platform encoding (Cp1252 actually) to copy filtered resources, i.e. build is platform dependent!
2026-05-19 15:30:54,530 [Worker-54: Building workspace] INFO  o.e.m.c.i.embedder.EclipseLogger - Copying 0 resource
2026-05-19 15:30:54,531 [Worker-54: Building workspace] WARN  o.e.m.c.i.embedder.EclipseLogger - Using platform encoding (Cp1252 actually) to copy filtered resources, i.e. build is platform dependent!
2026-05-19 15:30:54,532 [Worker-54: Building workspace] INFO  o.e.m.c.i.embedder.EclipseLogger - Copying 0 resource
2026-05-19 15:30:59,977 [Worker-54: Building workspace] WARN  o.e.m.c.i.embedder.EclipseLogger - Using platform encoding (Cp1252 actually) to copy filtered resources, i.e. build is platform dependent!
2026-05-19 15:30:59,978 [Worker-54: Building workspace] INFO  o.e.m.c.i.embedder.EclipseLogger - Copying 0 resource
2026-05-19 15:30:59,978 [Worker-54: Building workspace] WARN  o.e.m.c.i.embedder.EclipseLogger - Using platform encoding (Cp1252 actually) to copy filtered resources, i.e. build is platform dependent!
2026-05-19 15:30:59,979 [Worker-54: Building workspace] INFO  o.e.m.c.i.embedder.EclipseLogger - Copying 0 resource
2026-05-19 15:31:18,027 [Worker-47: Building workspace] WARN  o.e.m.c.i.embedder.EclipseLogger - Using platform encoding (Cp1252 actually) to copy filtered resources, i.e. build is platform dependent!
2026-05-19 15:31:18,028 [Worker-47: Building workspace] INFO  o.e.m.c.i.embedder.EclipseLogger - Copying 0 resource
2026-05-19 15:31:18,029 [Worker-47: Building workspace] WARN  o.e.m.c.i.embedder.EclipseLogger - Using platform encoding (Cp1252 actually) to copy filtered resources, i.e. build is platform dependent!
2026-05-19 15:31:18,030 [Worker-47: Building workspace] INFO  o.e.m.c.i.embedder.EclipseLogger - Copying 0 resource
2026-05-19 15:31:22,475 [Worker-55: Building workspace] WARN  o.e.m.c.i.embedder.EclipseLogger - Using platform encoding (Cp1252 actually) to copy filtered resources, i.e. build is platform dependent!
2026-05-19 15:31:22,476 [Worker-55: Building workspace] INFO  o.e.m.c.i.embedder.EclipseLogger - Copying 0 resource
2026-05-19 15:31:22,477 [Worker-55: Building workspace] WARN  o.e.m.c.i.embedder.EclipseLogger - Using platform encoding (Cp1252 actually) to copy filtered resources, i.e. build is platform dependent!
2026-05-19 15:31:22,477 [Worker-55: Building workspace] INFO  o.e.m.c.i.embedder.EclipseLogger - Copying 0 resource
2026-05-19 15:31:34,317 [Worker-47: Building workspace] WARN  o.e.m.c.i.embedder.EclipseLogger - Using platform encoding (Cp1252 actually) to copy filtered resources, i.e. build is platform dependent!
2026-05-19 15:31:34,318 [Worker-47: Building workspace] INFO  o.e.m.c.i.embedder.EclipseLogger - Copying 0 resource
2026-05-19 15:31:34,319 [Worker-47: Building workspace] WARN  o.e.m.c.i.embedder.EclipseLogger - Using platform encoding (Cp1252 actually) to copy filtered resources, i.e. build is platform dependent!
2026-05-19 15:31:34,320 [Worker-47: Building workspace] INFO  o.e.m.c.i.embedder.EclipseLogger - Copying 0 resource
2026-05-19 15:32:02,278 [Worker-56: Building workspace] WARN  o.e.m.c.i.embedder.EclipseLogger - Using platform encoding (Cp1252 actually) to copy filtered resources, i.e. build is platform dependent!
2026-05-19 15:32:02,279 [Worker-56: Building workspace] INFO  o.e.m.c.i.embedder.EclipseLogger - Copying 0 resource
2026-05-19 15:32:02,279 [Worker-56: Building workspace] WARN  o.e.m.c.i.embedder.EclipseLogger - Using platform encoding (Cp1252 actually) to copy filtered resources, i.e. build is platform dependent!
2026-05-19 15:32:02,280 [Worker-56: Building workspace] INFO  o.e.m.c.i.embedder.EclipseLogger - Copying 0 resource
2026-05-19 15:32:33,088 [Worker-55: Building workspace] WARN  o.e.m.c.i.embedder.EclipseLogger - Using platform encoding (Cp1252 actually) to copy filtered resources, i.e. build is platform dependent!
2026-05-19 15:32:33,089 [Worker-55: Building workspace] INFO  o.e.m.c.i.embedder.EclipseLogger - Copying 0 resource
2026-05-19 15:32:33,090 [Worker-55: Building workspace] WARN  o.e.m.c.i.embedder.EclipseLogger - Using platform encoding (Cp1252 actually) to copy filtered resources, i.e. build is platform dependent!
2026-05-19 15:32:33,090 [Worker-55: Building workspace] INFO  o.e.m.c.i.embedder.EclipseLogger - Copying 0 resource
2026-05-19 15:32:55,434 [Worker-55: Building workspace] WARN  o.e.m.c.i.embedder.EclipseLogger - Using platform encoding (Cp1252 actually) to copy filtered resources, i.e. build is platform dependent!
2026-05-19 15:32:55,435 [Worker-55: Building workspace] INFO  o.e.m.c.i.embedder.EclipseLogger - Copying 0 resource
2026-05-19 15:32:55,435 [Worker-55: Building workspace] WARN  o.e.m.c.i.embedder.EclipseLogger - Using platform encoding (Cp1252 actually) to copy filtered resources, i.e. build is platform dependent!
2026-05-19 15:32:55,436 [Worker-55: Building workspace] INFO  o.e.m.c.i.embedder.EclipseLogger - Copying 0 resource
2026-05-19 15:33:24,190 [Worker-47: Building workspace] WARN  o.e.m.c.i.embedder.EclipseLogger - Using platform encoding (Cp1252 actually) to copy filtered resources, i.e. build is platform dependent!
2026-05-19 15:33:24,191 [Worker-47: Building workspace] INFO  o.e.m.c.i.embedder.EclipseLogger - Copying 0 resource
2026-05-19 15:33:24,192 [Worker-47: Building workspace] WARN  o.e.m.c.i.embedder.EclipseLogger - Using platform encoding (Cp1252 actually) to copy filtered resources, i.e. build is platform dependent!
2026-05-19 15:33:24,192 [Worker-47: Building workspace] INFO  o.e.m.c.i.embedder.EclipseLogger - Copying 0 resource
2026-05-19 15:33:30,636 [Worker-52: Building workspace] WARN  o.e.m.c.i.embedder.EclipseLogger - Using platform encoding (Cp1252 actually) to copy filtered resources, i.e. build is platform dependent!
2026-05-19 15:33:30,637 [Worker-52: Building workspace] INFO  o.e.m.c.i.embedder.EclipseLogger - Copying 0 resource
2026-05-19 15:33:30,638 [Worker-52: Building workspace] WARN  o.e.m.c.i.embedder.EclipseLogger - Using platform encoding (Cp1252 actually) to copy filtered resources, i.e. build is platform dependent!
2026-05-19 15:33:30,638 [Worker-52: Building workspace] INFO  o.e.m.c.i.embedder.EclipseLogger - Copying 0 resource
2026-05-19 15:34:35,410 [Worker-54: Building workspace] WARN  o.e.m.c.i.embedder.EclipseLogger - Using platform encoding (Cp1252 actually) to copy filtered resources, i.e. build is platform dependent!
2026-05-19 15:34:35,411 [Worker-54: Building workspace] INFO  o.e.m.c.i.embedder.EclipseLogger - Copying 1 resource
2026-05-19 15:34:35,413 [Worker-54: Building workspace] WARN  o.e.m.c.i.embedder.EclipseLogger - Using platform encoding (Cp1252 actually) to copy filtered resources, i.e. build is platform dependent!
2026-05-19 15:34:35,414 [Worker-54: Building workspace] INFO  o.e.m.c.i.embedder.EclipseLogger - Copying 0 resource
2026-05-19 15:34:42,585 [Worker-53: Building workspace] WARN  o.e.m.c.i.embedder.EclipseLogger - Using platform encoding (Cp1252 actually) to copy filtered resources, i.e. build is platform dependent!
2026-05-19 15:34:42,586 [Worker-53: Building workspace] INFO  o.e.m.c.i.embedder.EclipseLogger - Copying 1 resource
2026-05-19 15:34:42,588 [Worker-53: Building workspace] WARN  o.e.m.c.i.embedder.EclipseLogger - Using platform encoding (Cp1252 actually) to copy filtered resources, i.e. build is platform dependent!
2026-05-19 15:34:42,588 [Worker-53: Building workspace] INFO  o.e.m.c.i.embedder.EclipseLogger - Copying 0 resource
2026-05-19 15:37:19,990 [Worker-55: Building workspace] WARN  o.e.m.c.i.embedder.EclipseLogger - Using platform encoding (Cp1252 actually) to copy filtered resources, i.e. build is platform dependent!
2026-05-19 15:37:19,991 [Worker-55: Building workspace] INFO  o.e.m.c.i.embedder.EclipseLogger - Copying 1 resource
2026-05-19 15:37:19,992 [Worker-55: Building workspace] WARN  o.e.m.c.i.embedder.EclipseLogger - Using platform encoding (Cp1252 actually) to copy filtered resources, i.e. build is platform dependent!
2026-05-19 15:37:19,993 [Worker-55: Building workspace] INFO  o.e.m.c.i.embedder.EclipseLogger - Copying 0 resource
2026-05-19 15:37:24,524 [Worker-53: Building workspace] WARN  o.e.m.c.i.embedder.EclipseLogger - Using platform encoding (Cp1252 actually) to copy filtered resources, i.e. build is platform dependent!
2026-05-19 15:37:24,525 [Worker-53: Building workspace] INFO  o.e.m.c.i.embedder.EclipseLogger - Copying 1 resource
2026-05-19 15:37:24,526 [Worker-53: Building workspace] WARN  o.e.m.c.i.embedder.EclipseLogger - Using platform encoding (Cp1252 actually) to copy filtered resources, i.e. build is platform dependent!
2026-05-19 15:37:24,526 [Worker-53: Building workspace] INFO  o.e.m.c.i.embedder.EclipseLogger - Copying 0 resource
2026-05-19 15:38:14,889 [Worker-57: Building workspace] WARN  o.e.m.c.i.embedder.EclipseLogger - Using platform encoding (Cp1252 actually) to copy filtered resources, i.e. build is platform dependent!
2026-05-19 15:38:14,890 [Worker-57: Building workspace] INFO  o.e.m.c.i.embedder.EclipseLogger - Copying 1 resource
2026-05-19 15:38:14,892 [Worker-57: Building workspace] WARN  o.e.m.c.i.embedder.EclipseLogger - Using platform encoding (Cp1252 actually) to copy filtered resources, i.e. build is platform dependent!
2026-05-19 15:38:14,892 [Worker-57: Building workspace] INFO  o.e.m.c.i.embedder.EclipseLogger - Copying 0 resource
2026-05-19 15:46:18,854 [Worker-61: Building workspace] WARN  o.e.m.c.i.embedder.EclipseLogger - Using platform encoding (Cp1252 actually) to copy filtered resources, i.e. build is platform dependent!
2026-05-19 15:46:18,857 [Worker-61: Building workspace] INFO  o.e.m.c.i.embedder.EclipseLogger - Copying 1 resource
2026-05-19 15:46:18,859 [Worker-61: Building workspace] WARN  o.e.m.c.i.embedder.EclipseLogger - Using platform encoding (Cp1252 actually) to copy filtered resources, i.e. build is platform dependent!
2026-05-19 15:46:18,861 [Worker-61: Building workspace] INFO  o.e.m.c.i.embedder.EclipseLogger - Copying 0 resource
2026-05-19 15:46:50,109 [Worker-62: Building workspace] WARN  o.e.m.c.i.embedder.EclipseLogger - Using platform encoding (Cp1252 actually) to copy filtered resources, i.e. build is platform dependent!
2026-05-19 15:46:50,111 [Worker-62: Building workspace] INFO  o.e.m.c.i.embedder.EclipseLogger - Copying 1 resource
2026-05-19 15:46:50,112 [Worker-62: Building workspace] WARN  o.e.m.c.i.embedder.EclipseLogger - Using platform encoding (Cp1252 actually) to copy filtered resources, i.e. build is platform dependent!
2026-05-19 15:46:50,113 [Worker-62: Building workspace] INFO  o.e.m.c.i.embedder.EclipseLogger - Copying 0 resource
2026-05-19 15:50:13,313 [Worker-59: Building workspace] WARN  o.e.m.c.i.embedder.EclipseLogger - Using platform encoding (Cp1252 actually) to copy filtered resources, i.e. build is platform dependent!
2026-05-19 15:50:13,314 [Worker-59: Building workspace] INFO  o.e.m.c.i.embedder.EclipseLogger - Copying 1 resource
2026-05-19 15:50:13,315 [Worker-59: Building workspace] WARN  o.e.m.c.i.embedder.EclipseLogger - Using platform encoding (Cp1252 actually) to copy filtered resources, i.e. build is platform dependent!
2026-05-19 15:50:13,316 [Worker-59: Building workspace] INFO  o.e.m.c.i.embedder.EclipseLogger - Copying 0 resource
2026-05-19 15:50:18,587 [Worker-66: Building workspace] WARN  o.e.m.c.i.embedder.EclipseLogger - Using platform encoding (Cp1252 actually) to copy filtered resources, i.e. build is platform dependent!
2026-05-19 15:50:18,588 [Worker-66: Building workspace] INFO  o.e.m.c.i.embedder.EclipseLogger - Copying 1 resource
2026-05-19 15:50:18,589 [Worker-66: Building workspace] WARN  o.e.m.c.i.embedder.EclipseLogger - Using platform encoding (Cp1252 actually) to copy filtered resources, i.e. build is platform dependent!
2026-05-19 15:50:18,590 [Worker-66: Building workspace] INFO  o.e.m.c.i.embedder.EclipseLogger - Copying 0 resource
2026-05-19 15:50:30,106 [Worker-62: Building workspace] WARN  o.e.m.c.i.embedder.EclipseLogger - Using platform encoding (Cp1252 actually) to copy filtered resources, i.e. build is platform dependent!
2026-05-19 15:50:30,107 [Worker-62: Building workspace] INFO  o.e.m.c.i.embedder.EclipseLogger - Copying 1 resource
2026-05-19 15:50:30,109 [Worker-62: Building workspace] WARN  o.e.m.c.i.embedder.EclipseLogger - Using platform encoding (Cp1252 actually) to copy filtered resources, i.e. build is platform dependent!
2026-05-19 15:50:30,110 [Worker-62: Building workspace] INFO  o.e.m.c.i.embedder.EclipseLogger - Copying 0 resource
2026-05-19 15:50:57,753 [Worker-65: Building workspace] WARN  o.e.m.c.i.embedder.EclipseLogger - Using platform encoding (Cp1252 actually) to copy filtered resources, i.e. build is platform dependent!
2026-05-19 15:50:57,754 [Worker-65: Building workspace] INFO  o.e.m.c.i.embedder.EclipseLogger - Copying 1 resource
2026-05-19 15:50:57,755 [Worker-65: Building workspace] WARN  o.e.m.c.i.embedder.EclipseLogger - Using platform encoding (Cp1252 actually) to copy filtered resources, i.e. build is platform dependent!
2026-05-19 15:50:57,755 [Worker-65: Building workspace] INFO  o.e.m.c.i.embedder.EclipseLogger - Copying 0 resource
2026-05-19 15:52:37,826 [Worker-66: Building workspace] WARN  o.e.m.c.i.embedder.EclipseLogger - Using platform encoding (Cp1252 actually) to copy filtered resources, i.e. build is platform dependent!
2026-05-19 15:52:37,827 [Worker-66: Building workspace] INFO  o.e.m.c.i.embedder.EclipseLogger - Copying 1 resource
2026-05-19 15:52:37,828 [Worker-66: Building workspace] WARN  o.e.m.c.i.embedder.EclipseLogger - Using platform encoding (Cp1252 actually) to copy filtered resources, i.e. build is platform dependent!
2026-05-19 15:52:37,828 [Worker-66: Building workspace] INFO  o.e.m.c.i.embedder.EclipseLogger - Copying 0 resource
2026-05-19 15:52:56,572 [Worker-65: Building workspace] WARN  o.e.m.c.i.embedder.EclipseLogger - Using platform encoding (Cp1252 actually) to copy filtered resources, i.e. build is platform dependent!
2026-05-19 15:52:56,573 [Worker-65: Building workspace] INFO  o.e.m.c.i.embedder.EclipseLogger - Copying 1 resource
2026-05-19 15:52:56,574 [Worker-65: Building workspace] WARN  o.e.m.c.i.embedder.EclipseLogger - Using platform encoding (Cp1252 actually) to copy filtered resources, i.e. build is platform dependent!
2026-05-19 15:52:56,574 [Worker-65: Building workspace] INFO  o.e.m.c.i.embedder.EclipseLogger - Copying 0 resource
2026-05-19 15:53:10,831 [Worker-66: Building workspace] WARN  o.e.m.c.i.embedder.EclipseLogger - Using platform encoding (Cp1252 actually) to copy filtered resources, i.e. build is platform dependent!
2026-05-19 15:53:10,832 [Worker-66: Building workspace] INFO  o.e.m.c.i.embedder.EclipseLogger - Copying 1 resource
2026-05-19 15:53:10,833 [Worker-66: Building workspace] WARN  o.e.m.c.i.embedder.EclipseLogger - Using platform encoding (Cp1252 actually) to copy filtered resources, i.e. build is platform dependent!
2026-05-19 15:53:10,833 [Worker-66: Building workspace] INFO  o.e.m.c.i.embedder.EclipseLogger - Copying 0 resource
2026-05-19 15:53:39,327 [Worker-62: Building workspace] WARN  o.e.m.c.i.embedder.EclipseLogger - Using platform encoding (Cp1252 actually) to copy filtered resources, i.e. build is platform dependent!
2026-05-19 15:53:39,328 [Worker-62: Building workspace] INFO  o.e.m.c.i.embedder.EclipseLogger - Copying 1 resource
2026-05-19 15:53:39,329 [Worker-62: Building workspace] WARN  o.e.m.c.i.embedder.EclipseLogger - Using platform encoding (Cp1252 actually) to copy filtered resources, i.e. build is platform dependent!
2026-05-19 15:53:39,329 [Worker-62: Building workspace] INFO  o.e.m.c.i.embedder.EclipseLogger - Copying 0 resource
2026-05-19 15:53:56,592 [Worker-59: Building workspace] WARN  o.e.m.c.i.embedder.EclipseLogger - Using platform encoding (Cp1252 actually) to copy filtered resources, i.e. build is platform dependent!
2026-05-19 15:53:56,593 [Worker-59: Building workspace] INFO  o.e.m.c.i.embedder.EclipseLogger - Copying 1 resource
2026-05-19 15:53:56,595 [Worker-59: Building workspace] WARN  o.e.m.c.i.embedder.EclipseLogger - Using platform encoding (Cp1252 actually) to copy filtered resources, i.e. build is platform dependent!
2026-05-19 15:53:56,596 [Worker-59: Building workspace] INFO  o.e.m.c.i.embedder.EclipseLogger - Copying 0 resource
2026-05-19 16:19:35,077 [Worker-74: Building workspace] WARN  o.e.m.c.i.embedder.EclipseLogger - Using platform encoding (Cp1252 actually) to copy filtered resources, i.e. build is platform dependent!
2026-05-19 16:19:35,078 [Worker-74: Building workspace] INFO  o.e.m.c.i.embedder.EclipseLogger - Copying 1 resource
2026-05-19 16:19:35,079 [Worker-74: Building workspace] WARN  o.e.m.c.i.embedder.EclipseLogger - Using platform encoding (Cp1252 actually) to copy filtered resources, i.e. build is platform dependent!
2026-05-19 16:19:35,080 [Worker-74: Building workspace] INFO  o.e.m.c.i.embedder.EclipseLogger - Copying 0 resource
2026-05-19 16:19:43,126 [Worker-73: Building workspace] WARN  o.e.m.c.i.embedder.EclipseLogger - Using platform encoding (Cp1252 actually) to copy filtered resources, i.e. build is platform dependent!
2026-05-19 16:19:43,127 [Worker-73: Building workspace] INFO  o.e.m.c.i.embedder.EclipseLogger - Copying 1 resource
2026-05-19 16:19:43,128 [Worker-73: Building workspace] WARN  o.e.m.c.i.embedder.EclipseLogger - Using platform encoding (Cp1252 actually) to copy filtered resources, i.e. build is platform dependent!
2026-05-19 16:19:43,131 [Worker-73: Building workspace] INFO  o.e.m.c.i.embedder.EclipseLogger - Copying 0 resource
2026-05-19 16:20:34,374 [Worker-74: Building workspace] WARN  o.e.m.c.i.embedder.EclipseLogger - Using platform encoding (Cp1252 actually) to copy filtered resources, i.e. build is platform dependent!
2026-05-19 16:20:34,376 [Worker-74: Building workspace] INFO  o.e.m.c.i.embedder.EclipseLogger - Copying 1 resource
2026-05-19 16:20:34,377 [Worker-74: Building workspace] WARN  o.e.m.c.i.embedder.EclipseLogger - Using platform encoding (Cp1252 actually) to copy filtered resources, i.e. build is platform dependent!
2026-05-19 16:20:34,378 [Worker-74: Building workspace] INFO  o.e.m.c.i.embedder.EclipseLogger - Copying 0 resource
2026-05-19 16:21:07,385 [Worker-75: Building workspace] WARN  o.e.m.c.i.embedder.EclipseLogger - Using platform encoding (Cp1252 actually) to copy filtered resources, i.e. build is platform dependent!
2026-05-19 16:21:07,386 [Worker-75: Building workspace] INFO  o.e.m.c.i.embedder.EclipseLogger - Copying 1 resource
2026-05-19 16:21:07,387 [Worker-75: Building workspace] WARN  o.e.m.c.i.embedder.EclipseLogger - Using platform encoding (Cp1252 actually) to copy filtered resources, i.e. build is platform dependent!
2026-05-19 16:21:07,388 [Worker-75: Building workspace] INFO  o.e.m.c.i.embedder.EclipseLogger - Copying 0 resource
2026-05-19 16:21:39,864 [Worker-73: Building workspace] WARN  o.e.m.c.i.embedder.EclipseLogger - Using platform encoding (Cp1252 actually) to copy filtered resources, i.e. build is platform dependent!
2026-05-19 16:21:39,865 [Worker-73: Building workspace] INFO  o.e.m.c.i.embedder.EclipseLogger - Copying 1 resource
2026-05-19 16:21:39,866 [Worker-73: Building workspace] WARN  o.e.m.c.i.embedder.EclipseLogger - Using platform encoding (Cp1252 actually) to copy filtered resources, i.e. build is platform dependent!
2026-05-19 16:21:39,866 [Worker-73: Building workspace] INFO  o.e.m.c.i.embedder.EclipseLogger - Copying 0 resource
2026-05-19 16:23:04,338 [Worker-76: Building workspace] WARN  o.e.m.c.i.embedder.EclipseLogger - Using platform encoding (Cp1252 actually) to copy filtered resources, i.e. build is platform dependent!
2026-05-19 16:23:04,339 [Worker-76: Building workspace] INFO  o.e.m.c.i.embedder.EclipseLogger - Copying 1 resource
2026-05-19 16:23:04,340 [Worker-76: Building workspace] WARN  o.e.m.c.i.embedder.EclipseLogger - Using platform encoding (Cp1252 actually) to copy filtered resources, i.e. build is platform dependent!
2026-05-19 16:23:04,340 [Worker-76: Building workspace] INFO  o.e.m.c.i.embedder.EclipseLogger - Copying 0 resource
2026-05-19 16:23:44,482 [Worker-75: Building workspace] WARN  o.e.m.c.i.embedder.EclipseLogger - Using platform encoding (Cp1252 actually) to copy filtered resources, i.e. build is platform dependent!
2026-05-19 16:23:44,484 [Worker-75: Building workspace] INFO  o.e.m.c.i.embedder.EclipseLogger - Copying 1 resource
2026-05-19 16:23:44,487 [Worker-75: Building workspace] WARN  o.e.m.c.i.embedder.EclipseLogger - Using platform encoding (Cp1252 actually) to copy filtered resources, i.e. build is platform dependent!
2026-05-19 16:23:44,488 [Worker-75: Building workspace] INFO  o.e.m.c.i.embedder.EclipseLogger - Copying 0 resource
2026-05-19 16:24:30,951 [Worker-75: Building workspace] WARN  o.e.m.c.i.embedder.EclipseLogger - Using platform encoding (Cp1252 actually) to copy filtered resources, i.e. build is platform dependent!
2026-05-19 16:24:30,952 [Worker-75: Building workspace] INFO  o.e.m.c.i.embedder.EclipseLogger - Copying 1 resource
2026-05-19 16:24:30,954 [Worker-75: Building workspace] WARN  o.e.m.c.i.embedder.EclipseLogger - Using platform encoding (Cp1252 actually) to copy filtered resources, i.e. build is platform dependent!
2026-05-19 16:24:30,954 [Worker-75: Building workspace] INFO  o.e.m.c.i.embedder.EclipseLogger - Copying 0 resource
2026-05-19 16:24:53,720 [Worker-74: Building workspace] WARN  o.e.m.c.i.embedder.EclipseLogger - Using platform encoding (Cp1252 actually) to copy filtered resources, i.e. build is platform dependent!
2026-05-19 16:24:53,721 [Worker-74: Building workspace] INFO  o.e.m.c.i.embedder.EclipseLogger - Copying 1 resource
2026-05-19 16:24:53,722 [Worker-74: Building workspace] WARN  o.e.m.c.i.embedder.EclipseLogger - Using platform encoding (Cp1252 actually) to copy filtered resources, i.e. build is platform dependent!
2026-05-19 16:24:53,723 [Worker-74: Building workspace] INFO  o.e.m.c.i.embedder.EclipseLogger - Copying 0 resource
2026-05-19 16:25:05,838 [Worker-76: Building workspace] WARN  o.e.m.c.i.embedder.EclipseLogger - Using platform encoding (Cp1252 actually) to copy filtered resources, i.e. build is platform dependent!
2026-05-19 16:25:05,839 [Worker-76: Building workspace] INFO  o.e.m.c.i.embedder.EclipseLogger - Copying 1 resource
2026-05-19 16:25:05,841 [Worker-76: Building workspace] WARN  o.e.m.c.i.embedder.EclipseLogger - Using platform encoding (Cp1252 actually) to copy filtered resources, i.e. build is platform dependent!
2026-05-19 16:25:05,842 [Worker-76: Building workspace] INFO  o.e.m.c.i.embedder.EclipseLogger - Copying 0 resource
2026-05-19 16:26:35,338 [Worker-73: Building workspace] WARN  o.e.m.c.i.embedder.EclipseLogger - Using platform encoding (Cp1252 actually) to copy filtered resources, i.e. build is platform dependent!
2026-05-19 16:26:35,339 [Worker-73: Building workspace] INFO  o.e.m.c.i.embedder.EclipseLogger - Copying 1 resource
2026-05-19 16:26:35,340 [Worker-73: Building workspace] WARN  o.e.m.c.i.embedder.EclipseLogger - Using platform encoding (Cp1252 actually) to copy filtered resources, i.e. build is platform dependent!
2026-05-19 16:26:35,340 [Worker-73: Building workspace] INFO  o.e.m.c.i.embedder.EclipseLogger - Copying 0 resource
2026-05-19 16:27:09,058 [Worker-72: Building workspace] WARN  o.e.m.c.i.embedder.EclipseLogger - Using platform encoding (Cp1252 actually) to copy filtered resources, i.e. build is platform dependent!
2026-05-19 16:27:09,062 [Worker-72: Building workspace] INFO  o.e.m.c.i.embedder.EclipseLogger - Copying 1 resource
2026-05-19 16:27:09,063 [Worker-72: Building workspace] WARN  o.e.m.c.i.embedder.EclipseLogger - Using platform encoding (Cp1252 actually) to copy filtered resources, i.e. build is platform dependent!
2026-05-19 16:27:09,064 [Worker-72: Building workspace] INFO  o.e.m.c.i.embedder.EclipseLogger - Copying 0 resource
2026-05-19 16:27:43,958 [Worker-72: Building workspace] WARN  o.e.m.c.i.embedder.EclipseLogger - Using platform encoding (Cp1252 actually) to copy filtered resources, i.e. build is platform dependent!
2026-05-19 16:27:43,959 [Worker-72: Building workspace] INFO  o.e.m.c.i.embedder.EclipseLogger - Copying 1 resource
2026-05-19 16:27:43,960 [Worker-72: Building workspace] WARN  o.e.m.c.i.embedder.EclipseLogger - Using platform encoding (Cp1252 actually) to copy filtered resources, i.e. build is platform dependent!
2026-05-19 16:27:43,960 [Worker-72: Building workspace] INFO  o.e.m.c.i.embedder.EclipseLogger - Copying 0 resource
2026-05-19 16:27:54,862 [Worker-72: Building workspace] WARN  o.e.m.c.i.embedder.EclipseLogger - Using platform encoding (Cp1252 actually) to copy filtered resources, i.e. build is platform dependent!
2026-05-19 16:27:54,863 [Worker-72: Building workspace] INFO  o.e.m.c.i.embedder.EclipseLogger - Copying 1 resource
2026-05-19 16:27:54,864 [Worker-72: Building workspace] WARN  o.e.m.c.i.embedder.EclipseLogger - Using platform encoding (Cp1252 actually) to copy filtered resources, i.e. build is platform dependent!
2026-05-19 16:27:54,864 [Worker-72: Building workspace] INFO  o.e.m.c.i.embedder.EclipseLogger - Copying 0 resource
2026-05-19 16:28:51,177 [Worker-72: Building workspace] WARN  o.e.m.c.i.embedder.EclipseLogger - Using platform encoding (Cp1252 actually) to copy filtered resources, i.e. build is platform dependent!
2026-05-19 16:28:51,178 [Worker-72: Building workspace] INFO  o.e.m.c.i.embedder.EclipseLogger - Copying 1 resource
2026-05-19 16:28:51,179 [Worker-72: Building workspace] WARN  o.e.m.c.i.embedder.EclipseLogger - Using platform encoding (Cp1252 actually) to copy filtered resources, i.e. build is platform dependent!
2026-05-19 16:28:51,180 [Worker-72: Building workspace] INFO  o.e.m.c.i.embedder.EclipseLogger - Copying 0 resource
2026-05-19 16:28:59,687 [Worker-75: Building workspace] WARN  o.e.m.c.i.embedder.EclipseLogger - Using platform encoding (Cp1252 actually) to copy filtered resources, i.e. build is platform dependent!
2026-05-19 16:28:59,689 [Worker-75: Building workspace] INFO  o.e.m.c.i.embedder.EclipseLogger - Copying 1 resource
2026-05-19 16:28:59,690 [Worker-75: Building workspace] WARN  o.e.m.c.i.embedder.EclipseLogger - Using platform encoding (Cp1252 actually) to copy filtered resources, i.e. build is platform dependent!
2026-05-19 16:28:59,691 [Worker-75: Building workspace] INFO  o.e.m.c.i.embedder.EclipseLogger - Copying 0 resource
2026-05-19 16:29:25,736 [Worker-72: Building workspace] WARN  o.e.m.c.i.embedder.EclipseLogger - Using platform encoding (Cp1252 actually) to copy filtered resources, i.e. build is platform dependent!
2026-05-19 16:29:25,736 [Worker-72: Building workspace] INFO  o.e.m.c.i.embedder.EclipseLogger - Copying 1 resource
2026-05-19 16:29:25,737 [Worker-72: Building workspace] WARN  o.e.m.c.i.embedder.EclipseLogger - Using platform encoding (Cp1252 actually) to copy filtered resources, i.e. build is platform dependent!
2026-05-19 16:29:25,738 [Worker-72: Building workspace] INFO  o.e.m.c.i.embedder.EclipseLogger - Copying 0 resource
2026-05-19 16:29:47,395 [Worker-76: Building workspace] WARN  o.e.m.c.i.embedder.EclipseLogger - Using platform encoding (Cp1252 actually) to copy filtered resources, i.e. build is platform dependent!
2026-05-19 16:29:47,396 [Worker-76: Building workspace] INFO  o.e.m.c.i.embedder.EclipseLogger - Copying 1 resource
2026-05-19 16:29:47,397 [Worker-76: Building workspace] WARN  o.e.m.c.i.embedder.EclipseLogger - Using platform encoding (Cp1252 actually) to copy filtered resources, i.e. build is platform dependent!
2026-05-19 16:29:47,397 [Worker-76: Building workspace] INFO  o.e.m.c.i.embedder.EclipseLogger - Copying 0 resource
2026-05-19 16:30:47,828 [Worker-77: Building workspace] WARN  o.e.m.c.i.embedder.EclipseLogger - Using platform encoding (Cp1252 actually) to copy filtered resources, i.e. build is platform dependent!
2026-05-19 16:30:47,829 [Worker-77: Building workspace] INFO  o.e.m.c.i.embedder.EclipseLogger - Copying 1 resource
2026-05-19 16:30:47,831 [Worker-77: Building workspace] WARN  o.e.m.c.i.embedder.EclipseLogger - Using platform encoding (Cp1252 actually) to copy filtered resources, i.e. build is platform dependent!
2026-05-19 16:30:47,832 [Worker-77: Building workspace] INFO  o.e.m.c.i.embedder.EclipseLogger - Copying 0 resource
2026-05-19 16:30:53,124 [Worker-73: Building workspace] WARN  o.e.m.c.i.embedder.EclipseLogger - Using platform encoding (Cp1252 actually) to copy filtered resources, i.e. build is platform dependent!
2026-05-19 16:30:53,125 [Worker-73: Building workspace] INFO  o.e.m.c.i.embedder.EclipseLogger - Copying 1 resource
2026-05-19 16:30:53,126 [Worker-73: Building workspace] WARN  o.e.m.c.i.embedder.EclipseLogger - Using platform encoding (Cp1252 actually) to copy filtered resources, i.e. build is platform dependent!
2026-05-19 16:30:53,126 [Worker-73: Building workspace] INFO  o.e.m.c.i.embedder.EclipseLogger - Copying 0 resource
2026-05-19 16:31:10,305 [Worker-75: Building workspace] WARN  o.e.m.c.i.embedder.EclipseLogger - Using platform encoding (Cp1252 actually) to copy filtered resources, i.e. build is platform dependent!
2026-05-19 16:31:10,306 [Worker-75: Building workspace] INFO  o.e.m.c.i.embedder.EclipseLogger - Copying 1 resource
2026-05-19 16:31:10,309 [Worker-75: Building workspace] WARN  o.e.m.c.i.embedder.EclipseLogger - Using platform encoding (Cp1252 actually) to copy filtered resources, i.e. build is platform dependent!
2026-05-19 16:31:10,309 [Worker-75: Building workspace] INFO  o.e.m.c.i.embedder.EclipseLogger - Copying 0 resource
2026-05-19 16:31:45,561 [Worker-73: Building workspace] WARN  o.e.m.c.i.embedder.EclipseLogger - Using platform encoding (Cp1252 actually) to copy filtered resources, i.e. build is platform dependent!
2026-05-19 16:31:45,563 [Worker-73: Building workspace] INFO  o.e.m.c.i.embedder.EclipseLogger - Copying 1 resource
2026-05-19 16:31:45,565 [Worker-73: Building workspace] WARN  o.e.m.c.i.embedder.EclipseLogger - Using platform encoding (Cp1252 actually) to copy filtered resources, i.e. build is platform dependent!
2026-05-19 16:31:45,567 [Worker-73: Building workspace] INFO  o.e.m.c.i.embedder.EclipseLogger - Copying 0 resource
2026-05-19 16:31:50,059 [Worker-73: Building workspace] WARN  o.e.m.c.i.embedder.EclipseLogger - Using platform encoding (Cp1252 actually) to copy filtered resources, i.e. build is platform dependent!
2026-05-19 16:31:50,061 [Worker-73: Building workspace] INFO  o.e.m.c.i.embedder.EclipseLogger - Copying 1 resource
2026-05-19 16:31:50,061 [Worker-73: Building workspace] WARN  o.e.m.c.i.embedder.EclipseLogger - Using platform encoding (Cp1252 actually) to copy filtered resources, i.e. build is platform dependent!
2026-05-19 16:31:50,062 [Worker-73: Building workspace] INFO  o.e.m.c.i.embedder.EclipseLogger - Copying 0 resource
2026-05-19 16:32:08,721 [Worker-77: Building workspace] WARN  o.e.m.c.i.embedder.EclipseLogger - Using platform encoding (Cp1252 actually) to copy filtered resources, i.e. build is platform dependent!
2026-05-19 16:32:08,722 [Worker-77: Building workspace] INFO  o.e.m.c.i.embedder.EclipseLogger - Copying 1 resource
2026-05-19 16:32:08,723 [Worker-77: Building workspace] WARN  o.e.m.c.i.embedder.EclipseLogger - Using platform encoding (Cp1252 actually) to copy filtered resources, i.e. build is platform dependent!
2026-05-19 16:32:08,724 [Worker-77: Building workspace] INFO  o.e.m.c.i.embedder.EclipseLogger - Copying 0 resource
2026-05-19 16:32:36,329 [Worker-75: Building workspace] WARN  o.e.m.c.i.embedder.EclipseLogger - Using platform encoding (Cp1252 actually) to copy filtered resources, i.e. build is platform dependent!
2026-05-19 16:32:36,331 [Worker-75: Building workspace] INFO  o.e.m.c.i.embedder.EclipseLogger - Copying 1 resource
2026-05-19 16:32:36,332 [Worker-75: Building workspace] WARN  o.e.m.c.i.embedder.EclipseLogger - Using platform encoding (Cp1252 actually) to copy filtered resources, i.e. build is platform dependent!
2026-05-19 16:32:36,332 [Worker-75: Building workspace] INFO  o.e.m.c.i.embedder.EclipseLogger - Copying 0 resource
2026-05-19 17:54:17,990 [Worker-92: Building workspace] WARN  o.e.m.c.i.embedder.EclipseLogger - Using platform encoding (Cp1252 actually) to copy filtered resources, i.e. build is platform dependent!
2026-05-19 17:54:17,994 [Worker-92: Building workspace] INFO  o.e.m.c.i.embedder.EclipseLogger - Copying 1 resource
2026-05-19 17:54:17,998 [Worker-92: Building workspace] WARN  o.e.m.c.i.embedder.EclipseLogger - Using platform encoding (Cp1252 actually) to copy filtered resources, i.e. build is platform dependent!
2026-05-19 17:54:17,999 [Worker-92: Building workspace] INFO  o.e.m.c.i.embedder.EclipseLogger - Copying 0 resource
2026-05-19 17:54:42,391 [Worker-91: Building workspace] WARN  o.e.m.c.i.embedder.EclipseLogger - Using platform encoding (Cp1252 actually) to copy filtered resources, i.e. build is platform dependent!
2026-05-19 17:54:42,393 [Worker-91: Building workspace] INFO  o.e.m.c.i.embedder.EclipseLogger - Copying 1 resource
2026-05-19 17:54:42,394 [Worker-91: Building workspace] WARN  o.e.m.c.i.embedder.EclipseLogger - Using platform encoding (Cp1252 actually) to copy filtered resources, i.e. build is platform dependent!
2026-05-19 17:54:42,396 [Worker-91: Building workspace] INFO  o.e.m.c.i.embedder.EclipseLogger - Copying 0 resource
2026-05-19 23:08:54,772 [Worker-0: Loading available Gradle versions] INFO  o.e.b.c.i.u.g.PublishedGradleVersions - Gradle version information cache is up-to-date. Trying to read.
2026-05-20 00:28:57,263 [Worker-20: Building workspace] WARN  o.e.m.c.i.embedder.EclipseLogger - Using platform encoding (Cp1252 actually) to copy filtered resources, i.e. build is platform dependent!
2026-05-20 00:28:57,459 [Worker-20: Building workspace] INFO  o.e.m.c.i.embedder.EclipseLogger - Copying 7 resources
2026-05-20 00:28:57,467 [Worker-20: Building workspace] WARN  o.e.m.c.i.embedder.EclipseLogger - Using platform encoding (Cp1252 actually) to copy filtered resources, i.e. build is platform dependent!
2026-05-20 00:28:57,468 [Worker-20: Building workspace] INFO  o.e.m.c.i.embedder.EclipseLogger - Copying 0 resource
2026-05-20 00:29:07,990 [Worker-22: Building workspace] WARN  o.e.m.c.i.embedder.EclipseLogger - Using platform encoding (Cp1252 actually) to copy filtered resources, i.e. build is platform dependent!
2026-05-20 00:29:08,004 [Worker-22: Building workspace] INFO  o.e.m.c.i.embedder.EclipseLogger - Copying 7 resources
2026-05-20 00:29:08,013 [Worker-22: Building workspace] WARN  o.e.m.c.i.embedder.EclipseLogger - Using platform encoding (Cp1252 actually) to copy filtered resources, i.e. build is platform dependent!
2026-05-20 00:29:08,015 [Worker-22: Building workspace] INFO  o.e.m.c.i.embedder.EclipseLogger - Copying 0 resource
2026-05-20 00:29:23,186 [Worker-23: Building workspace] WARN  o.e.m.c.i.embedder.EclipseLogger - Using platform encoding (Cp1252 actually) to copy filtered resources, i.e. build is platform dependent!
2026-05-20 00:29:23,188 [Worker-23: Building workspace] INFO  o.e.m.c.i.embedder.EclipseLogger - Copying 7 resources
2026-05-20 00:29:23,191 [Worker-23: Building workspace] WARN  o.e.m.c.i.embedder.EclipseLogger - Using platform encoding (Cp1252 actually) to copy filtered resources, i.e. build is platform dependent!
2026-05-20 00:29:23,192 [Worker-23: Building workspace] INFO  o.e.m.c.i.embedder.EclipseLogger - Copying 0 resource
2026-05-20 00:29:53,813 [Worker-22: Building workspace] WARN  o.e.m.c.i.embedder.EclipseLogger - Using platform encoding (Cp1252 actually) to copy filtered resources, i.e. build is platform dependent!
2026-05-20 00:29:53,815 [Worker-22: Building workspace] INFO  o.e.m.c.i.embedder.EclipseLogger - Copying 7 resources
2026-05-20 00:29:53,817 [Worker-22: Building workspace] WARN  o.e.m.c.i.embedder.EclipseLogger - Using platform encoding (Cp1252 actually) to copy filtered resources, i.e. build is platform dependent!
2026-05-20 00:29:53,818 [Worker-22: Building workspace] INFO  o.e.m.c.i.embedder.EclipseLogger - Copying 0 resource
2026-05-20 00:30:03,394 [Worker-20: Building workspace] WARN  o.e.m.c.i.embedder.EclipseLogger - Using platform encoding (Cp1252 actually) to copy filtered resources, i.e. build is platform dependent!
2026-05-20 00:30:03,398 [Worker-20: Building workspace] INFO  o.e.m.c.i.embedder.EclipseLogger - Copying 7 resources
2026-05-20 00:30:03,400 [Worker-20: Building workspace] WARN  o.e.m.c.i.embedder.EclipseLogger - Using platform encoding (Cp1252 actually) to copy filtered resources, i.e. build is platform dependent!
2026-05-20 00:30:03,401 [Worker-20: Building workspace] INFO  o.e.m.c.i.embedder.EclipseLogger - Copying 0 resource
2026-05-20 00:30:26,960 [Worker-19: Building workspace] WARN  o.e.m.c.i.embedder.EclipseLogger - Using platform encoding (Cp1252 actually) to copy filtered resources, i.e. build is platform dependent!
2026-05-20 00:30:26,962 [Worker-19: Building workspace] INFO  o.e.m.c.i.embedder.EclipseLogger - Copying 1 resource
2026-05-20 00:30:26,967 [Worker-19: Building workspace] WARN  o.e.m.c.i.embedder.EclipseLogger - Using platform encoding (Cp1252 actually) to copy filtered resources, i.e. build is platform dependent!
2026-05-20 00:30:26,969 [Worker-19: Building workspace] INFO  o.e.m.c.i.embedder.EclipseLogger - Copying 0 resource
2026-05-20 00:35:31,616 [Worker-21: Building workspace] WARN  o.e.m.c.i.embedder.EclipseLogger - Using platform encoding (Cp1252 actually) to copy filtered resources, i.e. build is platform dependent!
2026-05-20 00:35:31,618 [Worker-21: Building workspace] INFO  o.e.m.c.i.embedder.EclipseLogger - Copying 1 resource
2026-05-20 00:35:31,621 [Worker-21: Building workspace] WARN  o.e.m.c.i.embedder.EclipseLogger - Using platform encoding (Cp1252 actually) to copy filtered resources, i.e. build is platform dependent!
2026-05-20 00:35:31,622 [Worker-21: Building workspace] INFO  o.e.m.c.i.embedder.EclipseLogger - Copying 0 resource
2026-05-20 00:36:14,908 [Worker-20: Building workspace] WARN  o.e.m.c.i.embedder.EclipseLogger - Using platform encoding (Cp1252 actually) to copy filtered resources, i.e. build is platform dependent!
2026-05-20 00:36:14,909 [Worker-20: Building workspace] INFO  o.e.m.c.i.embedder.EclipseLogger - Copying 1 resource
2026-05-20 00:36:14,912 [Worker-20: Building workspace] WARN  o.e.m.c.i.embedder.EclipseLogger - Using platform encoding (Cp1252 actually) to copy filtered resources, i.e. build is platform dependent!
2026-05-20 00:36:14,915 [Worker-20: Building workspace] INFO  o.e.m.c.i.embedder.EclipseLogger - Copying 0 resource
2026-05-20 00:38:43,118 [Worker-26: Building workspace] WARN  o.e.m.c.i.embedder.EclipseLogger - Using platform encoding (Cp1252 actually) to copy filtered resources, i.e. build is platform dependent!
2026-05-20 00:38:43,127 [Worker-26: Building workspace] INFO  o.e.m.c.i.embedder.EclipseLogger - Copying 1 resource
2026-05-20 00:38:43,134 [Worker-26: Building workspace] WARN  o.e.m.c.i.embedder.EclipseLogger - Using platform encoding (Cp1252 actually) to copy filtered resources, i.e. build is platform dependent!
2026-05-20 00:38:43,136 [Worker-26: Building workspace] INFO  o.e.m.c.i.embedder.EclipseLogger - Copying 0 resource
2026-05-20 00:39:27,587 [Worker-25: Building workspace] WARN  o.e.m.c.i.embedder.EclipseLogger - Using platform encoding (Cp1252 actually) to copy filtered resources, i.e. build is platform dependent!
2026-05-20 00:39:27,588 [Worker-25: Building workspace] INFO  o.e.m.c.i.embedder.EclipseLogger - Copying 8 resources
2026-05-20 00:39:27,591 [Worker-25: Building workspace] WARN  o.e.m.c.i.embedder.EclipseLogger - Using platform encoding (Cp1252 actually) to copy filtered resources, i.e. build is platform dependent!
2026-05-20 00:39:27,591 [Worker-25: Building workspace] INFO  o.e.m.c.i.embedder.EclipseLogger - Copying 0 resource
2026-05-20 00:40:29,184 [Worker-26: Building workspace] WARN  o.e.m.c.i.embedder.EclipseLogger - Using platform encoding (Cp1252 actually) to copy filtered resources, i.e. build is platform dependent!
2026-05-20 00:40:29,185 [Worker-26: Building workspace] INFO  o.e.m.c.i.embedder.EclipseLogger - Copying 8 resources
2026-05-20 00:40:29,187 [Worker-26: Building workspace] WARN  o.e.m.c.i.embedder.EclipseLogger - Using platform encoding (Cp1252 actually) to copy filtered resources, i.e. build is platform dependent!
2026-05-20 00:40:29,189 [Worker-26: Building workspace] INFO  o.e.m.c.i.embedder.EclipseLogger - Copying 0 resource
2026-05-20 00:42:32,509 [Worker-29: Building workspace] WARN  o.e.m.c.i.embedder.EclipseLogger - Using platform encoding (Cp1252 actually) to copy filtered resources, i.e. build is platform dependent!
2026-05-20 00:42:32,510 [Worker-29: Building workspace] INFO  o.e.m.c.i.embedder.EclipseLogger - Copying 8 resources
2026-05-20 00:42:32,512 [Worker-29: Building workspace] WARN  o.e.m.c.i.embedder.EclipseLogger - Using platform encoding (Cp1252 actually) to copy filtered resources, i.e. build is platform dependent!
2026-05-20 00:42:32,513 [Worker-29: Building workspace] INFO  o.e.m.c.i.embedder.EclipseLogger - Copying 0 resource
2026-05-20 10:38:30,241 [Worker-1: Loading available Gradle versions] INFO  o.e.b.c.i.u.g.PublishedGradleVersions - Gradle version information cache is up-to-date. Trying to read.
2026-05-20 23:27:54,874 [Worker-0: Loading available Gradle versions] INFO  o.e.b.c.i.u.g.PublishedGradleVersions - Gradle version information cache is up-to-date. Trying to read.
2026-05-21 00:01:57,509 [Worker-0: Building workspace] WARN  o.e.m.c.i.embedder.EclipseLogger - Using platform encoding (Cp1252 actually) to copy filtered resources, i.e. build is platform dependent!
2026-05-21 00:01:57,524 [Worker-0: Building workspace] INFO  o.e.m.c.i.embedder.EclipseLogger - Copying 8 resources
2026-05-21 00:01:57,544 [Worker-0: Building workspace] WARN  o.e.m.c.i.embedder.EclipseLogger - Using platform encoding (Cp1252 actually) to copy filtered resources, i.e. build is platform dependent!
2026-05-21 00:01:57,545 [Worker-0: Building workspace] INFO  o.e.m.c.i.embedder.EclipseLogger - Copying 0 resource
2026-05-21 00:01:59,602 [Worker-15: Building workspace] WARN  o.e.m.c.i.embedder.EclipseLogger - Using platform encoding (Cp1252 actually) to copy filtered resources, i.e. build is platform dependent!
2026-05-21 00:01:59,605 [Worker-15: Building workspace] INFO  o.e.m.c.i.embedder.EclipseLogger - Copying 1 resource
2026-05-21 00:01:59,610 [Worker-15: Building workspace] WARN  o.e.m.c.i.embedder.EclipseLogger - Using platform encoding (Cp1252 actually) to copy filtered resources, i.e. build is platform dependent!
2026-05-21 00:01:59,611 [Worker-15: Building workspace] INFO  o.e.m.c.i.embedder.EclipseLogger - Copying 0 resource
2026-05-21 00:02:00,233 [Worker-15: Building workspace] WARN  o.e.m.c.i.embedder.EclipseLogger - Using platform encoding (Cp1252 actually) to copy filtered resources, i.e. build is platform dependent!
2026-05-21 00:02:00,235 [Worker-15: Building workspace] INFO  o.e.m.c.i.embedder.EclipseLogger - Copying 1 resource
2026-05-21 00:02:00,239 [Worker-15: Building workspace] WARN  o.e.m.c.i.embedder.EclipseLogger - Using platform encoding (Cp1252 actually) to copy filtered resources, i.e. build is platform dependent!
2026-05-21 00:02:00,240 [Worker-15: Building workspace] INFO  o.e.m.c.i.embedder.EclipseLogger - Copying 0 resource
2026-05-21 00:04:00,109 [Worker-0: Building workspace] WARN  o.e.m.c.i.embedder.EclipseLogger - Using platform encoding (Cp1252 actually) to copy filtered resources, i.e. build is platform dependent!
2026-05-21 00:04:00,113 [Worker-0: Building workspace] INFO  o.e.m.c.i.embedder.EclipseLogger - Copying 8 resources
2026-05-21 00:04:00,116 [Worker-0: Building workspace] WARN  o.e.m.c.i.embedder.EclipseLogger - Using platform encoding (Cp1252 actually) to copy filtered resources, i.e. build is platform dependent!
2026-05-21 00:04:00,118 [Worker-0: Building workspace] INFO  o.e.m.c.i.embedder.EclipseLogger - Copying 0 resource
2026-05-21 00:04:10,043 [Worker-19: Building workspace] WARN  o.e.m.c.i.embedder.EclipseLogger - Using platform encoding (Cp1252 actually) to copy filtered resources, i.e. build is platform dependent!
2026-05-21 00:04:10,045 [Worker-19: Building workspace] INFO  o.e.m.c.i.embedder.EclipseLogger - Copying 8 resources
2026-05-21 00:04:10,047 [Worker-19: Building workspace] WARN  o.e.m.c.i.embedder.EclipseLogger - Using platform encoding (Cp1252 actually) to copy filtered resources, i.e. build is platform dependent!
2026-05-21 00:04:10,047 [Worker-19: Building workspace] INFO  o.e.m.c.i.embedder.EclipseLogger - Copying 0 resource
2026-05-21 00:05:54,085 [Worker-18: Building workspace] WARN  o.e.m.c.i.embedder.EclipseLogger - Using platform encoding (Cp1252 actually) to copy filtered resources, i.e. build is platform dependent!
2026-05-21 00:05:54,087 [Worker-18: Building workspace] INFO  o.e.m.c.i.embedder.EclipseLogger - Copying 8 resources
2026-05-21 00:05:54,089 [Worker-18: Building workspace] WARN  o.e.m.c.i.embedder.EclipseLogger - Using platform encoding (Cp1252 actually) to copy filtered resources, i.e. build is platform dependent!
2026-05-21 00:05:54,090 [Worker-18: Building workspace] INFO  o.e.m.c.i.embedder.EclipseLogger - Copying 0 resource
2026-05-21 00:06:58,402 [Worker-15: Building workspace] WARN  o.e.m.c.i.embedder.EclipseLogger - Using platform encoding (Cp1252 actually) to copy filtered resources, i.e. build is platform dependent!
2026-05-21 00:06:58,404 [Worker-15: Building workspace] INFO  o.e.m.c.i.embedder.EclipseLogger - Copying 8 resources
2026-05-21 00:06:58,406 [Worker-15: Building workspace] WARN  o.e.m.c.i.embedder.EclipseLogger - Using platform encoding (Cp1252 actually) to copy filtered resources, i.e. build is platform dependent!
2026-05-21 00:06:58,407 [Worker-15: Building workspace] INFO  o.e.m.c.i.embedder.EclipseLogger - Copying 0 resource
2026-05-21 00:07:33,708 [Worker-17: Building workspace] WARN  o.e.m.c.i.embedder.EclipseLogger - Using platform encoding (Cp1252 actually) to copy filtered resources, i.e. build is platform dependent!
2026-05-21 00:07:33,712 [Worker-17: Building workspace] INFO  o.e.m.c.i.embedder.EclipseLogger - Copying 1 resource
2026-05-21 00:07:33,717 [Worker-17: Building workspace] WARN  o.e.m.c.i.embedder.EclipseLogger - Using platform encoding (Cp1252 actually) to copy filtered resources, i.e. build is platform dependent!
2026-05-21 00:07:33,718 [Worker-17: Building workspace] INFO  o.e.m.c.i.embedder.EclipseLogger - Copying 0 resource
2026-05-21 00:08:16,464 [Worker-18: Building workspace] WARN  o.e.m.c.i.embedder.EclipseLogger - Using platform encoding (Cp1252 actually) to copy filtered resources, i.e. build is platform dependent!
2026-05-21 00:08:16,465 [Worker-18: Building workspace] INFO  o.e.m.c.i.embedder.EclipseLogger - Copying 1 resource
2026-05-21 00:08:16,467 [Worker-18: Building workspace] WARN  o.e.m.c.i.embedder.EclipseLogger - Using platform encoding (Cp1252 actually) to copy filtered resources, i.e. build is platform dependent!
2026-05-21 00:08:16,468 [Worker-18: Building workspace] INFO  o.e.m.c.i.embedder.EclipseLogger - Copying 0 resource
2026-05-21 00:09:15,654 [Worker-15: Building workspace] WARN  o.e.m.c.i.embedder.EclipseLogger - Using platform encoding (Cp1252 actually) to copy filtered resources, i.e. build is platform dependent!
2026-05-21 00:09:15,656 [Worker-15: Building workspace] INFO  o.e.m.c.i.embedder.EclipseLogger - Copying 1 resource
2026-05-21 00:09:15,660 [Worker-15: Building workspace] WARN  o.e.m.c.i.embedder.EclipseLogger - Using platform encoding (Cp1252 actually) to copy filtered resources, i.e. build is platform dependent!
2026-05-21 00:09:15,662 [Worker-15: Building workspace] INFO  o.e.m.c.i.embedder.EclipseLogger - Copying 0 resource
2026-05-21 00:09:33,269 [Worker-0: Building workspace] WARN  o.e.m.c.i.embedder.EclipseLogger - Using platform encoding (Cp1252 actually) to copy filtered resources, i.e. build is platform dependent!
2026-05-21 00:09:33,270 [Worker-0: Building workspace] INFO  o.e.m.c.i.embedder.EclipseLogger - Copying 1 resource
2026-05-21 00:09:33,274 [Worker-0: Building workspace] WARN  o.e.m.c.i.embedder.EclipseLogger - Using platform encoding (Cp1252 actually) to copy filtered resources, i.e. build is platform dependent!
2026-05-21 00:09:33,275 [Worker-0: Building workspace] INFO  o.e.m.c.i.embedder.EclipseLogger - Copying 0 resource
2026-05-21 00:09:38,103 [Worker-17: Building workspace] WARN  o.e.m.c.i.embedder.EclipseLogger - Using platform encoding (Cp1252 actually) to copy filtered resources, i.e. build is platform dependent!
2026-05-21 00:09:38,105 [Worker-17: Building workspace] INFO  o.e.m.c.i.embedder.EclipseLogger - Copying 1 resource
2026-05-21 00:09:38,110 [Worker-17: Building workspace] WARN  o.e.m.c.i.embedder.EclipseLogger - Using platform encoding (Cp1252 actually) to copy filtered resources, i.e. build is platform dependent!
2026-05-21 00:09:38,113 [Worker-17: Building workspace] INFO  o.e.m.c.i.embedder.EclipseLogger - Copying 0 resource
2026-05-21 00:09:46,739 [Worker-19: Building workspace] WARN  o.e.m.c.i.embedder.EclipseLogger - Using platform encoding (Cp1252 actually) to copy filtered resources, i.e. build is platform dependent!
2026-05-21 00:09:46,741 [Worker-19: Building workspace] INFO  o.e.m.c.i.embedder.EclipseLogger - Copying 1 resource
2026-05-21 00:09:46,745 [Worker-19: Building workspace] WARN  o.e.m.c.i.embedder.EclipseLogger - Using platform encoding (Cp1252 actually) to copy filtered resources, i.e. build is platform dependent!
2026-05-21 00:09:46,747 [Worker-19: Building workspace] INFO  o.e.m.c.i.embedder.EclipseLogger - Copying 0 resource
2026-05-21 00:10:26,423 [Worker-15: Building workspace] WARN  o.e.m.c.i.embedder.EclipseLogger - Using platform encoding (Cp1252 actually) to copy filtered resources, i.e. build is platform dependent!
2026-05-21 00:10:26,424 [Worker-15: Building workspace] INFO  o.e.m.c.i.embedder.EclipseLogger - Copying 9 resources
2026-05-21 00:10:26,428 [Worker-15: Building workspace] WARN  o.e.m.c.i.embedder.EclipseLogger - Using platform encoding (Cp1252 actually) to copy filtered resources, i.e. build is platform dependent!
2026-05-21 00:10:26,430 [Worker-15: Building workspace] INFO  o.e.m.c.i.embedder.EclipseLogger - Copying 0 resource
2026-05-21 00:12:38,312 [Worker-0: Building workspace] WARN  o.e.m.c.i.embedder.EclipseLogger - Using platform encoding (Cp1252 actually) to copy filtered resources, i.e. build is platform dependent!
2026-05-21 00:12:38,313 [Worker-0: Building workspace] INFO  o.e.m.c.i.embedder.EclipseLogger - Copying 9 resources
2026-05-21 00:12:38,315 [Worker-0: Building workspace] WARN  o.e.m.c.i.embedder.EclipseLogger - Using platform encoding (Cp1252 actually) to copy filtered resources, i.e. build is platform dependent!
2026-05-21 00:12:38,316 [Worker-0: Building workspace] INFO  o.e.m.c.i.embedder.EclipseLogger - Copying 0 resource
2026-05-21 00:14:49,342 [Worker-15: Building workspace] WARN  o.e.m.c.i.embedder.EclipseLogger - Using platform encoding (Cp1252 actually) to copy filtered resources, i.e. build is platform dependent!
2026-05-21 00:14:49,344 [Worker-15: Building workspace] INFO  o.e.m.c.i.embedder.EclipseLogger - Copying 9 resources
2026-05-21 00:14:49,347 [Worker-15: Building workspace] WARN  o.e.m.c.i.embedder.EclipseLogger - Using platform encoding (Cp1252 actually) to copy filtered resources, i.e. build is platform dependent!
2026-05-21 00:14:49,349 [Worker-15: Building workspace] INFO  o.e.m.c.i.embedder.EclipseLogger - Copying 0 resource
2026-05-21 00:27:29,942 [Worker-21: Building workspace] WARN  o.e.m.c.i.embedder.EclipseLogger - Using platform encoding (Cp1252 actually) to copy filtered resources, i.e. build is platform dependent!
2026-05-21 00:27:29,943 [Worker-21: Building workspace] INFO  o.e.m.c.i.embedder.EclipseLogger - Copying 9 resources
2026-05-21 00:27:29,945 [Worker-21: Building workspace] WARN  o.e.m.c.i.embedder.EclipseLogger - Using platform encoding (Cp1252 actually) to copy filtered resources, i.e. build is platform dependent!
2026-05-21 00:27:29,946 [Worker-21: Building workspace] INFO  o.e.m.c.i.embedder.EclipseLogger - Copying 0 resource
2026-05-21 00:31:23,523 [Worker-24: Building workspace] WARN  o.e.m.c.i.embedder.EclipseLogger - Using platform encoding (Cp1252 actually) to copy filtered resources, i.e. build is platform dependent!
2026-05-21 00:31:23,526 [Worker-24: Building workspace] INFO  o.e.m.c.i.embedder.EclipseLogger - Copying 1 resource
2026-05-21 00:31:23,531 [Worker-24: Building workspace] WARN  o.e.m.c.i.embedder.EclipseLogger - Using platform encoding (Cp1252 actually) to copy filtered resources, i.e. build is platform dependent!
2026-05-21 00:31:23,532 [Worker-24: Building workspace] INFO  o.e.m.c.i.embedder.EclipseLogger - Copying 0 resource
2026-05-21 00:31:55,640 [Worker-22: Building workspace] WARN  o.e.m.c.i.embedder.EclipseLogger - Using platform encoding (Cp1252 actually) to copy filtered resources, i.e. build is platform dependent!
2026-05-21 00:31:55,642 [Worker-22: Building workspace] INFO  o.e.m.c.i.embedder.EclipseLogger - Copying 1 resource
2026-05-21 00:31:55,647 [Worker-22: Building workspace] WARN  o.e.m.c.i.embedder.EclipseLogger - Using platform encoding (Cp1252 actually) to copy filtered resources, i.e. build is platform dependent!
2026-05-21 00:31:55,648 [Worker-22: Building workspace] INFO  o.e.m.c.i.embedder.EclipseLogger - Copying 0 resource
2026-05-21 00:32:59,229 [Worker-27: Building workspace] WARN  o.e.m.c.i.embedder.EclipseLogger - Using platform encoding (Cp1252 actually) to copy filtered resources, i.e. build is platform dependent!
2026-05-21 00:32:59,230 [Worker-27: Building workspace] INFO  o.e.m.c.i.embedder.EclipseLogger - Copying 9 resources
2026-05-21 00:32:59,232 [Worker-27: Building workspace] WARN  o.e.m.c.i.embedder.EclipseLogger - Using platform encoding (Cp1252 actually) to copy filtered resources, i.e. build is platform dependent!
2026-05-21 00:32:59,233 [Worker-27: Building workspace] INFO  o.e.m.c.i.embedder.EclipseLogger - Copying 0 resource
2026-05-21 00:33:23,900 [Worker-22: Building workspace] WARN  o.e.m.c.i.embedder.EclipseLogger - Using platform encoding (Cp1252 actually) to copy filtered resources, i.e. build is platform dependent!
2026-05-21 00:33:23,902 [Worker-22: Building workspace] INFO  o.e.m.c.i.embedder.EclipseLogger - Copying 9 resources
2026-05-21 00:33:23,904 [Worker-22: Building workspace] WARN  o.e.m.c.i.embedder.EclipseLogger - Using platform encoding (Cp1252 actually) to copy filtered resources, i.e. build is platform dependent!
2026-05-21 00:33:23,905 [Worker-22: Building workspace] INFO  o.e.m.c.i.embedder.EclipseLogger - Copying 0 resource
2026-05-21 15:32:09,620 [Worker-0: Loading available Gradle versions] INFO  o.e.b.c.i.u.g.PublishedGradleVersions - Gradle version information cache is out-of-date. Trying to update.
2026-05-21 16:22:51,450 [Worker-26: Building workspace] WARN  o.e.m.c.i.embedder.EclipseLogger - Using platform encoding (Cp1252 actually) to copy filtered resources, i.e. build is platform dependent!
2026-05-21 16:22:51,460 [Worker-26: Building workspace] INFO  o.e.m.c.i.embedder.EclipseLogger - Copying 9 resources
2026-05-21 16:22:51,474 [Worker-26: Building workspace] WARN  o.e.m.c.i.embedder.EclipseLogger - Using platform encoding (Cp1252 actually) to copy filtered resources, i.e. build is platform dependent!
2026-05-21 16:22:51,475 [Worker-26: Building workspace] INFO  o.e.m.c.i.embedder.EclipseLogger - Copying 0 resource
2026-05-21 16:25:07,464 [Worker-30: Building workspace] WARN  o.e.m.c.i.embedder.EclipseLogger - Using platform encoding (Cp1252 actually) to copy filtered resources, i.e. build is platform dependent!
2026-05-21 16:25:07,469 [Worker-30: Building workspace] INFO  o.e.m.c.i.embedder.EclipseLogger - Copying 9 resources
2026-05-21 16:25:07,471 [Worker-30: Building workspace] WARN  o.e.m.c.i.embedder.EclipseLogger - Using platform encoding (Cp1252 actually) to copy filtered resources, i.e. build is platform dependent!
2026-05-21 16:25:07,472 [Worker-30: Building workspace] INFO  o.e.m.c.i.embedder.EclipseLogger - Copying 0 resource
2026-05-21 16:36:03,365 [Worker-33: Building workspace] WARN  o.e.m.c.i.embedder.EclipseLogger - Using platform encoding (Cp1252 actually) to copy filtered resources, i.e. build is platform dependent!
2026-05-21 16:36:03,367 [Worker-33: Building workspace] INFO  o.e.m.c.i.embedder.EclipseLogger - Copying 9 resources
2026-05-21 16:36:03,369 [Worker-33: Building workspace] WARN  o.e.m.c.i.embedder.EclipseLogger - Using platform encoding (Cp1252 actually) to copy filtered resources, i.e. build is platform dependent!
2026-05-21 16:36:03,370 [Worker-33: Building workspace] INFO  o.e.m.c.i.embedder.EclipseLogger - Copying 0 resource
2026-05-21 16:37:10,233 [Worker-33: Building workspace] WARN  o.e.m.c.i.embedder.EclipseLogger - Using platform encoding (Cp1252 actually) to copy filtered resources, i.e. build is platform dependent!
2026-05-21 16:37:10,235 [Worker-33: Building workspace] INFO  o.e.m.c.i.embedder.EclipseLogger - Copying 1 resource
2026-05-21 16:37:10,237 [Worker-33: Building workspace] WARN  o.e.m.c.i.embedder.EclipseLogger - Using platform encoding (Cp1252 actually) to copy filtered resources, i.e. build is platform dependent!
2026-05-21 16:37:10,239 [Worker-33: Building workspace] INFO  o.e.m.c.i.embedder.EclipseLogger - Copying 0 resource
2026-05-21 16:38:36,413 [Worker-35: Building workspace] WARN  o.e.m.c.i.embedder.EclipseLogger - Using platform encoding (Cp1252 actually) to copy filtered resources, i.e. build is platform dependent!
2026-05-21 16:38:36,415 [Worker-35: Building workspace] INFO  o.e.m.c.i.embedder.EclipseLogger - Copying 1 resource
2026-05-21 16:38:36,416 [Worker-35: Building workspace] WARN  o.e.m.c.i.embedder.EclipseLogger - Using platform encoding (Cp1252 actually) to copy filtered resources, i.e. build is platform dependent!
2026-05-21 16:38:36,417 [Worker-35: Building workspace] INFO  o.e.m.c.i.embedder.EclipseLogger - Copying 0 resource
2026-05-21 16:47:06,603 [Worker-39: Building workspace] WARN  o.e.m.c.i.embedder.EclipseLogger - Using platform encoding (Cp1252 actually) to copy filtered resources, i.e. build is platform dependent!
2026-05-21 16:47:06,604 [Worker-39: Building workspace] INFO  o.e.m.c.i.embedder.EclipseLogger - Copying 1 resource
2026-05-21 16:47:06,606 [Worker-39: Building workspace] WARN  o.e.m.c.i.embedder.EclipseLogger - Using platform encoding (Cp1252 actually) to copy filtered resources, i.e. build is platform dependent!
2026-05-21 16:47:06,607 [Worker-39: Building workspace] INFO  o.e.m.c.i.embedder.EclipseLogger - Copying 0 resource
2026-05-21 16:54:30,140 [Worker-39: Building workspace] WARN  o.e.m.c.i.embedder.EclipseLogger - Using platform encoding (Cp1252 actually) to copy filtered resources, i.e. build is platform dependent!
2026-05-21 16:54:30,142 [Worker-39: Building workspace] INFO  o.e.m.c.i.embedder.EclipseLogger - Copying 9 resources
2026-05-21 16:54:30,145 [Worker-39: Building workspace] WARN  o.e.m.c.i.embedder.EclipseLogger - Using platform encoding (Cp1252 actually) to copy filtered resources, i.e. build is platform dependent!
2026-05-21 16:54:30,146 [Worker-39: Building workspace] INFO  o.e.m.c.i.embedder.EclipseLogger - Copying 0 resource
2026-05-21 16:57:07,246 [Worker-43: Building workspace] WARN  o.e.m.c.i.embedder.EclipseLogger - Using platform encoding (Cp1252 actually) to copy filtered resources, i.e. build is platform dependent!
2026-05-21 16:57:07,247 [Worker-43: Building workspace] INFO  o.e.m.c.i.embedder.EclipseLogger - Copying 9 resources
2026-05-21 16:57:07,250 [Worker-43: Building workspace] WARN  o.e.m.c.i.embedder.EclipseLogger - Using platform encoding (Cp1252 actually) to copy filtered resources, i.e. build is platform dependent!
2026-05-21 16:57:07,251 [Worker-43: Building workspace] INFO  o.e.m.c.i.embedder.EclipseLogger - Copying 0 resource
2026-05-21 16:58:19,208 [Worker-44: Building workspace] WARN  o.e.m.c.i.embedder.EclipseLogger - Using platform encoding (Cp1252 actually) to copy filtered resources, i.e. build is platform dependent!
2026-05-21 16:58:19,210 [Worker-44: Building workspace] INFO  o.e.m.c.i.embedder.EclipseLogger - Copying 9 resources
2026-05-21 16:58:19,212 [Worker-44: Building workspace] WARN  o.e.m.c.i.embedder.EclipseLogger - Using platform encoding (Cp1252 actually) to copy filtered resources, i.e. build is platform dependent!
2026-05-21 16:58:19,213 [Worker-44: Building workspace] INFO  o.e.m.c.i.embedder.EclipseLogger - Copying 0 resource
2026-05-21 17:02:08,207 [Worker-44: Building workspace] WARN  o.e.m.c.i.embedder.EclipseLogger - Using platform encoding (Cp1252 actually) to copy filtered resources, i.e. build is platform dependent!
2026-05-21 17:02:08,208 [Worker-44: Building workspace] INFO  o.e.m.c.i.embedder.EclipseLogger - Copying 9 resources
2026-05-21 17:02:08,211 [Worker-44: Building workspace] WARN  o.e.m.c.i.embedder.EclipseLogger - Using platform encoding (Cp1252 actually) to copy filtered resources, i.e. build is platform dependent!
2026-05-21 17:02:08,212 [Worker-44: Building workspace] INFO  o.e.m.c.i.embedder.EclipseLogger - Copying 0 resource
2026-05-21 17:05:17,746 [Worker-47: Building workspace] WARN  o.e.m.c.i.embedder.EclipseLogger - Using platform encoding (Cp1252 actually) to copy filtered resources, i.e. build is platform dependent!
2026-05-21 17:05:17,748 [Worker-47: Building workspace] INFO  o.e.m.c.i.embedder.EclipseLogger - Copying 9 resources
2026-05-21 17:05:17,749 [Worker-47: Building workspace] WARN  o.e.m.c.i.embedder.EclipseLogger - Using platform encoding (Cp1252 actually) to copy filtered resources, i.e. build is platform dependent!
2026-05-21 17:05:17,750 [Worker-47: Building workspace] INFO  o.e.m.c.i.embedder.EclipseLogger - Copying 0 resource
2026-05-21 17:05:29,033 [Worker-48: Building workspace] WARN  o.e.m.c.i.embedder.EclipseLogger - Using platform encoding (Cp1252 actually) to copy filtered resources, i.e. build is platform dependent!
2026-05-21 17:05:29,034 [Worker-48: Building workspace] INFO  o.e.m.c.i.embedder.EclipseLogger - Copying 9 resources
2026-05-21 17:05:29,037 [Worker-48: Building workspace] WARN  o.e.m.c.i.embedder.EclipseLogger - Using platform encoding (Cp1252 actually) to copy filtered resources, i.e. build is platform dependent!
2026-05-21 17:05:29,038 [Worker-48: Building workspace] INFO  o.e.m.c.i.embedder.EclipseLogger - Copying 0 resource
2026-05-21 17:05:43,655 [Worker-47: Building workspace] WARN  o.e.m.c.i.embedder.EclipseLogger - Using platform encoding (Cp1252 actually) to copy filtered resources, i.e. build is platform dependent!
2026-05-21 17:05:43,657 [Worker-47: Building workspace] INFO  o.e.m.c.i.embedder.EclipseLogger - Copying 9 resources
2026-05-21 17:05:43,659 [Worker-47: Building workspace] WARN  o.e.m.c.i.embedder.EclipseLogger - Using platform encoding (Cp1252 actually) to copy filtered resources, i.e. build is platform dependent!
2026-05-21 17:05:43,660 [Worker-47: Building workspace] INFO  o.e.m.c.i.embedder.EclipseLogger - Copying 0 resource
2026-05-21 17:06:16,561 [Worker-43: Building workspace] WARN  o.e.m.c.i.embedder.EclipseLogger - Using platform encoding (Cp1252 actually) to copy filtered resources, i.e. build is platform dependent!
2026-05-21 17:06:16,565 [Worker-43: Building workspace] INFO  o.e.m.c.i.embedder.EclipseLogger - Copying 1 resource
2026-05-21 17:06:16,570 [Worker-43: Building workspace] WARN  o.e.m.c.i.embedder.EclipseLogger - Using platform encoding (Cp1252 actually) to copy filtered resources, i.e. build is platform dependent!
2026-05-21 17:06:16,571 [Worker-43: Building workspace] INFO  o.e.m.c.i.embedder.EclipseLogger - Copying 0 resource
2026-05-21 17:11:01,834 [Worker-44: Building workspace] WARN  o.e.m.c.i.embedder.EclipseLogger - Using platform encoding (Cp1252 actually) to copy filtered resources, i.e. build is platform dependent!
2026-05-21 17:11:01,836 [Worker-44: Building workspace] INFO  o.e.m.c.i.embedder.EclipseLogger - Copying 10 resources
2026-05-21 17:11:01,837 [Worker-44: Building workspace] WARN  o.e.m.c.i.embedder.EclipseLogger - Using platform encoding (Cp1252 actually) to copy filtered resources, i.e. build is platform dependent!
2026-05-21 17:11:01,838 [Worker-44: Building workspace] INFO  o.e.m.c.i.embedder.EclipseLogger - Copying 0 resource
2026-05-21 17:20:12,688 [Worker-51: Building workspace] WARN  o.e.m.c.i.embedder.EclipseLogger - Using platform encoding (Cp1252 actually) to copy filtered resources, i.e. build is platform dependent!
2026-05-21 17:20:12,689 [Worker-51: Building workspace] INFO  o.e.m.c.i.embedder.EclipseLogger - Copying 1 resource
2026-05-21 17:20:12,692 [Worker-51: Building workspace] WARN  o.e.m.c.i.embedder.EclipseLogger - Using platform encoding (Cp1252 actually) to copy filtered resources, i.e. build is platform dependent!
2026-05-21 17:20:12,693 [Worker-51: Building workspace] INFO  o.e.m.c.i.embedder.EclipseLogger - Copying 0 resource
2026-05-21 17:20:18,379 [Worker-53: Building workspace] WARN  o.e.m.c.i.embedder.EclipseLogger - Using platform encoding (Cp1252 actually) to copy filtered resources, i.e. build is platform dependent!
2026-05-21 17:20:18,380 [Worker-53: Building workspace] INFO  o.e.m.c.i.embedder.EclipseLogger - Copying 1 resource
2026-05-21 17:20:18,383 [Worker-53: Building workspace] WARN  o.e.m.c.i.embedder.EclipseLogger - Using platform encoding (Cp1252 actually) to copy filtered resources, i.e. build is platform dependent!
2026-05-21 17:20:18,384 [Worker-53: Building workspace] INFO  o.e.m.c.i.embedder.EclipseLogger - Copying 0 resource
2026-05-21 17:22:03,745 [Worker-51: Building workspace] WARN  o.e.m.c.i.embedder.EclipseLogger - Using platform encoding (Cp1252 actually) to copy filtered resources, i.e. build is platform dependent!
2026-05-21 17:22:03,747 [Worker-51: Building workspace] INFO  o.e.m.c.i.embedder.EclipseLogger - Copying 1 resource
2026-05-21 17:22:03,750 [Worker-51: Building workspace] WARN  o.e.m.c.i.embedder.EclipseLogger - Using platform encoding (Cp1252 actually) to copy filtered resources, i.e. build is platform dependent!
2026-05-21 17:22:03,751 [Worker-51: Building workspace] INFO  o.e.m.c.i.embedder.EclipseLogger - Copying 0 resource
2026-05-21 17:23:05,010 [Worker-53: Building workspace] WARN  o.e.m.c.i.embedder.EclipseLogger - Using platform encoding (Cp1252 actually) to copy filtered resources, i.e. build is platform dependent!
2026-05-21 17:23:05,011 [Worker-53: Building workspace] INFO  o.e.m.c.i.embedder.EclipseLogger - Copying 1 resource
2026-05-21 17:23:05,017 [Worker-53: Building workspace] WARN  o.e.m.c.i.embedder.EclipseLogger - Using platform encoding (Cp1252 actually) to copy filtered resources, i.e. build is platform dependent!
2026-05-21 17:23:05,018 [Worker-53: Building workspace] INFO  o.e.m.c.i.embedder.EclipseLogger - Copying 0 resource
2026-05-21 17:25:14,961 [Worker-51: Building workspace] WARN  o.e.m.c.i.embedder.EclipseLogger - Using platform encoding (Cp1252 actually) to copy filtered resources, i.e. build is platform dependent!
2026-05-21 17:25:14,964 [Worker-51: Building workspace] INFO  o.e.m.c.i.embedder.EclipseLogger - Copying 1 resource
2026-05-21 17:25:14,972 [Worker-51: Building workspace] WARN  o.e.m.c.i.embedder.EclipseLogger - Using platform encoding (Cp1252 actually) to copy filtered resources, i.e. build is platform dependent!
2026-05-21 17:25:14,973 [Worker-51: Building workspace] INFO  o.e.m.c.i.embedder.EclipseLogger - Copying 0 resource
2026-05-21 17:25:21,533 [Worker-51: Building workspace] WARN  o.e.m.c.i.embedder.EclipseLogger - Using platform encoding (Cp1252 actually) to copy filtered resources, i.e. build is platform dependent!
2026-05-21 17:25:21,535 [Worker-51: Building workspace] INFO  o.e.m.c.i.embedder.EclipseLogger - Copying 1 resource
2026-05-21 17:25:21,538 [Worker-51: Building workspace] WARN  o.e.m.c.i.embedder.EclipseLogger - Using platform encoding (Cp1252 actually) to copy filtered resources, i.e. build is platform dependent!
2026-05-21 17:25:21,541 [Worker-51: Building workspace] INFO  o.e.m.c.i.embedder.EclipseLogger - Copying 0 resource
2026-05-21 17:27:06,051 [Worker-52: Building workspace] WARN  o.e.m.c.i.embedder.EclipseLogger - Using platform encoding (Cp1252 actually) to copy filtered resources, i.e. build is platform dependent!
2026-05-21 17:27:06,053 [Worker-52: Building workspace] INFO  o.e.m.c.i.embedder.EclipseLogger - Copying 1 resource
2026-05-21 17:27:06,058 [Worker-52: Building workspace] WARN  o.e.m.c.i.embedder.EclipseLogger - Using platform encoding (Cp1252 actually) to copy filtered resources, i.e. build is platform dependent!
2026-05-21 17:27:06,060 [Worker-52: Building workspace] INFO  o.e.m.c.i.embedder.EclipseLogger - Copying 0 resource
2026-05-21 17:29:28,423 [Worker-56: Building workspace] WARN  o.e.m.c.i.embedder.EclipseLogger - Using platform encoding (Cp1252 actually) to copy filtered resources, i.e. build is platform dependent!
2026-05-21 17:29:28,424 [Worker-56: Building workspace] INFO  o.e.m.c.i.embedder.EclipseLogger - Copying 1 resource
2026-05-21 17:29:28,425 [Worker-56: Building workspace] WARN  o.e.m.c.i.embedder.EclipseLogger - Using platform encoding (Cp1252 actually) to copy filtered resources, i.e. build is platform dependent!
2026-05-21 17:29:28,426 [Worker-56: Building workspace] INFO  o.e.m.c.i.embedder.EclipseLogger - Copying 0 resource
2026-05-21 17:29:46,502 [Worker-56: Building workspace] WARN  o.e.m.c.i.embedder.EclipseLogger - Using platform encoding (Cp1252 actually) to copy filtered resources, i.e. build is platform dependent!
2026-05-21 17:29:46,502 [Worker-56: Building workspace] INFO  o.e.m.c.i.embedder.EclipseLogger - Copying 1 resource
2026-05-21 17:29:46,503 [Worker-56: Building workspace] WARN  o.e.m.c.i.embedder.EclipseLogger - Using platform encoding (Cp1252 actually) to copy filtered resources, i.e. build is platform dependent!
2026-05-21 17:29:46,504 [Worker-56: Building workspace] INFO  o.e.m.c.i.embedder.EclipseLogger - Copying 0 resource
2026-05-21 17:29:58,889 [Worker-56: Building workspace] WARN  o.e.m.c.i.embedder.EclipseLogger - Using platform encoding (Cp1252 actually) to copy filtered resources, i.e. build is platform dependent!
2026-05-21 17:29:58,890 [Worker-56: Building workspace] INFO  o.e.m.c.i.embedder.EclipseLogger - Copying 1 resource
2026-05-21 17:29:58,894 [Worker-56: Building workspace] WARN  o.e.m.c.i.embedder.EclipseLogger - Using platform encoding (Cp1252 actually) to copy filtered resources, i.e. build is platform dependent!
2026-05-21 17:29:58,896 [Worker-56: Building workspace] INFO  o.e.m.c.i.embedder.EclipseLogger - Copying 0 resource
2026-05-21 17:45:40,015 [Worker-55: Building workspace] WARN  o.e.m.c.i.embedder.EclipseLogger - Using platform encoding (Cp1252 actually) to copy filtered resources, i.e. build is platform dependent!
2026-05-21 17:45:40,017 [Worker-55: Building workspace] INFO  o.e.m.c.i.embedder.EclipseLogger - Copying 1 resource
2026-05-21 17:45:40,022 [Worker-55: Building workspace] WARN  o.e.m.c.i.embedder.EclipseLogger - Using platform encoding (Cp1252 actually) to copy filtered resources, i.e. build is platform dependent!
2026-05-21 17:45:40,023 [Worker-55: Building workspace] INFO  o.e.m.c.i.embedder.EclipseLogger - Copying 0 resource
2026-05-21 17:45:48,559 [Worker-59: Building workspace] WARN  o.e.m.c.i.embedder.EclipseLogger - Using platform encoding (Cp1252 actually) to copy filtered resources, i.e. build is platform dependent!
2026-05-21 17:45:48,561 [Worker-59: Building workspace] INFO  o.e.m.c.i.embedder.EclipseLogger - Copying 1 resource
2026-05-21 17:45:48,564 [Worker-59: Building workspace] WARN  o.e.m.c.i.embedder.EclipseLogger - Using platform encoding (Cp1252 actually) to copy filtered resources, i.e. build is platform dependent!
2026-05-21 17:45:48,565 [Worker-59: Building workspace] INFO  o.e.m.c.i.embedder.EclipseLogger - Copying 0 resource
2026-05-21 17:46:23,062 [Worker-55: Building workspace] WARN  o.e.m.c.i.embedder.EclipseLogger - Using platform encoding (Cp1252 actually) to copy filtered resources, i.e. build is platform dependent!
2026-05-21 17:46:23,063 [Worker-55: Building workspace] INFO  o.e.m.c.i.embedder.EclipseLogger - Copying 1 resource
2026-05-21 17:46:23,065 [Worker-55: Building workspace] WARN  o.e.m.c.i.embedder.EclipseLogger - Using platform encoding (Cp1252 actually) to copy filtered resources, i.e. build is platform dependent!
2026-05-21 17:46:23,066 [Worker-55: Building workspace] INFO  o.e.m.c.i.embedder.EclipseLogger - Copying 0 resource
2026-05-21 17:47:17,483 [Worker-59: Building workspace] WARN  o.e.m.c.i.embedder.EclipseLogger - Using platform encoding (Cp1252 actually) to copy filtered resources, i.e. build is platform dependent!
2026-05-21 17:47:17,485 [Worker-59: Building workspace] INFO  o.e.m.c.i.embedder.EclipseLogger - Copying 10 resources
2026-05-21 17:47:17,489 [Worker-59: Building workspace] WARN  o.e.m.c.i.embedder.EclipseLogger - Using platform encoding (Cp1252 actually) to copy filtered resources, i.e. build is platform dependent!
2026-05-21 17:47:17,490 [Worker-59: Building workspace] INFO  o.e.m.c.i.embedder.EclipseLogger - Copying 0 resource
2026-05-21 17:48:55,706 [Worker-60: Building workspace] WARN  o.e.m.c.i.embedder.EclipseLogger - Using platform encoding (Cp1252 actually) to copy filtered resources, i.e. build is platform dependent!
2026-05-21 17:48:55,707 [Worker-60: Building workspace] INFO  o.e.m.c.i.embedder.EclipseLogger - Copying 10 resources
2026-05-21 17:48:55,708 [Worker-60: Building workspace] WARN  o.e.m.c.i.embedder.EclipseLogger - Using platform encoding (Cp1252 actually) to copy filtered resources, i.e. build is platform dependent!
2026-05-21 17:48:55,709 [Worker-60: Building workspace] INFO  o.e.m.c.i.embedder.EclipseLogger - Copying 0 resource
2026-05-21 17:49:16,527 [Worker-60: Building workspace] WARN  o.e.m.c.i.embedder.EclipseLogger - Using platform encoding (Cp1252 actually) to copy filtered resources, i.e. build is platform dependent!
2026-05-21 17:49:16,528 [Worker-60: Building workspace] INFO  o.e.m.c.i.embedder.EclipseLogger - Copying 10 resources
2026-05-21 17:49:16,530 [Worker-60: Building workspace] WARN  o.e.m.c.i.embedder.EclipseLogger - Using platform encoding (Cp1252 actually) to copy filtered resources, i.e. build is platform dependent!
2026-05-21 17:49:16,531 [Worker-60: Building workspace] INFO  o.e.m.c.i.embedder.EclipseLogger - Copying 0 resource
2026-05-21 17:49:38,329 [Worker-60: Building workspace] WARN  o.e.m.c.i.embedder.EclipseLogger - Using platform encoding (Cp1252 actually) to copy filtered resources, i.e. build is platform dependent!
2026-05-21 17:49:38,330 [Worker-60: Building workspace] INFO  o.e.m.c.i.embedder.EclipseLogger - Copying 10 resources
2026-05-21 17:49:38,332 [Worker-60: Building workspace] WARN  o.e.m.c.i.embedder.EclipseLogger - Using platform encoding (Cp1252 actually) to copy filtered resources, i.e. build is platform dependent!
2026-05-21 17:49:38,333 [Worker-60: Building workspace] INFO  o.e.m.c.i.embedder.EclipseLogger - Copying 0 resource
2026-05-21 17:51:40,809 [Worker-58: Building workspace] WARN  o.e.m.c.i.embedder.EclipseLogger - Using platform encoding (Cp1252 actually) to copy filtered resources, i.e. build is platform dependent!
2026-05-21 17:51:40,810 [Worker-58: Building workspace] INFO  o.e.m.c.i.embedder.EclipseLogger - Copying 1 resource
2026-05-21 17:51:40,816 [Worker-58: Building workspace] WARN  o.e.m.c.i.embedder.EclipseLogger - Using platform encoding (Cp1252 actually) to copy filtered resources, i.e. build is platform dependent!
2026-05-21 17:51:40,817 [Worker-58: Building workspace] INFO  o.e.m.c.i.embedder.EclipseLogger - Copying 0 resource
2026-05-21 17:56:26,001 [Worker-61: Building workspace] WARN  o.e.m.c.i.embedder.EclipseLogger - Using platform encoding (Cp1252 actually) to copy filtered resources, i.e. build is platform dependent!
2026-05-21 17:56:26,003 [Worker-61: Building workspace] INFO  o.e.m.c.i.embedder.EclipseLogger - Copying 1 resource
2026-05-21 17:56:26,009 [Worker-61: Building workspace] WARN  o.e.m.c.i.embedder.EclipseLogger - Using platform encoding (Cp1252 actually) to copy filtered resources, i.e. build is platform dependent!
2026-05-21 17:56:26,011 [Worker-61: Building workspace] INFO  o.e.m.c.i.embedder.EclipseLogger - Copying 0 resource
2026-05-21 17:56:57,451 [Worker-61: Building workspace] WARN  o.e.m.c.i.embedder.EclipseLogger - Using platform encoding (Cp1252 actually) to copy filtered resources, i.e. build is platform dependent!
2026-05-21 17:56:57,452 [Worker-61: Building workspace] INFO  o.e.m.c.i.embedder.EclipseLogger - Copying 1 resource
2026-05-21 17:56:57,457 [Worker-61: Building workspace] WARN  o.e.m.c.i.embedder.EclipseLogger - Using platform encoding (Cp1252 actually) to copy filtered resources, i.e. build is platform dependent!
2026-05-21 17:56:57,465 [Worker-61: Building workspace] INFO  o.e.m.c.i.embedder.EclipseLogger - Copying 0 resource
2026-05-21 17:57:20,359 [Worker-58: Building workspace] WARN  o.e.m.c.i.embedder.EclipseLogger - Using platform encoding (Cp1252 actually) to copy filtered resources, i.e. build is platform dependent!
2026-05-21 17:57:20,360 [Worker-58: Building workspace] INFO  o.e.m.c.i.embedder.EclipseLogger - Copying 1 resource
2026-05-21 17:57:20,363 [Worker-58: Building workspace] WARN  o.e.m.c.i.embedder.EclipseLogger - Using platform encoding (Cp1252 actually) to copy filtered resources, i.e. build is platform dependent!
2026-05-21 17:57:20,365 [Worker-58: Building workspace] INFO  o.e.m.c.i.embedder.EclipseLogger - Copying 0 resource
2026-05-21 17:57:49,844 [Worker-62: Building workspace] WARN  o.e.m.c.i.embedder.EclipseLogger - Using platform encoding (Cp1252 actually) to copy filtered resources, i.e. build is platform dependent!
2026-05-21 17:57:49,846 [Worker-62: Building workspace] INFO  o.e.m.c.i.embedder.EclipseLogger - Copying 1 resource
2026-05-21 17:57:49,850 [Worker-62: Building workspace] WARN  o.e.m.c.i.embedder.EclipseLogger - Using platform encoding (Cp1252 actually) to copy filtered resources, i.e. build is platform dependent!
2026-05-21 17:57:49,852 [Worker-62: Building workspace] INFO  o.e.m.c.i.embedder.EclipseLogger - Copying 0 resource
2026-05-21 18:52:51,970 [Worker-65: Creating project "Spring-Dao-Hibernate"] INFO  o.e.m.c.i.l.LifecycleMappingFactory - Using org.eclipse.m2e.jdt.JarLifecycleMapping lifecycle mapping for MavenProject: com.rays:Spring-Dao-Hibernate:0.0.1-SNAPSHOT @ D:\Spring\Spring-Dao-Hibernate\pom.xml.
2026-05-21 18:52:52,359 [Worker-65: Creating project "Spring-Dao-Hibernate"] INFO  o.e.m.j.i.AbstractJavaProjectConfigurator - Adding source folder /Spring-Dao-Hibernate/src/main/java
2026-05-21 18:52:52,360 [Worker-65: Creating project "Spring-Dao-Hibernate"] INFO  o.e.m.j.i.AbstractJavaProjectConfigurator - Adding resource folder /Spring-Dao-Hibernate/src/main/resources
2026-05-21 18:52:52,360 [Worker-65: Creating project "Spring-Dao-Hibernate"] INFO  o.e.m.j.i.AbstractJavaProjectConfigurator - Adding source folder /Spring-Dao-Hibernate/src/test/java
2026-05-21 18:52:52,360 [Worker-65: Creating project "Spring-Dao-Hibernate"] INFO  o.e.m.j.i.AbstractJavaProjectConfigurator - Adding resource folder /Spring-Dao-Hibernate/src/test/resources
2026-05-21 18:52:52,773 [Worker-69: Building workspace] WARN  o.e.m.c.i.embedder.EclipseLogger - Using platform encoding (Cp1252 actually) to copy filtered resources, i.e. build is platform dependent!
2026-05-21 18:52:52,775 [Worker-69: Building workspace] INFO  o.e.m.c.i.embedder.EclipseLogger - Copying 0 resource
2026-05-21 18:52:52,777 [Worker-69: Building workspace] WARN  o.e.m.c.i.embedder.EclipseLogger - Using platform encoding (Cp1252 actually) to copy filtered resources, i.e. build is platform dependent!
2026-05-21 18:52:52,778 [Worker-69: Building workspace] INFO  o.e.m.c.i.embedder.EclipseLogger - Copying 0 resource
2026-05-21 18:56:19,938 [Worker-69: Building workspace] INFO  o.e.m.c.i.l.LifecycleMappingFactory - Using org.eclipse.m2e.jdt.JarLifecycleMapping lifecycle mapping for MavenProject: com.rays:Spring-Dao-Hibernate:0.0.1-SNAPSHOT @ D:\Spring\Spring-Dao-Hibernate\pom.xml.
2026-05-21 18:56:21,726 [Worker-69: Building workspace] INFO  o.e.m.c.i.e.AbstractTransferListenerAdapter - Downloaded https://repo.maven.apache.org/maven2/org/springframework/spring-core/${springframework.version}/spring-core-${springframework.version}.pom
2026-05-21 18:56:21,733 [Worker-69: Building workspace] WARN  o.e.m.c.i.embedder.EclipseLogger - The POM for org.springframework:spring-core:jar:${springframework.version} is missing, no dependency information available
2026-05-21 18:56:22,124 [Worker-69: Building workspace] INFO  o.e.m.c.i.e.AbstractTransferListenerAdapter - Downloaded https://repo.maven.apache.org/maven2/org/springframework/spring-context/${springframework.version}/spring-context-${springframework.version}.pom
2026-05-21 18:56:22,127 [Worker-69: Building workspace] WARN  o.e.m.c.i.embedder.EclipseLogger - The POM for org.springframework:spring-context:jar:${springframework.version} is missing, no dependency information available
2026-05-21 18:56:22,564 [Worker-69: Building workspace] INFO  o.e.m.c.i.e.AbstractTransferListenerAdapter - Downloaded https://repo.maven.apache.org/maven2/org/springframework/spring-jdbc/${springframework.version}/spring-jdbc-${springframework.version}.pom
2026-05-21 18:56:22,567 [Worker-69: Building workspace] WARN  o.e.m.c.i.embedder.EclipseLogger - The POM for org.springframework:spring-jdbc:jar:${springframework.version} is missing, no dependency information available
2026-05-21 18:56:22,936 [Worker-69: Building workspace] INFO  o.e.m.c.i.e.AbstractTransferListenerAdapter - Downloaded https://repo.maven.apache.org/maven2/org/springframework/spring-tx/${springframework.version}/spring-tx-${springframework.version}.pom
2026-05-21 18:56:22,939 [Worker-69: Building workspace] WARN  o.e.m.c.i.embedder.EclipseLogger - The POM for org.springframework:spring-tx:jar:${springframework.version} is missing, no dependency information available
2026-05-21 18:56:23,346 [Worker-69: Building workspace] INFO  o.e.m.c.i.e.AbstractTransferListenerAdapter - Downloaded https://repo.maven.apache.org/maven2/org/springframework/spring-orm/${springframework.version}/spring-orm-${springframework.version}.pom
2026-05-21 18:56:23,351 [Worker-69: Building workspace] WARN  o.e.m.c.i.embedder.EclipseLogger - The POM for org.springframework:spring-orm:jar:${springframework.version} is missing, no dependency information available
2026-05-21 18:56:23,757 [Worker-69: Building workspace] INFO  o.e.m.c.i.e.AbstractTransferListenerAdapter - Downloaded https://repo.maven.apache.org/maven2/org/hibernate/hibernate-core/${hibernate.version}/hibernate-core-${hibernate.version}.pom
2026-05-21 18:56:23,760 [Worker-69: Building workspace] WARN  o.e.m.c.i.embedder.EclipseLogger - The POM for org.hibernate:hibernate-core:jar:${hibernate.version} is missing, no dependency information available
2026-05-21 18:56:24,069 [Worker-69: Building workspace] INFO  o.e.m.c.i.e.AbstractTransferListenerAdapter - Downloaded https://repo.maven.apache.org/maven2/org/hibernate/hibernate-c3p0/${hibernate.version}/hibernate-c3p0-${hibernate.version}.pom
2026-05-21 18:56:24,072 [Worker-69: Building workspace] WARN  o.e.m.c.i.embedder.EclipseLogger - The POM for org.hibernate:hibernate-c3p0:jar:${hibernate.version} is missing, no dependency information available
2026-05-21 18:56:24,479 [Worker-69: Building workspace] INFO  o.e.m.c.i.e.AbstractTransferListenerAdapter - Downloaded https://repo.maven.apache.org/maven2/com/mchange/c3p0/${c3p0.version}/c3p0-${c3p0.version}.pom
2026-05-21 18:56:24,483 [Worker-69: Building workspace] WARN  o.e.m.c.i.embedder.EclipseLogger - The POM for com.mchange:c3p0:jar:${c3p0.version} is missing, no dependency information available
2026-05-21 18:56:24,882 [Worker-69: Building workspace] INFO  o.e.m.c.i.e.AbstractTransferListenerAdapter - Downloaded https://repo.maven.apache.org/maven2/org/hibernate/hibernate-validator/${hibernate.validator}/hibernate-validator-${hibernate.validator}.pom
2026-05-21 18:56:24,885 [Worker-69: Building workspace] WARN  o.e.m.c.i.embedder.EclipseLogger - The POM for org.hibernate:hibernate-validator:jar:${hibernate.validator} is missing, no dependency information available
2026-05-21 18:56:25,292 [Worker-69: Building workspace] INFO  o.e.m.c.i.e.AbstractTransferListenerAdapter - Downloaded https://repo.maven.apache.org/maven2/org/springframework/spring-test/${springframework.version}/spring-test-${springframework.version}.pom
2026-05-21 18:56:25,296 [Worker-69: Building workspace] WARN  o.e.m.c.i.embedder.EclipseLogger - The POM for org.springframework:spring-test:jar:${springframework.version} is missing, no dependency information available
2026-05-21 18:56:25,708 [Worker-69: Building workspace] INFO  o.e.m.c.i.e.AbstractTransferListenerAdapter - Downloaded https://repo.maven.apache.org/maven2/org/springframework/spring-core/${springframework.version}/spring-core-${springframework.version}.jar
2026-05-21 18:56:26,117 [Worker-69: Building workspace] INFO  o.e.m.c.i.e.AbstractTransferListenerAdapter - Downloaded https://repo.maven.apache.org/maven2/org/springframework/spring-context/${springframework.version}/spring-context-${springframework.version}.jar
2026-05-21 18:56:26,629 [Worker-69: Building workspace] INFO  o.e.m.c.i.e.AbstractTransferListenerAdapter - Downloaded https://repo.maven.apache.org/maven2/org/springframework/spring-jdbc/${springframework.version}/spring-jdbc-${springframework.version}.jar
2026-05-21 18:56:27,039 [Worker-69: Building workspace] INFO  o.e.m.c.i.e.AbstractTransferListenerAdapter - Downloaded https://repo.maven.apache.org/maven2/org/springframework/spring-tx/${springframework.version}/spring-tx-${springframework.version}.jar
2026-05-21 18:56:27,340 [Worker-69: Building workspace] INFO  o.e.m.c.i.e.AbstractTransferListenerAdapter - Downloaded https://repo.maven.apache.org/maven2/org/springframework/spring-orm/${springframework.version}/spring-orm-${springframework.version}.jar
2026-05-21 18:56:27,750 [Worker-69: Building workspace] INFO  o.e.m.c.i.e.AbstractTransferListenerAdapter - Downloaded https://repo.maven.apache.org/maven2/org/hibernate/hibernate-core/${hibernate.version}/hibernate-core-${hibernate.version}.jar
2026-05-21 18:56:28,063 [Worker-69: Building workspace] INFO  o.e.m.c.i.e.AbstractTransferListenerAdapter - Downloaded https://repo.maven.apache.org/maven2/org/hibernate/hibernate-c3p0/${hibernate.version}/hibernate-c3p0-${hibernate.version}.jar
2026-05-21 18:56:28,369 [Worker-69: Building workspace] INFO  o.e.m.c.i.e.AbstractTransferListenerAdapter - Downloaded https://repo.maven.apache.org/maven2/com/mchange/c3p0/${c3p0.version}/c3p0-${c3p0.version}.jar
2026-05-21 18:56:28,774 [Worker-69: Building workspace] INFO  o.e.m.c.i.e.AbstractTransferListenerAdapter - Downloaded https://repo.maven.apache.org/maven2/org/hibernate/hibernate-validator/${hibernate.validator}/hibernate-validator-${hibernate.validator}.jar
2026-05-21 18:56:29,184 [Worker-69: Building workspace] INFO  o.e.m.c.i.e.AbstractTransferListenerAdapter - Downloaded https://repo.maven.apache.org/maven2/org/springframework/spring-test/${springframework.version}/spring-test-${springframework.version}.jar
2026-05-21 18:56:29,406 [Worker-69: Building workspace] WARN  o.e.m.c.i.embedder.EclipseLogger - Using platform encoding (Cp1252 actually) to copy filtered resources, i.e. build is platform dependent!
2026-05-21 18:56:29,407 [Worker-69: Building workspace] INFO  o.e.m.c.i.embedder.EclipseLogger - Copying 0 resource
2026-05-21 18:56:29,408 [Worker-69: Building workspace] WARN  o.e.m.c.i.embedder.EclipseLogger - Using platform encoding (Cp1252 actually) to copy filtered resources, i.e. build is platform dependent!
2026-05-21 18:56:29,409 [Worker-69: Building workspace] INFO  o.e.m.c.i.embedder.EclipseLogger - Copying 0 resource
2026-05-21 18:56:30,382 [Worker-73: Download sources and javadoc] WARN  o.e.m.c.i.embedder.EclipseLogger - The POM for org.springframework:spring-core:jar:${springframework.version} is missing, no dependency information available
2026-05-21 18:56:30,384 [Worker-73: Download sources and javadoc] WARN  o.e.m.c.i.embedder.EclipseLogger - The POM for org.springframework:spring-context:jar:${springframework.version} is missing, no dependency information available
2026-05-21 18:56:30,404 [Worker-73: Download sources and javadoc] WARN  o.e.m.c.i.embedder.EclipseLogger - The POM for org.springframework:spring-jdbc:jar:${springframework.version} is missing, no dependency information available
2026-05-21 18:56:30,406 [Worker-73: Download sources and javadoc] WARN  o.e.m.c.i.embedder.EclipseLogger - The POM for org.springframework:spring-tx:jar:${springframework.version} is missing, no dependency information available
2026-05-21 18:56:30,408 [Worker-73: Download sources and javadoc] WARN  o.e.m.c.i.embedder.EclipseLogger - The POM for org.springframework:spring-orm:jar:${springframework.version} is missing, no dependency information available
2026-05-21 18:56:30,410 [Worker-73: Download sources and javadoc] WARN  o.e.m.c.i.embedder.EclipseLogger - The POM for org.hibernate:hibernate-core:jar:${hibernate.version} is missing, no dependency information available
2026-05-21 18:56:30,413 [Worker-73: Download sources and javadoc] WARN  o.e.m.c.i.embedder.EclipseLogger - The POM for org.hibernate:hibernate-c3p0:jar:${hibernate.version} is missing, no dependency information available
2026-05-21 18:56:30,415 [Worker-73: Download sources and javadoc] WARN  o.e.m.c.i.embedder.EclipseLogger - The POM for com.mchange:c3p0:jar:${c3p0.version} is missing, no dependency information available
2026-05-21 18:56:30,417 [Worker-73: Download sources and javadoc] WARN  o.e.m.c.i.embedder.EclipseLogger - The POM for org.hibernate:hibernate-validator:jar:${hibernate.validator} is missing, no dependency information available
2026-05-21 18:56:30,445 [Worker-73: Download sources and javadoc] WARN  o.e.m.c.i.embedder.EclipseLogger - The POM for org.springframework:spring-test:jar:${springframework.version} is missing, no dependency information available
2026-05-21 18:56:31,033 [Worker-73: Download sources and javadoc] INFO  o.e.m.c.i.e.AbstractTransferListenerAdapter - Downloaded https://repo.maven.apache.org/maven2/org/springframework/spring-core/${springframework.version}/spring-core-${springframework.version}-sources.jar
2026-05-21 18:56:31,055 [Worker-73: Download sources and javadoc] ERROR o.e.m.j.internal.DownloadSourcesJob - Could not download sources for org.springframework:spring-core:${springframework.version}
org.eclipse.core.runtime.CoreException: Could not resolve artifact org.springframework:spring-core:jar:sources:${springframework.version}
	at org.eclipse.m2e.core.internal.embedder.MavenImpl.lambda$4(MavenImpl.java:763) ~[na:na]
	at org.eclipse.m2e.core.internal.embedder.MavenExecutionContext.executeBare(MavenExecutionContext.java:177) ~[na:na]
	at org.eclipse.m2e.core.internal.embedder.MavenExecutionContext.execute(MavenExecutionContext.java:112) ~[na:na]
	at org.eclipse.m2e.core.internal.embedder.MavenExecutionContext.execute(MavenExecutionContext.java:99) ~[na:na]
	at org.eclipse.m2e.core.internal.embedder.MavenImpl.resolve(MavenImpl.java:731) ~[na:na]
	at org.eclipse.m2e.core.internal.embedder.MavenImpl.resolve(MavenImpl.java:708) ~[na:na]
	at org.eclipse.m2e.jdt.internal.DownloadSourcesJob.download(DownloadSourcesJob.java:279) ~[na:na]
	at org.eclipse.m2e.jdt.internal.DownloadSourcesJob.downloadAttachments(DownloadSourcesJob.java:254) ~[na:na]
	at org.eclipse.m2e.jdt.internal.DownloadSourcesJob.downloadMaven(DownloadSourcesJob.java:221) ~[na:na]
	at org.eclipse.m2e.jdt.internal.DownloadSourcesJob.run(DownloadSourcesJob.java:161) ~[na:na]
	at org.eclipse.m2e.jdt.internal.DownloadSourcesJob$1.call(DownloadSourcesJob.java:137) ~[na:na]
	at org.eclipse.m2e.jdt.internal.DownloadSourcesJob$1.call(DownloadSourcesJob.java:1) ~[na:na]
	at org.eclipse.m2e.core.internal.embedder.MavenExecutionContext.executeBare(MavenExecutionContext.java:177) ~[na:na]
	at org.eclipse.m2e.core.internal.embedder.MavenExecutionContext.execute(MavenExecutionContext.java:151) ~[na:na]
	at org.eclipse.m2e.core.internal.embedder.MavenExecutionContext.execute(MavenExecutionContext.java:99) ~[na:na]
	at org.eclipse.m2e.core.internal.embedder.MavenImpl.execute(MavenImpl.java:1336) ~[na:na]
	at org.eclipse.m2e.jdt.internal.DownloadSourcesJob.run(DownloadSourcesJob.java:135) ~[na:na]
	at org.eclipse.core.internal.jobs.Worker.run(Worker.java:63) ~[org.eclipse.core.jobs_3.10.300.v20190215-2048.jar:na]
2026-05-21 18:56:31,441 [Worker-73: Download sources and javadoc] INFO  o.e.m.c.i.e.AbstractTransferListenerAdapter - Downloaded https://repo.maven.apache.org/maven2/org/springframework/spring-context/${springframework.version}/spring-context-${springframework.version}-sources.jar
2026-05-21 18:56:31,448 [Worker-73: Download sources and javadoc] ERROR o.e.m.j.internal.DownloadSourcesJob - Could not download sources for org.springframework:spring-context:${springframework.version}
org.eclipse.core.runtime.CoreException: Could not resolve artifact org.springframework:spring-context:jar:sources:${springframework.version}
	at org.eclipse.m2e.core.internal.embedder.MavenImpl.lambda$4(MavenImpl.java:763) ~[na:na]
	at org.eclipse.m2e.core.internal.embedder.MavenExecutionContext.executeBare(MavenExecutionContext.java:177) ~[na:na]
	at org.eclipse.m2e.core.internal.embedder.MavenExecutionContext.execute(MavenExecutionContext.java:112) ~[na:na]
	at org.eclipse.m2e.core.internal.embedder.MavenExecutionContext.execute(MavenExecutionContext.java:99) ~[na:na]
	at org.eclipse.m2e.core.internal.embedder.MavenImpl.resolve(MavenImpl.java:731) ~[na:na]
	at org.eclipse.m2e.core.internal.embedder.MavenImpl.resolve(MavenImpl.java:708) ~[na:na]
	at org.eclipse.m2e.jdt.internal.DownloadSourcesJob.download(DownloadSourcesJob.java:279) ~[na:na]
	at org.eclipse.m2e.jdt.internal.DownloadSourcesJob.downloadAttachments(DownloadSourcesJob.java:254) ~[na:na]
	at org.eclipse.m2e.jdt.internal.DownloadSourcesJob.downloadMaven(DownloadSourcesJob.java:221) ~[na:na]
	at org.eclipse.m2e.jdt.internal.DownloadSourcesJob.run(DownloadSourcesJob.java:161) ~[na:na]
	at org.eclipse.m2e.jdt.internal.DownloadSourcesJob$1.call(DownloadSourcesJob.java:137) ~[na:na]
	at org.eclipse.m2e.jdt.internal.DownloadSourcesJob$1.call(DownloadSourcesJob.java:1) ~[na:na]
	at org.eclipse.m2e.core.internal.embedder.MavenExecutionContext.executeBare(MavenExecutionContext.java:177) ~[na:na]
	at org.eclipse.m2e.core.internal.embedder.MavenExecutionContext.execute(MavenExecutionContext.java:151) ~[na:na]
	at org.eclipse.m2e.core.internal.embedder.MavenExecutionContext.execute(MavenExecutionContext.java:99) ~[na:na]
	at org.eclipse.m2e.core.internal.embedder.MavenImpl.execute(MavenImpl.java:1336) ~[na:na]
	at org.eclipse.m2e.jdt.internal.DownloadSourcesJob.run(DownloadSourcesJob.java:135) ~[na:na]
	at org.eclipse.core.internal.jobs.Worker.run(Worker.java:63) ~[org.eclipse.core.jobs_3.10.300.v20190215-2048.jar:na]
2026-05-21 18:56:31,851 [Worker-73: Download sources and javadoc] INFO  o.e.m.c.i.e.AbstractTransferListenerAdapter - Downloaded https://repo.maven.apache.org/maven2/org/springframework/spring-jdbc/${springframework.version}/spring-jdbc-${springframework.version}-sources.jar
2026-05-21 18:56:31,858 [Worker-73: Download sources and javadoc] ERROR o.e.m.j.internal.DownloadSourcesJob - Could not download sources for org.springframework:spring-jdbc:${springframework.version}
org.eclipse.core.runtime.CoreException: Could not resolve artifact org.springframework:spring-jdbc:jar:sources:${springframework.version}
	at org.eclipse.m2e.core.internal.embedder.MavenImpl.lambda$4(MavenImpl.java:763) ~[na:na]
	at org.eclipse.m2e.core.internal.embedder.MavenExecutionContext.executeBare(MavenExecutionContext.java:177) ~[na:na]
	at org.eclipse.m2e.core.internal.embedder.MavenExecutionContext.execute(MavenExecutionContext.java:112) ~[na:na]
	at org.eclipse.m2e.core.internal.embedder.MavenExecutionContext.execute(MavenExecutionContext.java:99) ~[na:na]
	at org.eclipse.m2e.core.internal.embedder.MavenImpl.resolve(MavenImpl.java:731) ~[na:na]
	at org.eclipse.m2e.core.internal.embedder.MavenImpl.resolve(MavenImpl.java:708) ~[na:na]
	at org.eclipse.m2e.jdt.internal.DownloadSourcesJob.download(DownloadSourcesJob.java:279) ~[na:na]
	at org.eclipse.m2e.jdt.internal.DownloadSourcesJob.downloadAttachments(DownloadSourcesJob.java:254) ~[na:na]
	at org.eclipse.m2e.jdt.internal.DownloadSourcesJob.downloadMaven(DownloadSourcesJob.java:221) ~[na:na]
	at org.eclipse.m2e.jdt.internal.DownloadSourcesJob.run(DownloadSourcesJob.java:161) ~[na:na]
	at org.eclipse.m2e.jdt.internal.DownloadSourcesJob$1.call(DownloadSourcesJob.java:137) ~[na:na]
	at org.eclipse.m2e.jdt.internal.DownloadSourcesJob$1.call(DownloadSourcesJob.java:1) ~[na:na]
	at org.eclipse.m2e.core.internal.embedder.MavenExecutionContext.executeBare(MavenExecutionContext.java:177) ~[na:na]
	at org.eclipse.m2e.core.internal.embedder.MavenExecutionContext.execute(MavenExecutionContext.java:151) ~[na:na]
	at org.eclipse.m2e.core.internal.embedder.MavenExecutionContext.execute(MavenExecutionContext.java:99) ~[na:na]
	at org.eclipse.m2e.core.internal.embedder.MavenImpl.execute(MavenImpl.java:1336) ~[na:na]
	at org.eclipse.m2e.jdt.internal.DownloadSourcesJob.run(DownloadSourcesJob.java:135) ~[na:na]
	at org.eclipse.core.internal.jobs.Worker.run(Worker.java:63) ~[org.eclipse.core.jobs_3.10.300.v20190215-2048.jar:na]
2026-05-21 18:56:32,256 [Worker-73: Download sources and javadoc] INFO  o.e.m.c.i.e.AbstractTransferListenerAdapter - Downloaded https://repo.maven.apache.org/maven2/org/springframework/spring-tx/${springframework.version}/spring-tx-${springframework.version}-sources.jar
2026-05-21 18:56:32,263 [Worker-73: Download sources and javadoc] ERROR o.e.m.j.internal.DownloadSourcesJob - Could not download sources for org.springframework:spring-tx:${springframework.version}
org.eclipse.core.runtime.CoreException: Could not resolve artifact org.springframework:spring-tx:jar:sources:${springframework.version}
	at org.eclipse.m2e.core.internal.embedder.MavenImpl.lambda$4(MavenImpl.java:763) ~[na:na]
	at org.eclipse.m2e.core.internal.embedder.MavenExecutionContext.executeBare(MavenExecutionContext.java:177) ~[na:na]
	at org.eclipse.m2e.core.internal.embedder.MavenExecutionContext.execute(MavenExecutionContext.java:112) ~[na:na]
	at org.eclipse.m2e.core.internal.embedder.MavenExecutionContext.execute(MavenExecutionContext.java:99) ~[na:na]
	at org.eclipse.m2e.core.internal.embedder.MavenImpl.resolve(MavenImpl.java:731) ~[na:na]
	at org.eclipse.m2e.core.internal.embedder.MavenImpl.resolve(MavenImpl.java:708) ~[na:na]
	at org.eclipse.m2e.jdt.internal.DownloadSourcesJob.download(DownloadSourcesJob.java:279) ~[na:na]
	at org.eclipse.m2e.jdt.internal.DownloadSourcesJob.downloadAttachments(DownloadSourcesJob.java:254) ~[na:na]
	at org.eclipse.m2e.jdt.internal.DownloadSourcesJob.downloadMaven(DownloadSourcesJob.java:221) ~[na:na]
	at org.eclipse.m2e.jdt.internal.DownloadSourcesJob.run(DownloadSourcesJob.java:161) ~[na:na]
	at org.eclipse.m2e.jdt.internal.DownloadSourcesJob$1.call(DownloadSourcesJob.java:137) ~[na:na]
	at org.eclipse.m2e.jdt.internal.DownloadSourcesJob$1.call(DownloadSourcesJob.java:1) ~[na:na]
	at org.eclipse.m2e.core.internal.embedder.MavenExecutionContext.executeBare(MavenExecutionContext.java:177) ~[na:na]
	at org.eclipse.m2e.core.internal.embedder.MavenExecutionContext.execute(MavenExecutionContext.java:151) ~[na:na]
	at org.eclipse.m2e.core.internal.embedder.MavenExecutionContext.execute(MavenExecutionContext.java:99) ~[na:na]
	at org.eclipse.m2e.core.internal.embedder.MavenImpl.execute(MavenImpl.java:1336) ~[na:na]
	at org.eclipse.m2e.jdt.internal.DownloadSourcesJob.run(DownloadSourcesJob.java:135) ~[na:na]
	at org.eclipse.core.internal.jobs.Worker.run(Worker.java:63) ~[org.eclipse.core.jobs_3.10.300.v20190215-2048.jar:na]
2026-05-21 18:56:32,664 [Worker-73: Download sources and javadoc] INFO  o.e.m.c.i.e.AbstractTransferListenerAdapter - Downloaded https://repo.maven.apache.org/maven2/org/springframework/spring-orm/${springframework.version}/spring-orm-${springframework.version}-sources.jar
2026-05-21 18:56:32,669 [Worker-73: Download sources and javadoc] ERROR o.e.m.j.internal.DownloadSourcesJob - Could not download sources for org.springframework:spring-orm:${springframework.version}
org.eclipse.core.runtime.CoreException: Could not resolve artifact org.springframework:spring-orm:jar:sources:${springframework.version}
	at org.eclipse.m2e.core.internal.embedder.MavenImpl.lambda$4(MavenImpl.java:763) ~[na:na]
	at org.eclipse.m2e.core.internal.embedder.MavenExecutionContext.executeBare(MavenExecutionContext.java:177) ~[na:na]
	at org.eclipse.m2e.core.internal.embedder.MavenExecutionContext.execute(MavenExecutionContext.java:112) ~[na:na]
	at org.eclipse.m2e.core.internal.embedder.MavenExecutionContext.execute(MavenExecutionContext.java:99) ~[na:na]
	at org.eclipse.m2e.core.internal.embedder.MavenImpl.resolve(MavenImpl.java:731) ~[na:na]
	at org.eclipse.m2e.core.internal.embedder.MavenImpl.resolve(MavenImpl.java:708) ~[na:na]
	at org.eclipse.m2e.jdt.internal.DownloadSourcesJob.download(DownloadSourcesJob.java:279) ~[na:na]
	at org.eclipse.m2e.jdt.internal.DownloadSourcesJob.downloadAttachments(DownloadSourcesJob.java:254) ~[na:na]
	at org.eclipse.m2e.jdt.internal.DownloadSourcesJob.downloadMaven(DownloadSourcesJob.java:221) ~[na:na]
	at org.eclipse.m2e.jdt.internal.DownloadSourcesJob.run(DownloadSourcesJob.java:161) ~[na:na]
	at org.eclipse.m2e.jdt.internal.DownloadSourcesJob$1.call(DownloadSourcesJob.java:137) ~[na:na]
	at org.eclipse.m2e.jdt.internal.DownloadSourcesJob$1.call(DownloadSourcesJob.java:1) ~[na:na]
	at org.eclipse.m2e.core.internal.embedder.MavenExecutionContext.executeBare(MavenExecutionContext.java:177) ~[na:na]
	at org.eclipse.m2e.core.internal.embedder.MavenExecutionContext.execute(MavenExecutionContext.java:151) ~[na:na]
	at org.eclipse.m2e.core.internal.embedder.MavenExecutionContext.execute(MavenExecutionContext.java:99) ~[na:na]
	at org.eclipse.m2e.core.internal.embedder.MavenImpl.execute(MavenImpl.java:1336) ~[na:na]
	at org.eclipse.m2e.jdt.internal.DownloadSourcesJob.run(DownloadSourcesJob.java:135) ~[na:na]
	at org.eclipse.core.internal.jobs.Worker.run(Worker.java:63) ~[org.eclipse.core.jobs_3.10.300.v20190215-2048.jar:na]
2026-05-21 18:56:33,079 [Worker-73: Download sources and javadoc] INFO  o.e.m.c.i.e.AbstractTransferListenerAdapter - Downloaded https://repo.maven.apache.org/maven2/org/hibernate/hibernate-core/${hibernate.version}/hibernate-core-${hibernate.version}-sources.jar
2026-05-21 18:56:33,085 [Worker-73: Download sources and javadoc] ERROR o.e.m.j.internal.DownloadSourcesJob - Could not download sources for org.hibernate:hibernate-core:${hibernate.version}
org.eclipse.core.runtime.CoreException: Could not resolve artifact org.hibernate:hibernate-core:jar:sources:${hibernate.version}
	at org.eclipse.m2e.core.internal.embedder.MavenImpl.lambda$4(MavenImpl.java:763) ~[na:na]
	at org.eclipse.m2e.core.internal.embedder.MavenExecutionContext.executeBare(MavenExecutionContext.java:177) ~[na:na]
	at org.eclipse.m2e.core.internal.embedder.MavenExecutionContext.execute(MavenExecutionContext.java:112) ~[na:na]
	at org.eclipse.m2e.core.internal.embedder.MavenExecutionContext.execute(MavenExecutionContext.java:99) ~[na:na]
	at org.eclipse.m2e.core.internal.embedder.MavenImpl.resolve(MavenImpl.java:731) ~[na:na]
	at org.eclipse.m2e.core.internal.embedder.MavenImpl.resolve(MavenImpl.java:708) ~[na:na]
	at org.eclipse.m2e.jdt.internal.DownloadSourcesJob.download(DownloadSourcesJob.java:279) ~[na:na]
	at org.eclipse.m2e.jdt.internal.DownloadSourcesJob.downloadAttachments(DownloadSourcesJob.java:254) ~[na:na]
	at org.eclipse.m2e.jdt.internal.DownloadSourcesJob.downloadMaven(DownloadSourcesJob.java:221) ~[na:na]
	at org.eclipse.m2e.jdt.internal.DownloadSourcesJob.run(DownloadSourcesJob.java:161) ~[na:na]
	at org.eclipse.m2e.jdt.internal.DownloadSourcesJob$1.call(DownloadSourcesJob.java:137) ~[na:na]
	at org.eclipse.m2e.jdt.internal.DownloadSourcesJob$1.call(DownloadSourcesJob.java:1) ~[na:na]
	at org.eclipse.m2e.core.internal.embedder.MavenExecutionContext.executeBare(MavenExecutionContext.java:177) ~[na:na]
	at org.eclipse.m2e.core.internal.embedder.MavenExecutionContext.execute(MavenExecutionContext.java:151) ~[na:na]
	at org.eclipse.m2e.core.internal.embedder.MavenExecutionContext.execute(MavenExecutionContext.java:99) ~[na:na]
	at org.eclipse.m2e.core.internal.embedder.MavenImpl.execute(MavenImpl.java:1336) ~[na:na]
	at org.eclipse.m2e.jdt.internal.DownloadSourcesJob.run(DownloadSourcesJob.java:135) ~[na:na]
	at org.eclipse.core.internal.jobs.Worker.run(Worker.java:63) ~[org.eclipse.core.jobs_3.10.300.v20190215-2048.jar:na]
2026-05-21 18:56:33,485 [Worker-73: Download sources and javadoc] INFO  o.e.m.c.i.e.AbstractTransferListenerAdapter - Downloaded https://repo.maven.apache.org/maven2/org/hibernate/hibernate-c3p0/${hibernate.version}/hibernate-c3p0-${hibernate.version}-sources.jar
2026-05-21 18:56:33,491 [Worker-73: Download sources and javadoc] ERROR o.e.m.j.internal.DownloadSourcesJob - Could not download sources for org.hibernate:hibernate-c3p0:${hibernate.version}
org.eclipse.core.runtime.CoreException: Could not resolve artifact org.hibernate:hibernate-c3p0:jar:sources:${hibernate.version}
	at org.eclipse.m2e.core.internal.embedder.MavenImpl.lambda$4(MavenImpl.java:763) ~[na:na]
	at org.eclipse.m2e.core.internal.embedder.MavenExecutionContext.executeBare(MavenExecutionContext.java:177) ~[na:na]
	at org.eclipse.m2e.core.internal.embedder.MavenExecutionContext.execute(MavenExecutionContext.java:112) ~[na:na]
	at org.eclipse.m2e.core.internal.embedder.MavenExecutionContext.execute(MavenExecutionContext.java:99) ~[na:na]
	at org.eclipse.m2e.core.internal.embedder.MavenImpl.resolve(MavenImpl.java:731) ~[na:na]
	at org.eclipse.m2e.core.internal.embedder.MavenImpl.resolve(MavenImpl.java:708) ~[na:na]
	at org.eclipse.m2e.jdt.internal.DownloadSourcesJob.download(DownloadSourcesJob.java:279) ~[na:na]
	at org.eclipse.m2e.jdt.internal.DownloadSourcesJob.downloadAttachments(DownloadSourcesJob.java:254) ~[na:na]
	at org.eclipse.m2e.jdt.internal.DownloadSourcesJob.downloadMaven(DownloadSourcesJob.java:221) ~[na:na]
	at org.eclipse.m2e.jdt.internal.DownloadSourcesJob.run(DownloadSourcesJob.java:161) ~[na:na]
	at org.eclipse.m2e.jdt.internal.DownloadSourcesJob$1.call(DownloadSourcesJob.java:137) ~[na:na]
	at org.eclipse.m2e.jdt.internal.DownloadSourcesJob$1.call(DownloadSourcesJob.java:1) ~[na:na]
	at org.eclipse.m2e.core.internal.embedder.MavenExecutionContext.executeBare(MavenExecutionContext.java:177) ~[na:na]
	at org.eclipse.m2e.core.internal.embedder.MavenExecutionContext.execute(MavenExecutionContext.java:151) ~[na:na]
	at org.eclipse.m2e.core.internal.embedder.MavenExecutionContext.execute(MavenExecutionContext.java:99) ~[na:na]
	at org.eclipse.m2e.core.internal.embedder.MavenImpl.execute(MavenImpl.java:1336) ~[na:na]
	at org.eclipse.m2e.jdt.internal.DownloadSourcesJob.run(DownloadSourcesJob.java:135) ~[na:na]
	at org.eclipse.core.internal.jobs.Worker.run(Worker.java:63) ~[org.eclipse.core.jobs_3.10.300.v20190215-2048.jar:na]
2026-05-21 18:56:33,908 [Worker-73: Download sources and javadoc] INFO  o.e.m.c.i.e.AbstractTransferListenerAdapter - Downloaded https://repo.maven.apache.org/maven2/com/mchange/c3p0/${c3p0.version}/c3p0-${c3p0.version}-sources.jar
2026-05-21 18:56:33,924 [Worker-73: Download sources and javadoc] ERROR o.e.m.j.internal.DownloadSourcesJob - Could not download sources for com.mchange:c3p0:${c3p0.version}
org.eclipse.core.runtime.CoreException: Could not resolve artifact com.mchange:c3p0:jar:sources:${c3p0.version}
	at org.eclipse.m2e.core.internal.embedder.MavenImpl.lambda$4(MavenImpl.java:763) ~[na:na]
	at org.eclipse.m2e.core.internal.embedder.MavenExecutionContext.executeBare(MavenExecutionContext.java:177) ~[na:na]
	at org.eclipse.m2e.core.internal.embedder.MavenExecutionContext.execute(MavenExecutionContext.java:112) ~[na:na]
	at org.eclipse.m2e.core.internal.embedder.MavenExecutionContext.execute(MavenExecutionContext.java:99) ~[na:na]
	at org.eclipse.m2e.core.internal.embedder.MavenImpl.resolve(MavenImpl.java:731) ~[na:na]
	at org.eclipse.m2e.core.internal.embedder.MavenImpl.resolve(MavenImpl.java:708) ~[na:na]
	at org.eclipse.m2e.jdt.internal.DownloadSourcesJob.download(DownloadSourcesJob.java:279) ~[na:na]
	at org.eclipse.m2e.jdt.internal.DownloadSourcesJob.downloadAttachments(DownloadSourcesJob.java:254) ~[na:na]
	at org.eclipse.m2e.jdt.internal.DownloadSourcesJob.downloadMaven(DownloadSourcesJob.java:221) ~[na:na]
	at org.eclipse.m2e.jdt.internal.DownloadSourcesJob.run(DownloadSourcesJob.java:161) ~[na:na]
	at org.eclipse.m2e.jdt.internal.DownloadSourcesJob$1.call(DownloadSourcesJob.java:137) ~[na:na]
	at org.eclipse.m2e.jdt.internal.DownloadSourcesJob$1.call(DownloadSourcesJob.java:1) ~[na:na]
	at org.eclipse.m2e.core.internal.embedder.MavenExecutionContext.executeBare(MavenExecutionContext.java:177) ~[na:na]
	at org.eclipse.m2e.core.internal.embedder.MavenExecutionContext.execute(MavenExecutionContext.java:151) ~[na:na]
	at org.eclipse.m2e.core.internal.embedder.MavenExecutionContext.execute(MavenExecutionContext.java:99) ~[na:na]
	at org.eclipse.m2e.core.internal.embedder.MavenImpl.execute(MavenImpl.java:1336) ~[na:na]
	at org.eclipse.m2e.jdt.internal.DownloadSourcesJob.run(DownloadSourcesJob.java:135) ~[na:na]
	at org.eclipse.core.internal.jobs.Worker.run(Worker.java:63) ~[org.eclipse.core.jobs_3.10.300.v20190215-2048.jar:na]
2026-05-21 18:56:34,303 [Worker-73: Download sources and javadoc] INFO  o.e.m.c.i.e.AbstractTransferListenerAdapter - Downloaded https://repo.maven.apache.org/maven2/org/hibernate/hibernate-validator/${hibernate.validator}/hibernate-validator-${hibernate.validator}-sources.jar
2026-05-21 18:56:34,315 [Worker-73: Download sources and javadoc] ERROR o.e.m.j.internal.DownloadSourcesJob - Could not download sources for org.hibernate:hibernate-validator:${hibernate.validator}
org.eclipse.core.runtime.CoreException: Could not resolve artifact org.hibernate:hibernate-validator:jar:sources:${hibernate.validator}
	at org.eclipse.m2e.core.internal.embedder.MavenImpl.lambda$4(MavenImpl.java:763) ~[na:na]
	at org.eclipse.m2e.core.internal.embedder.MavenExecutionContext.executeBare(MavenExecutionContext.java:177) ~[na:na]
	at org.eclipse.m2e.core.internal.embedder.MavenExecutionContext.execute(MavenExecutionContext.java:112) ~[na:na]
	at org.eclipse.m2e.core.internal.embedder.MavenExecutionContext.execute(MavenExecutionContext.java:99) ~[na:na]
	at org.eclipse.m2e.core.internal.embedder.MavenImpl.resolve(MavenImpl.java:731) ~[na:na]
	at org.eclipse.m2e.core.internal.embedder.MavenImpl.resolve(MavenImpl.java:708) ~[na:na]
	at org.eclipse.m2e.jdt.internal.DownloadSourcesJob.download(DownloadSourcesJob.java:279) ~[na:na]
	at org.eclipse.m2e.jdt.internal.DownloadSourcesJob.downloadAttachments(DownloadSourcesJob.java:254) ~[na:na]
	at org.eclipse.m2e.jdt.internal.DownloadSourcesJob.downloadMaven(DownloadSourcesJob.java:221) ~[na:na]
	at org.eclipse.m2e.jdt.internal.DownloadSourcesJob.run(DownloadSourcesJob.java:161) ~[na:na]
	at org.eclipse.m2e.jdt.internal.DownloadSourcesJob$1.call(DownloadSourcesJob.java:137) ~[na:na]
	at org.eclipse.m2e.jdt.internal.DownloadSourcesJob$1.call(DownloadSourcesJob.java:1) ~[na:na]
	at org.eclipse.m2e.core.internal.embedder.MavenExecutionContext.executeBare(MavenExecutionContext.java:177) ~[na:na]
	at org.eclipse.m2e.core.internal.embedder.MavenExecutionContext.execute(MavenExecutionContext.java:151) ~[na:na]
	at org.eclipse.m2e.core.internal.embedder.MavenExecutionContext.execute(MavenExecutionContext.java:99) ~[na:na]
	at org.eclipse.m2e.core.internal.embedder.MavenImpl.execute(MavenImpl.java:1336) ~[na:na]
	at org.eclipse.m2e.jdt.internal.DownloadSourcesJob.run(DownloadSourcesJob.java:135) ~[na:na]
	at org.eclipse.core.internal.jobs.Worker.run(Worker.java:63) ~[org.eclipse.core.jobs_3.10.300.v20190215-2048.jar:na]
2026-05-21 18:56:34,717 [Worker-73: Download sources and javadoc] INFO  o.e.m.c.i.e.AbstractTransferListenerAdapter - Downloaded https://repo.maven.apache.org/maven2/org/springframework/spring-test/${springframework.version}/spring-test-${springframework.version}-sources.jar
2026-05-21 18:56:34,722 [Worker-73: Download sources and javadoc] ERROR o.e.m.j.internal.DownloadSourcesJob - Could not download sources for org.springframework:spring-test:${springframework.version}
org.eclipse.core.runtime.CoreException: Could not resolve artifact org.springframework:spring-test:jar:sources:${springframework.version}
	at org.eclipse.m2e.core.internal.embedder.MavenImpl.lambda$4(MavenImpl.java:763) ~[na:na]
	at org.eclipse.m2e.core.internal.embedder.MavenExecutionContext.executeBare(MavenExecutionContext.java:177) ~[na:na]
	at org.eclipse.m2e.core.internal.embedder.MavenExecutionContext.execute(MavenExecutionContext.java:112) ~[na:na]
	at org.eclipse.m2e.core.internal.embedder.MavenExecutionContext.execute(MavenExecutionContext.java:99) ~[na:na]
	at org.eclipse.m2e.core.internal.embedder.MavenImpl.resolve(MavenImpl.java:731) ~[na:na]
	at org.eclipse.m2e.core.internal.embedder.MavenImpl.resolve(MavenImpl.java:708) ~[na:na]
	at org.eclipse.m2e.jdt.internal.DownloadSourcesJob.download(DownloadSourcesJob.java:279) ~[na:na]
	at org.eclipse.m2e.jdt.internal.DownloadSourcesJob.downloadAttachments(DownloadSourcesJob.java:254) ~[na:na]
	at org.eclipse.m2e.jdt.internal.DownloadSourcesJob.downloadMaven(DownloadSourcesJob.java:221) ~[na:na]
	at org.eclipse.m2e.jdt.internal.DownloadSourcesJob.run(DownloadSourcesJob.java:161) ~[na:na]
	at org.eclipse.m2e.jdt.internal.DownloadSourcesJob$1.call(DownloadSourcesJob.java:137) ~[na:na]
	at org.eclipse.m2e.jdt.internal.DownloadSourcesJob$1.call(DownloadSourcesJob.java:1) ~[na:na]
	at org.eclipse.m2e.core.internal.embedder.MavenExecutionContext.executeBare(MavenExecutionContext.java:177) ~[na:na]
	at org.eclipse.m2e.core.internal.embedder.MavenExecutionContext.execute(MavenExecutionContext.java:151) ~[na:na]
	at org.eclipse.m2e.core.internal.embedder.MavenExecutionContext.execute(MavenExecutionContext.java:99) ~[na:na]
	at org.eclipse.m2e.core.internal.embedder.MavenImpl.execute(MavenImpl.java:1336) ~[na:na]
	at org.eclipse.m2e.jdt.internal.DownloadSourcesJob.run(DownloadSourcesJob.java:135) ~[na:na]
	at org.eclipse.core.internal.jobs.Worker.run(Worker.java:63) ~[org.eclipse.core.jobs_3.10.300.v20190215-2048.jar:na]
2026-05-21 18:57:07,481 [Worker-74: Building workspace] INFO  o.e.m.c.i.l.LifecycleMappingFactory - Using org.eclipse.m2e.jdt.JarLifecycleMapping lifecycle mapping for MavenProject: com.rays:Spring-Dao-Hibernate:0.0.1-SNAPSHOT @ D:\Spring\Spring-Dao-Hibernate\pom.xml.
2026-05-21 18:57:07,874 [Worker-74: Building workspace] WARN  o.e.m.c.i.embedder.EclipseLogger - Using platform encoding (Cp1252 actually) to copy filtered resources, i.e. build is platform dependent!
2026-05-21 18:57:07,875 [Worker-74: Building workspace] INFO  o.e.m.c.i.embedder.EclipseLogger - Copying 0 resource
2026-05-21 18:57:07,876 [Worker-74: Building workspace] WARN  o.e.m.c.i.embedder.EclipseLogger - Using platform encoding (Cp1252 actually) to copy filtered resources, i.e. build is platform dependent!
2026-05-21 18:57:07,877 [Worker-74: Building workspace] INFO  o.e.m.c.i.embedder.EclipseLogger - Copying 0 resource
2026-05-21 18:57:09,274 [Worker-74: Building workspace] WARN  o.e.m.c.i.embedder.EclipseLogger - Using platform encoding (Cp1252 actually) to copy filtered resources, i.e. build is platform dependent!
2026-05-21 18:57:09,275 [Worker-74: Building workspace] INFO  o.e.m.c.i.embedder.EclipseLogger - Copying 0 resource
2026-05-21 18:57:09,279 [Worker-74: Building workspace] WARN  o.e.m.c.i.embedder.EclipseLogger - Using platform encoding (Cp1252 actually) to copy filtered resources, i.e. build is platform dependent!
2026-05-21 18:57:09,280 [Worker-74: Building workspace] INFO  o.e.m.c.i.embedder.EclipseLogger - Copying 0 resource
2026-05-21 19:04:43,087 [Worker-76: Building workspace] WARN  o.e.m.c.i.embedder.EclipseLogger - Using platform encoding (Cp1252 actually) to copy filtered resources, i.e. build is platform dependent!
2026-05-21 19:04:43,088 [Worker-76: Building workspace] INFO  o.e.m.c.i.embedder.EclipseLogger - Copying 0 resource
2026-05-21 19:04:43,089 [Worker-76: Building workspace] WARN  o.e.m.c.i.embedder.EclipseLogger - Using platform encoding (Cp1252 actually) to copy filtered resources, i.e. build is platform dependent!
2026-05-21 19:04:43,090 [Worker-76: Building workspace] INFO  o.e.m.c.i.embedder.EclipseLogger - Copying 0 resource
2026-05-21 19:04:54,178 [Worker-74: Building workspace] WARN  o.e.m.c.i.embedder.EclipseLogger - Using platform encoding (Cp1252 actually) to copy filtered resources, i.e. build is platform dependent!
2026-05-21 19:04:54,180 [Worker-74: Building workspace] INFO  o.e.m.c.i.embedder.EclipseLogger - Copying 0 resource
2026-05-21 19:04:54,182 [Worker-74: Building workspace] WARN  o.e.m.c.i.embedder.EclipseLogger - Using platform encoding (Cp1252 actually) to copy filtered resources, i.e. build is platform dependent!
2026-05-21 19:04:54,183 [Worker-74: Building workspace] INFO  o.e.m.c.i.embedder.EclipseLogger - Copying 0 resource
2026-05-21 19:05:13,024 [Worker-76: Building workspace] WARN  o.e.m.c.i.embedder.EclipseLogger - Using platform encoding (Cp1252 actually) to copy filtered resources, i.e. build is platform dependent!
2026-05-21 19:05:13,025 [Worker-76: Building workspace] INFO  o.e.m.c.i.embedder.EclipseLogger - Copying 0 resource
2026-05-21 19:05:13,026 [Worker-76: Building workspace] WARN  o.e.m.c.i.embedder.EclipseLogger - Using platform encoding (Cp1252 actually) to copy filtered resources, i.e. build is platform dependent!
2026-05-21 19:05:13,027 [Worker-76: Building workspace] INFO  o.e.m.c.i.embedder.EclipseLogger - Copying 0 resource
2026-05-21 19:05:27,424 [Worker-74: Building workspace] WARN  o.e.m.c.i.embedder.EclipseLogger - Using platform encoding (Cp1252 actually) to copy filtered resources, i.e. build is platform dependent!
2026-05-21 19:05:27,425 [Worker-74: Building workspace] INFO  o.e.m.c.i.embedder.EclipseLogger - Copying 0 resource
2026-05-21 19:05:27,426 [Worker-74: Building workspace] WARN  o.e.m.c.i.embedder.EclipseLogger - Using platform encoding (Cp1252 actually) to copy filtered resources, i.e. build is platform dependent!
2026-05-21 19:05:27,427 [Worker-74: Building workspace] INFO  o.e.m.c.i.embedder.EclipseLogger - Copying 0 resource
2026-05-21 19:08:32,963 [Worker-77: Building workspace] WARN  o.e.m.c.i.embedder.EclipseLogger - Using platform encoding (Cp1252 actually) to copy filtered resources, i.e. build is platform dependent!
2026-05-21 19:08:32,969 [Worker-77: Building workspace] INFO  o.e.m.c.i.embedder.EclipseLogger - Copying 0 resource
2026-05-21 19:08:32,970 [Worker-77: Building workspace] WARN  o.e.m.c.i.embedder.EclipseLogger - Using platform encoding (Cp1252 actually) to copy filtered resources, i.e. build is platform dependent!
2026-05-21 19:08:32,976 [Worker-77: Building workspace] INFO  o.e.m.c.i.embedder.EclipseLogger - Copying 0 resource
2026-05-21 19:10:33,330 [Worker-78: Building workspace] WARN  o.e.m.c.i.embedder.EclipseLogger - Using platform encoding (Cp1252 actually) to copy filtered resources, i.e. build is platform dependent!
2026-05-21 19:10:33,331 [Worker-78: Building workspace] INFO  o.e.m.c.i.embedder.EclipseLogger - Copying 0 resource
2026-05-21 19:10:33,332 [Worker-78: Building workspace] WARN  o.e.m.c.i.embedder.EclipseLogger - Using platform encoding (Cp1252 actually) to copy filtered resources, i.e. build is platform dependent!
2026-05-21 19:10:33,332 [Worker-78: Building workspace] INFO  o.e.m.c.i.embedder.EclipseLogger - Copying 0 resource
2026-05-21 19:12:22,010 [Worker-82: Building workspace] WARN  o.e.m.c.i.embedder.EclipseLogger - Using platform encoding (Cp1252 actually) to copy filtered resources, i.e. build is platform dependent!
2026-05-21 19:12:22,015 [Worker-82: Building workspace] INFO  o.e.m.c.i.embedder.EclipseLogger - Copying 0 resource
2026-05-21 19:12:22,018 [Worker-82: Building workspace] WARN  o.e.m.c.i.embedder.EclipseLogger - Using platform encoding (Cp1252 actually) to copy filtered resources, i.e. build is platform dependent!
2026-05-21 19:12:22,019 [Worker-82: Building workspace] INFO  o.e.m.c.i.embedder.EclipseLogger - Copying 0 resource
2026-05-21 19:24:02,328 [Worker-82: Building workspace] WARN  o.e.m.c.i.embedder.EclipseLogger - Using platform encoding (Cp1252 actually) to copy filtered resources, i.e. build is platform dependent!
2026-05-21 19:24:02,330 [Worker-82: Building workspace] INFO  o.e.m.c.i.embedder.EclipseLogger - Copying 1 resource
2026-05-21 19:24:02,332 [Worker-82: Building workspace] WARN  o.e.m.c.i.embedder.EclipseLogger - Using platform encoding (Cp1252 actually) to copy filtered resources, i.e. build is platform dependent!
2026-05-21 19:24:02,336 [Worker-82: Building workspace] INFO  o.e.m.c.i.embedder.EclipseLogger - Copying 0 resource
2026-05-21 19:24:09,281 [Worker-86: Building workspace] WARN  o.e.m.c.i.embedder.EclipseLogger - Using platform encoding (Cp1252 actually) to copy filtered resources, i.e. build is platform dependent!
2026-05-21 19:24:09,282 [Worker-86: Building workspace] INFO  o.e.m.c.i.embedder.EclipseLogger - Copying 1 resource
2026-05-21 19:24:09,284 [Worker-86: Building workspace] WARN  o.e.m.c.i.embedder.EclipseLogger - Using platform encoding (Cp1252 actually) to copy filtered resources, i.e. build is platform dependent!
2026-05-21 19:24:09,285 [Worker-86: Building workspace] INFO  o.e.m.c.i.embedder.EclipseLogger - Copying 0 resource
2026-05-21 19:24:46,362 [Worker-89: Building workspace] WARN  o.e.m.c.i.embedder.EclipseLogger - Using platform encoding (Cp1252 actually) to copy filtered resources, i.e. build is platform dependent!
2026-05-21 19:24:46,363 [Worker-89: Building workspace] INFO  o.e.m.c.i.embedder.EclipseLogger - Copying 1 resource
2026-05-21 19:24:46,364 [Worker-89: Building workspace] WARN  o.e.m.c.i.embedder.EclipseLogger - Using platform encoding (Cp1252 actually) to copy filtered resources, i.e. build is platform dependent!
2026-05-21 19:24:46,365 [Worker-89: Building workspace] INFO  o.e.m.c.i.embedder.EclipseLogger - Copying 0 resource
2026-05-21 19:24:54,435 [Worker-87: Building workspace] WARN  o.e.m.c.i.embedder.EclipseLogger - Using platform encoding (Cp1252 actually) to copy filtered resources, i.e. build is platform dependent!
2026-05-21 19:24:54,436 [Worker-87: Building workspace] INFO  o.e.m.c.i.embedder.EclipseLogger - Copying 1 resource
2026-05-21 19:24:54,438 [Worker-87: Building workspace] WARN  o.e.m.c.i.embedder.EclipseLogger - Using platform encoding (Cp1252 actually) to copy filtered resources, i.e. build is platform dependent!
2026-05-21 19:24:54,438 [Worker-87: Building workspace] INFO  o.e.m.c.i.embedder.EclipseLogger - Copying 0 resource
2026-05-21 19:25:18,970 [Worker-82: Building workspace] WARN  o.e.m.c.i.embedder.EclipseLogger - Using platform encoding (Cp1252 actually) to copy filtered resources, i.e. build is platform dependent!
2026-05-21 19:25:18,971 [Worker-82: Building workspace] INFO  o.e.m.c.i.embedder.EclipseLogger - Copying 1 resource
2026-05-21 19:25:18,972 [Worker-82: Building workspace] WARN  o.e.m.c.i.embedder.EclipseLogger - Using platform encoding (Cp1252 actually) to copy filtered resources, i.e. build is platform dependent!
2026-05-21 19:25:18,973 [Worker-82: Building workspace] INFO  o.e.m.c.i.embedder.EclipseLogger - Copying 0 resource
2026-05-21 19:26:20,401 [Worker-89: Building workspace] WARN  o.e.m.c.i.embedder.EclipseLogger - Using platform encoding (Cp1252 actually) to copy filtered resources, i.e. build is platform dependent!
2026-05-21 19:26:20,403 [Worker-89: Building workspace] INFO  o.e.m.c.i.embedder.EclipseLogger - Copying 1 resource
2026-05-21 19:26:20,404 [Worker-89: Building workspace] WARN  o.e.m.c.i.embedder.EclipseLogger - Using platform encoding (Cp1252 actually) to copy filtered resources, i.e. build is platform dependent!
2026-05-21 19:26:20,405 [Worker-89: Building workspace] INFO  o.e.m.c.i.embedder.EclipseLogger - Copying 0 resource
2026-05-21 19:26:23,818 [Worker-89: Building workspace] WARN  o.e.m.c.i.embedder.EclipseLogger - Using platform encoding (Cp1252 actually) to copy filtered resources, i.e. build is platform dependent!
2026-05-21 19:26:23,819 [Worker-89: Building workspace] INFO  o.e.m.c.i.embedder.EclipseLogger - Copying 1 resource
2026-05-21 19:26:23,820 [Worker-89: Building workspace] WARN  o.e.m.c.i.embedder.EclipseLogger - Using platform encoding (Cp1252 actually) to copy filtered resources, i.e. build is platform dependent!
2026-05-21 19:26:23,821 [Worker-89: Building workspace] INFO  o.e.m.c.i.embedder.EclipseLogger - Copying 0 resource
2026-05-21 19:26:43,864 [Worker-89: Building workspace] WARN  o.e.m.c.i.embedder.EclipseLogger - Using platform encoding (Cp1252 actually) to copy filtered resources, i.e. build is platform dependent!
2026-05-21 19:26:43,866 [Worker-89: Building workspace] INFO  o.e.m.c.i.embedder.EclipseLogger - Copying 1 resource
2026-05-21 19:26:43,867 [Worker-89: Building workspace] WARN  o.e.m.c.i.embedder.EclipseLogger - Using platform encoding (Cp1252 actually) to copy filtered resources, i.e. build is platform dependent!
2026-05-21 19:26:43,868 [Worker-89: Building workspace] INFO  o.e.m.c.i.embedder.EclipseLogger - Copying 0 resource
2026-05-21 21:40:48,368 [Worker-2: Loading available Gradle versions] INFO  o.e.b.c.i.u.g.PublishedGradleVersions - Gradle version information cache is up-to-date. Trying to read.
2026-05-21 21:43:31,675 [Worker-6: Building workspace] WARN  o.e.m.c.i.embedder.EclipseLogger - Using platform encoding (Cp1252 actually) to copy filtered resources, i.e. build is platform dependent!
2026-05-21 21:43:31,687 [Worker-6: Building workspace] INFO  o.e.m.c.i.embedder.EclipseLogger - Copying 1 resource
2026-05-21 21:43:31,696 [Worker-6: Building workspace] WARN  o.e.m.c.i.embedder.EclipseLogger - Using platform encoding (Cp1252 actually) to copy filtered resources, i.e. build is platform dependent!
2026-05-21 21:43:31,697 [Worker-6: Building workspace] INFO  o.e.m.c.i.embedder.EclipseLogger - Copying 0 resource
2026-05-21 21:44:10,781 [Worker-13: Building workspace] WARN  o.e.m.c.i.embedder.EclipseLogger - Using platform encoding (Cp1252 actually) to copy filtered resources, i.e. build is platform dependent!
2026-05-21 21:44:10,789 [Worker-13: Building workspace] INFO  o.e.m.c.i.embedder.EclipseLogger - Copying 1 resource
2026-05-21 21:44:10,793 [Worker-13: Building workspace] WARN  o.e.m.c.i.embedder.EclipseLogger - Using platform encoding (Cp1252 actually) to copy filtered resources, i.e. build is platform dependent!
2026-05-21 21:44:10,794 [Worker-13: Building workspace] INFO  o.e.m.c.i.embedder.EclipseLogger - Copying 0 resource
2026-05-21 22:36:40,238 [Worker-27: Building workspace] WARN  o.e.m.c.i.embedder.EclipseLogger - Using platform encoding (Cp1252 actually) to copy filtered resources, i.e. build is platform dependent!
2026-05-21 22:36:40,240 [Worker-27: Building workspace] INFO  o.e.m.c.i.embedder.EclipseLogger - Copying 1 resource
2026-05-21 22:36:40,242 [Worker-27: Building workspace] WARN  o.e.m.c.i.embedder.EclipseLogger - Using platform encoding (Cp1252 actually) to copy filtered resources, i.e. build is platform dependent!
2026-05-21 22:36:40,243 [Worker-27: Building workspace] INFO  o.e.m.c.i.embedder.EclipseLogger - Copying 0 resource
2026-05-21 22:37:32,744 [Worker-29: Building workspace] WARN  o.e.m.c.i.embedder.EclipseLogger - Using platform encoding (Cp1252 actually) to copy filtered resources, i.e. build is platform dependent!
2026-05-21 22:37:32,746 [Worker-29: Building workspace] INFO  o.e.m.c.i.embedder.EclipseLogger - Copying 1 resource
2026-05-21 22:37:32,747 [Worker-29: Building workspace] WARN  o.e.m.c.i.embedder.EclipseLogger - Using platform encoding (Cp1252 actually) to copy filtered resources, i.e. build is platform dependent!
2026-05-21 22:37:32,748 [Worker-29: Building workspace] INFO  o.e.m.c.i.embedder.EclipseLogger - Copying 0 resource
2026-05-21 22:37:34,184 [Worker-28: Building workspace] WARN  o.e.m.c.i.embedder.EclipseLogger - Using platform encoding (Cp1252 actually) to copy filtered resources, i.e. build is platform dependent!
2026-05-21 22:37:34,186 [Worker-28: Building workspace] INFO  o.e.m.c.i.embedder.EclipseLogger - Copying 1 resource
2026-05-21 22:37:34,189 [Worker-28: Building workspace] WARN  o.e.m.c.i.embedder.EclipseLogger - Using platform encoding (Cp1252 actually) to copy filtered resources, i.e. build is platform dependent!
2026-05-21 22:37:34,190 [Worker-28: Building workspace] INFO  o.e.m.c.i.embedder.EclipseLogger - Copying 0 resource
2026-05-21 22:37:56,363 [Worker-30: Building workspace] WARN  o.e.m.c.i.embedder.EclipseLogger - Using platform encoding (Cp1252 actually) to copy filtered resources, i.e. build is platform dependent!
2026-05-21 22:37:56,364 [Worker-30: Building workspace] INFO  o.e.m.c.i.embedder.EclipseLogger - Copying 1 resource
2026-05-21 22:37:56,366 [Worker-30: Building workspace] WARN  o.e.m.c.i.embedder.EclipseLogger - Using platform encoding (Cp1252 actually) to copy filtered resources, i.e. build is platform dependent!
2026-05-21 22:37:56,366 [Worker-30: Building workspace] INFO  o.e.m.c.i.embedder.EclipseLogger - Copying 0 resource
2026-05-21 22:38:11,369 [Worker-28: Building workspace] WARN  o.e.m.c.i.embedder.EclipseLogger - Using platform encoding (Cp1252 actually) to copy filtered resources, i.e. build is platform dependent!
2026-05-21 22:38:11,370 [Worker-28: Building workspace] INFO  o.e.m.c.i.embedder.EclipseLogger - Copying 1 resource
2026-05-21 22:38:11,372 [Worker-28: Building workspace] WARN  o.e.m.c.i.embedder.EclipseLogger - Using platform encoding (Cp1252 actually) to copy filtered resources, i.e. build is platform dependent!
2026-05-21 22:38:11,372 [Worker-28: Building workspace] INFO  o.e.m.c.i.embedder.EclipseLogger - Copying 0 resource
2026-05-21 22:39:28,575 [Worker-29: Building workspace] WARN  o.e.m.c.i.embedder.EclipseLogger - Using platform encoding (Cp1252 actually) to copy filtered resources, i.e. build is platform dependent!
2026-05-21 22:39:28,576 [Worker-29: Building workspace] INFO  o.e.m.c.i.embedder.EclipseLogger - Copying 1 resource
2026-05-21 22:39:28,580 [Worker-29: Building workspace] WARN  o.e.m.c.i.embedder.EclipseLogger - Using platform encoding (Cp1252 actually) to copy filtered resources, i.e. build is platform dependent!
2026-05-21 22:39:28,581 [Worker-29: Building workspace] INFO  o.e.m.c.i.embedder.EclipseLogger - Copying 0 resource
2026-05-21 22:39:44,309 [Worker-24: Building workspace] WARN  o.e.m.c.i.embedder.EclipseLogger - Using platform encoding (Cp1252 actually) to copy filtered resources, i.e. build is platform dependent!
2026-05-21 22:39:44,310 [Worker-24: Building workspace] INFO  o.e.m.c.i.embedder.EclipseLogger - Copying 1 resource
2026-05-21 22:39:44,314 [Worker-24: Building workspace] WARN  o.e.m.c.i.embedder.EclipseLogger - Using platform encoding (Cp1252 actually) to copy filtered resources, i.e. build is platform dependent!
2026-05-21 22:39:44,315 [Worker-24: Building workspace] INFO  o.e.m.c.i.embedder.EclipseLogger - Copying 0 resource
2026-05-21 22:40:03,558 [Worker-28: Building workspace] WARN  o.e.m.c.i.embedder.EclipseLogger - Using platform encoding (Cp1252 actually) to copy filtered resources, i.e. build is platform dependent!
2026-05-21 22:40:03,560 [Worker-28: Building workspace] INFO  o.e.m.c.i.embedder.EclipseLogger - Copying 1 resource
2026-05-21 22:40:03,563 [Worker-28: Building workspace] WARN  o.e.m.c.i.embedder.EclipseLogger - Using platform encoding (Cp1252 actually) to copy filtered resources, i.e. build is platform dependent!
2026-05-21 22:40:03,565 [Worker-28: Building workspace] INFO  o.e.m.c.i.embedder.EclipseLogger - Copying 0 resource
2026-05-21 22:40:57,322 [ModalContext] INFO  o.e.m.c.i.e.AbstractTransferListenerAdapter - Downloading https://repo.maven.apache.org/maven2/org/apache/maven/archetypes/maven-archetype-webapp/1.0/maven-archetype-webapp-1.0.jar
2026-05-21 22:40:57,541 [ModalContext] INFO  o.e.m.c.i.e.AbstractTransferListenerAdapter - Downloaded https://repo.maven.apache.org/maven2/org/apache/maven/archetypes/maven-archetype-webapp/1.0/maven-archetype-webapp-1.0.jar
2026-05-21 22:40:57,653 [ModalContext] INFO  o.e.m.c.i.e.AbstractTransferListenerAdapter - Downloaded https://repo.maven.apache.org/maven2/org/apache/maven/archetypes/maven-archetype-webapp/1.0/maven-archetype-webapp-1.0.pom
2026-05-21 22:41:09,100 [Worker-29: Creating maven-archetype-webapp] INFO  o.e.m.c.i.p.ProjectConfigurationManager - Collecting project info '/pom.xml' D:\Spring\spring-mvc-simple\pom.xml
2026-05-21 22:41:10,353 [Worker-29: Creating maven-archetype-webapp] INFO  o.e.m.c.i.l.LifecycleMappingFactory - Using org.maven.ide.eclipse.wtp.WarLifecycleMapping lifecycle mapping for MavenProject: com.rays:spring-mvc-simple:0.0.1-SNAPSHOT @ D:\Spring\spring-mvc-simple\pom.xml.
2026-05-21 22:41:11,115 [Worker-29: Creating maven-archetype-webapp] WARN  Sisu - Error injecting: org.apache.maven.plugin.war.WarMojo
com.google.inject.ProvisionException: Unable to provision, see the following errors:

1) Error injecting constructor, java.lang.ExceptionInInitializerError: Cannot access defaults field of Properties
  at org.apache.maven.plugin.war.WarMojo.<init>(Unknown Source)
  while locating org.apache.maven.plugin.war.WarMojo

1 error
	at com.google.inject.internal.InjectorImpl$2.get(InjectorImpl.java:1025) ~[guice-4.0-no_aop.jar:na]
	at com.google.inject.internal.InjectorImpl.getInstance(InjectorImpl.java:1051) ~[guice-4.0-no_aop.jar:na]
	at org.eclipse.sisu.space.AbstractDeferredClass.get(AbstractDeferredClass.java:48) ~[org.eclipse.sisu.inject-0.3.3.jar:na]
	at com.google.inject.internal.ProviderInternalFactory.provision(ProviderInternalFactory.java:81) ~[guice-4.0-no_aop.jar:na]
	at com.google.inject.internal.InternalFactoryToInitializableAdapter.provision(InternalFactoryToInitializableAdapter.java:53) ~[guice-4.0-no_aop.jar:na]
	at com.google.inject.internal.ProviderInternalFactory$1.call(ProviderInternalFactory.java:65) ~[guice-4.0-no_aop.jar:na]
	at com.google.inject.internal.ProvisionListenerStackCallback$Provision.provision(ProvisionListenerStackCallback.java:115) ~[guice-4.0-no_aop.jar:na]
	at com.google.inject.internal.ProvisionListenerStackCallback$Provision.provision(ProvisionListenerStackCallback.java:133) ~[guice-4.0-no_aop.jar:na]
	at com.google.inject.internal.ProvisionListenerStackCallback.provision(ProvisionListenerStackCallback.java:68) ~[guice-4.0-no_aop.jar:na]
	at com.google.inject.internal.ProviderInternalFactory.circularGet(ProviderInternalFactory.java:63) ~[guice-4.0-no_aop.jar:na]
	at com.google.inject.internal.InternalFactoryToInitializableAdapter.get(InternalFactoryToInitializableAdapter.java:45) ~[guice-4.0-no_aop.jar:na]
	at com.google.inject.internal.InjectorImpl$2$1.call(InjectorImpl.java:1016) ~[guice-4.0-no_aop.jar:na]
	at com.google.inject.internal.InjectorImpl.callInContext(InjectorImpl.java:1092) ~[guice-4.0-no_aop.jar:na]
	at com.google.inject.internal.InjectorImpl$2.get(InjectorImpl.java:1012) ~[guice-4.0-no_aop.jar:na]
	at org.eclipse.sisu.inject.Guice4$1.get(Guice4.java:162) ~[org.eclipse.sisu.inject-0.3.3.jar:na]
	at org.eclipse.sisu.inject.LazyBeanEntry.getValue(LazyBeanEntry.java:81) ~[org.eclipse.sisu.inject-0.3.3.jar:na]
	at org.eclipse.sisu.plexus.LazyPlexusBean.getValue(LazyPlexusBean.java:51) ~[org.eclipse.sisu.plexus-0.3.3.jar:na]
	at org.codehaus.plexus.DefaultPlexusContainer.lookup(DefaultPlexusContainer.java:263) ~[org.eclipse.sisu.plexus-0.3.3.jar:na]
	at org.codehaus.plexus.DefaultPlexusContainer.lookup(DefaultPlexusContainer.java:255) ~[org.eclipse.sisu.plexus-0.3.3.jar:na]
	at org.apache.maven.plugin.internal.DefaultMavenPluginManager.getConfiguredMojo(DefaultMavenPluginManager.java:519) ~[maven-core-3.5.3.jar:3.5.3]
	at org.eclipse.m2e.core.internal.embedder.MavenImpl.getConfiguredMojo(MavenImpl.java:353) ~[na:na]
	at org.sonatype.m2e.mavenarchiver.internal.AbstractMavenArchiverConfigurator.reflectManifestGeneration(AbstractMavenArchiverConfigurator.java:441) ~[na:na]
	at org.sonatype.m2e.mavenarchiver.internal.AbstractMavenArchiverConfigurator.generateManifest(AbstractMavenArchiverConfigurator.java:397) ~[na:na]
	at org.sonatype.m2e.mavenarchiver.internal.AbstractMavenArchiverConfigurator.mavenProjectChanged(AbstractMavenArchiverConfigurator.java:210) ~[na:na]
	at org.eclipse.m2e.wtp.mavenarchiver.AbstractWTPArchiverConfigurator.mavenProjectChanged(AbstractWTPArchiverConfigurator.java:54) ~[na:na]
	at org.eclipse.m2e.core.internal.project.ProjectConfigurationManager.mavenProjectChanged(ProjectConfigurationManager.java:1037) ~[na:na]
	at org.eclipse.m2e.core.internal.project.registry.ProjectRegistryManager.notifyProjectChangeListeners(ProjectRegistryManager.java:777) ~[na:na]
	at org.eclipse.m2e.core.internal.project.registry.ProjectRegistryManager.applyMutableProjectRegistry(ProjectRegistryManager.java:921) ~[na:na]
	at org.eclipse.m2e.core.internal.project.registry.ProjectRegistryManager.refresh(ProjectRegistryManager.java:298) ~[na:na]
	at org.eclipse.m2e.core.internal.project.ProjectConfigurationManager.configureNewMavenProjects(ProjectConfigurationManager.java:259) ~[na:na]
	at org.eclipse.m2e.core.internal.project.ProjectConfigurationManager$1.call(ProjectConfigurationManager.java:175) ~[na:na]
	at org.eclipse.m2e.core.internal.project.ProjectConfigurationManager$1.call(ProjectConfigurationManager.java:1) ~[na:na]
	at org.eclipse.m2e.core.internal.embedder.MavenExecutionContext.executeBare(MavenExecutionContext.java:177) ~[na:na]
	at org.eclipse.m2e.core.internal.embedder.MavenExecutionContext.execute(MavenExecutionContext.java:112) ~[na:na]
	at org.eclipse.m2e.core.internal.embedder.MavenExecutionContext.execute(MavenExecutionContext.java:99) ~[na:na]
	at org.eclipse.m2e.core.internal.embedder.MavenImpl.execute(MavenImpl.java:1336) ~[na:na]
	at org.eclipse.m2e.core.internal.project.ProjectConfigurationManager.importProjects(ProjectConfigurationManager.java:143) ~[na:na]
	at org.eclipse.m2e.core.internal.project.ProjectConfigurationManager.createArchetypeProjects0(ProjectConfigurationManager.java:863) ~[na:na]
	at org.eclipse.m2e.core.internal.project.ProjectConfigurationManager$5.call(ProjectConfigurationManager.java:792) ~[na:na]
	at org.eclipse.m2e.core.internal.project.ProjectConfigurationManager$5.call(ProjectConfigurationManager.java:1) ~[na:na]
	at org.eclipse.m2e.core.internal.embedder.MavenExecutionContext.executeBare(MavenExecutionContext.java:177) ~[na:na]
	at org.eclipse.m2e.core.internal.embedder.MavenExecutionContext.execute(MavenExecutionContext.java:151) ~[na:na]
	at org.eclipse.m2e.core.internal.embedder.MavenExecutionContext.execute(MavenExecutionContext.java:99) ~[na:na]
	at org.eclipse.m2e.core.internal.embedder.MavenImpl.execute(MavenImpl.java:1336) ~[na:na]
	at org.eclipse.m2e.core.internal.project.ProjectConfigurationManager.createArchetypeProjects(ProjectConfigurationManager.java:790) ~[na:na]
	at org.eclipse.m2e.core.ui.internal.wizards.MavenProjectWizard$5.doCreateMavenProjects(MavenProjectWizard.java:241) ~[org.eclipse.m2e.core.ui_1.11.0.20190220-2119.jar:na]
	at org.eclipse.m2e.core.ui.internal.wizards.AbstractCreateMavenProjectJob$1.doCreateMavenProjects(AbstractCreateMavenProjectJob.java:63) ~[org.eclipse.m2e.core.ui_1.11.0.20190220-2119.jar:na]
	at org.eclipse.m2e.core.ui.internal.wizards.AbstractCreateMavenProjectsOperation.run(AbstractCreateMavenProjectsOperation.java:73) ~[org.eclipse.m2e.core.ui_1.11.0.20190220-2119.jar:na]
	at org.eclipse.m2e.core.ui.internal.wizards.AbstractCreateMavenProjectJob.runInWorkspace(AbstractCreateMavenProjectJob.java:67) ~[org.eclipse.m2e.core.ui_1.11.0.20190220-2119.jar:na]
	at org.eclipse.core.internal.resources.InternalWorkspaceJob.run(InternalWorkspaceJob.java:42) ~[na:na]
	at org.eclipse.core.internal.jobs.Worker.run(Worker.java:63) ~[org.eclipse.core.jobs_3.10.300.v20190215-2048.jar:na]
Caused by: java.lang.ExceptionInInitializerError: Cannot access defaults field of Properties
	at com.thoughtworks.xstream.converters.collections.PropertiesConverter.<clinit>(PropertiesConverter.java:46) ~[xstream-1.3.1.jar:na]
	at com.thoughtworks.xstream.XStream.setupConverters(XStream.java:647) ~[xstream-1.3.1.jar:na]
	at com.thoughtworks.xstream.XStream.<init>(XStream.java:445) ~[xstream-1.3.1.jar:na]
	at com.thoughtworks.xstream.XStream.<init>(XStream.java:385) ~[xstream-1.3.1.jar:na]
	at com.thoughtworks.xstream.XStream.<init>(XStream.java:342) ~[xstream-1.3.1.jar:na]
	at org.apache.maven.plugin.war.util.WebappStructureSerializer.<clinit>(WebappStructureSerializer.java:47) ~[maven-war-plugin-2.2.jar:2.2]
	at org.apache.maven.plugin.war.AbstractWarMojo.<init>(AbstractWarMojo.java:316) ~[maven-war-plugin-2.2.jar:2.2]
	at org.apache.maven.plugin.war.WarMojo.<init>(WarMojo.java:49) ~[maven-war-plugin-2.2.jar:2.2]
	at java.base/jdk.internal.reflect.NativeConstructorAccessorImpl.newInstance0(Native Method) ~[na:na]
	at java.base/jdk.internal.reflect.NativeConstructorAccessorImpl.newInstance(NativeConstructorAccessorImpl.java:77) ~[na:na]
	at java.base/jdk.internal.reflect.DelegatingConstructorAccessorImpl.newInstance(DelegatingConstructorAccessorImpl.java:45) ~[na:na]
	at java.base/java.lang.reflect.Constructor.newInstanceWithCaller(Constructor.java:499) ~[na:na]
	at java.base/java.lang.reflect.Constructor.newInstance(Constructor.java:480) ~[na:na]
	at com.google.inject.internal.DefaultConstructionProxyFactory$1.newInstance(DefaultConstructionProxyFactory.java:86) ~[guice-4.0-no_aop.jar:na]
	at com.google.inject.internal.ConstructorInjector.provision(ConstructorInjector.java:105) ~[guice-4.0-no_aop.jar:na]
	at com.google.inject.internal.ConstructorInjector.access$000(ConstructorInjector.java:32) ~[guice-4.0-no_aop.jar:na]
	at com.google.inject.internal.ConstructorInjector$1.call(ConstructorInjector.java:89) ~[guice-4.0-no_aop.jar:na]
	at com.google.inject.internal.ProvisionListenerStackCallback$Provision.provision(ProvisionListenerStackCallback.java:115) ~[guice-4.0-no_aop.jar:na]
	at com.google.inject.internal.ProvisionListenerStackCallback$Provision.provision(ProvisionListenerStackCallback.java:133) ~[guice-4.0-no_aop.jar:na]
	at com.google.inject.internal.ProvisionListenerStackCallback.provision(ProvisionListenerStackCallback.java:68) ~[guice-4.0-no_aop.jar:na]
	at com.google.inject.internal.ConstructorInjector.construct(ConstructorInjector.java:87) ~[guice-4.0-no_aop.jar:na]
	at com.google.inject.internal.ConstructorBindingImpl$Factory.get(ConstructorBindingImpl.java:267) ~[guice-4.0-no_aop.jar:na]
	at com.google.inject.internal.InjectorImpl$2$1.call(InjectorImpl.java:1016) ~[guice-4.0-no_aop.jar:na]
	at com.google.inject.internal.InjectorImpl.callInContext(InjectorImpl.java:1103) ~[guice-4.0-no_aop.jar:na]
	at com.google.inject.internal.InjectorImpl$2.get(InjectorImpl.java:1012) ~[guice-4.0-no_aop.jar:na]
	... 50 common frames omitted
2026-05-21 22:41:11,424 [Worker-29: Creating maven-archetype-webapp] INFO  o.e.m.j.i.AbstractJavaProjectConfigurator - Adding source folder /spring-mvc-simple/src/main/java
2026-05-21 22:41:11,424 [Worker-29: Creating maven-archetype-webapp] INFO  o.e.m.j.i.AbstractJavaProjectConfigurator - Adding resource folder /spring-mvc-simple/src/main/resources
2026-05-21 22:41:11,426 [Worker-29: Creating maven-archetype-webapp] INFO  o.e.m.j.i.AbstractJavaProjectConfigurator - Adding source folder /spring-mvc-simple/src/test/java
2026-05-21 22:41:14,073 [Worker-29: Creating maven-archetype-webapp] INFO  o.e.m.c.i.p.ProjectConfigurationManager - Imported and configured 1 project(s) in 4 sec
2026-05-21 22:41:14,551 [Worker-29: Building workspace] WARN  o.e.m.c.i.embedder.EclipseLogger - Using platform encoding (Cp1252 actually) to copy filtered resources, i.e. build is platform dependent!
2026-05-21 22:41:14,552 [Worker-29: Building workspace] INFO  o.e.m.c.i.embedder.EclipseLogger - Copying 0 resource
2026-05-21 22:41:14,556 [Worker-29: Building workspace] WARN  o.e.m.c.i.embedder.EclipseLogger - Using platform encoding (Cp1252 actually) to copy filtered resources, i.e. build is platform dependent!
2026-05-21 22:41:14,559 [Worker-29: Building workspace] INFO  o.e.m.c.i.embedder.EclipseLogger - skip non existing resourceDirectory D:\Spring\spring-mvc-simple\src\test\resources
2026-05-21 22:41:14,609 [Worker-29: Building workspace] WARN  Sisu - Error injecting: org.apache.maven.plugin.war.WarMojo
com.google.inject.ProvisionException: Unable to provision, see the following errors:

1) Error injecting constructor, java.lang.NoClassDefFoundError: Could not initialize class org.apache.maven.plugin.war.util.WebappStructureSerializer
  at org.apache.maven.plugin.war.WarMojo.<init>(Unknown Source)
  while locating org.apache.maven.plugin.war.WarMojo

1 error
	at com.google.inject.internal.InjectorImpl$2.get(InjectorImpl.java:1025) ~[guice-4.0-no_aop.jar:na]
	at com.google.inject.internal.InjectorImpl.getInstance(InjectorImpl.java:1051) ~[guice-4.0-no_aop.jar:na]
	at org.eclipse.sisu.space.AbstractDeferredClass.get(AbstractDeferredClass.java:48) ~[org.eclipse.sisu.inject-0.3.3.jar:na]
	at com.google.inject.internal.ProviderInternalFactory.provision(ProviderInternalFactory.java:81) ~[guice-4.0-no_aop.jar:na]
	at com.google.inject.internal.InternalFactoryToInitializableAdapter.provision(InternalFactoryToInitializableAdapter.java:53) ~[guice-4.0-no_aop.jar:na]
	at com.google.inject.internal.ProviderInternalFactory$1.call(ProviderInternalFactory.java:65) ~[guice-4.0-no_aop.jar:na]
	at com.google.inject.internal.ProvisionListenerStackCallback$Provision.provision(ProvisionListenerStackCallback.java:115) ~[guice-4.0-no_aop.jar:na]
	at com.google.inject.internal.ProvisionListenerStackCallback$Provision.provision(ProvisionListenerStackCallback.java:133) ~[guice-4.0-no_aop.jar:na]
	at com.google.inject.internal.ProvisionListenerStackCallback.provision(ProvisionListenerStackCallback.java:68) ~[guice-4.0-no_aop.jar:na]
	at com.google.inject.internal.ProviderInternalFactory.circularGet(ProviderInternalFactory.java:63) ~[guice-4.0-no_aop.jar:na]
	at com.google.inject.internal.InternalFactoryToInitializableAdapter.get(InternalFactoryToInitializableAdapter.java:45) ~[guice-4.0-no_aop.jar:na]
	at com.google.inject.internal.InjectorImpl$2$1.call(InjectorImpl.java:1016) ~[guice-4.0-no_aop.jar:na]
	at com.google.inject.internal.InjectorImpl.callInContext(InjectorImpl.java:1092) ~[guice-4.0-no_aop.jar:na]
	at com.google.inject.internal.InjectorImpl$2.get(InjectorImpl.java:1012) ~[guice-4.0-no_aop.jar:na]
	at org.eclipse.sisu.inject.Guice4$1.get(Guice4.java:162) ~[org.eclipse.sisu.inject-0.3.3.jar:na]
	at org.eclipse.sisu.inject.LazyBeanEntry.getValue(LazyBeanEntry.java:81) ~[org.eclipse.sisu.inject-0.3.3.jar:na]
	at org.eclipse.sisu.plexus.LazyPlexusBean.getValue(LazyPlexusBean.java:51) ~[org.eclipse.sisu.plexus-0.3.3.jar:na]
	at org.codehaus.plexus.DefaultPlexusContainer.lookup(DefaultPlexusContainer.java:263) ~[org.eclipse.sisu.plexus-0.3.3.jar:na]
	at org.codehaus.plexus.DefaultPlexusContainer.lookup(DefaultPlexusContainer.java:255) ~[org.eclipse.sisu.plexus-0.3.3.jar:na]
	at org.apache.maven.plugin.internal.DefaultMavenPluginManager.getConfiguredMojo(DefaultMavenPluginManager.java:519) ~[maven-core-3.5.3.jar:3.5.3]
	at org.eclipse.m2e.core.internal.embedder.MavenImpl.getConfiguredMojo(MavenImpl.java:353) ~[na:na]
	at org.sonatype.m2e.mavenarchiver.internal.AbstractMavenArchiverConfigurator.reflectManifestGeneration(AbstractMavenArchiverConfigurator.java:441) ~[na:na]
	at org.sonatype.m2e.mavenarchiver.internal.AbstractMavenArchiverConfigurator.generateManifest(AbstractMavenArchiverConfigurator.java:397) ~[na:na]
	at org.sonatype.m2e.mavenarchiver.internal.AbstractMavenArchiverConfigurator.mavenProjectChanged(AbstractMavenArchiverConfigurator.java:210) ~[na:na]
	at org.sonatype.m2e.mavenarchiver.internal.AbstractMavenArchiverConfigurator$1.build(AbstractMavenArchiverConfigurator.java:145) ~[na:na]
	at org.eclipse.m2e.core.internal.builder.MavenBuilderImpl.build(MavenBuilderImpl.java:137) ~[na:na]
	at org.eclipse.m2e.core.internal.builder.MavenBuilder$1.method(MavenBuilder.java:173) ~[na:na]
	at org.eclipse.m2e.core.internal.builder.MavenBuilder$1.method(MavenBuilder.java:1) ~[na:na]
	at org.eclipse.m2e.core.internal.builder.MavenBuilder$BuildMethod$1$1.call(MavenBuilder.java:116) ~[na:na]
	at org.eclipse.m2e.core.internal.embedder.MavenExecutionContext.executeBare(MavenExecutionContext.java:177) ~[na:na]
	at org.eclipse.m2e.core.internal.embedder.MavenExecutionContext.execute(MavenExecutionContext.java:112) ~[na:na]
	at org.eclipse.m2e.core.internal.builder.MavenBuilder$BuildMethod$1.call(MavenBuilder.java:106) ~[na:na]
	at org.eclipse.m2e.core.internal.embedder.MavenExecutionContext.executeBare(MavenExecutionContext.java:177) ~[na:na]
	at org.eclipse.m2e.core.internal.embedder.MavenExecutionContext.execute(MavenExecutionContext.java:151) ~[na:na]
	at org.eclipse.m2e.core.internal.embedder.MavenExecutionContext.execute(MavenExecutionContext.java:99) ~[na:na]
	at org.eclipse.m2e.core.internal.builder.MavenBuilder$BuildMethod.execute(MavenBuilder.java:87) ~[na:na]
	at org.eclipse.m2e.core.internal.builder.MavenBuilder.build(MavenBuilder.java:201) ~[na:na]
	at org.eclipse.core.internal.events.BuildManager$2.run(BuildManager.java:833) ~[na:na]
	at org.eclipse.core.runtime.SafeRunner.run(SafeRunner.java:45) ~[org.eclipse.equinox.common_3.10.300.v20190218-2100.jar:na]
	at org.eclipse.core.internal.events.BuildManager.basicBuild(BuildManager.java:220) ~[na:na]
	at org.eclipse.core.internal.events.BuildManager.basicBuild(BuildManager.java:263) ~[na:na]
	at org.eclipse.core.internal.events.BuildManager$1.run(BuildManager.java:316) ~[na:na]
	at org.eclipse.core.runtime.SafeRunner.run(SafeRunner.java:45) ~[org.eclipse.equinox.common_3.10.300.v20190218-2100.jar:na]
	at org.eclipse.core.internal.events.BuildManager.basicBuild(BuildManager.java:319) ~[na:na]
	at org.eclipse.core.internal.events.BuildManager.basicBuildLoop(BuildManager.java:371) ~[na:na]
	at org.eclipse.core.internal.events.BuildManager.build(BuildManager.java:392) ~[na:na]
	at org.eclipse.core.internal.events.AutoBuildJob.doBuild(AutoBuildJob.java:154) ~[na:na]
	at org.eclipse.core.internal.events.AutoBuildJob.run(AutoBuildJob.java:244) ~[na:na]
	at org.eclipse.core.internal.jobs.Worker.run(Worker.java:63) ~[org.eclipse.core.jobs_3.10.300.v20190215-2048.jar:na]
Caused by: java.lang.NoClassDefFoundError: Could not initialize class org.apache.maven.plugin.war.util.WebappStructureSerializer
	at org.apache.maven.plugin.war.AbstractWarMojo.<init>(AbstractWarMojo.java:316) ~[maven-war-plugin-2.2.jar:2.2]
	at org.apache.maven.plugin.war.WarMojo.<init>(WarMojo.java:49) ~[maven-war-plugin-2.2.jar:2.2]
	at java.base/jdk.internal.reflect.NativeConstructorAccessorImpl.newInstance0(Native Method) ~[na:na]
	at java.base/jdk.internal.reflect.NativeConstructorAccessorImpl.newInstance(NativeConstructorAccessorImpl.java:77) ~[na:na]
	at java.base/jdk.internal.reflect.DelegatingConstructorAccessorImpl.newInstance(DelegatingConstructorAccessorImpl.java:45) ~[na:na]
	at java.base/java.lang.reflect.Constructor.newInstanceWithCaller(Constructor.java:499) ~[na:na]
	at java.base/java.lang.reflect.Constructor.newInstance(Constructor.java:480) ~[na:na]
	at com.google.inject.internal.DefaultConstructionProxyFactory$1.newInstance(DefaultConstructionProxyFactory.java:86) ~[guice-4.0-no_aop.jar:na]
	at com.google.inject.internal.ConstructorInjector.provision(ConstructorInjector.java:105) ~[guice-4.0-no_aop.jar:na]
	at com.google.inject.internal.ConstructorInjector.access$000(ConstructorInjector.java:32) ~[guice-4.0-no_aop.jar:na]
	at com.google.inject.internal.ConstructorInjector$1.call(ConstructorInjector.java:89) ~[guice-4.0-no_aop.jar:na]
	at com.google.inject.internal.ProvisionListenerStackCallback$Provision.provision(ProvisionListenerStackCallback.java:115) ~[guice-4.0-no_aop.jar:na]
	at com.google.inject.internal.ProvisionListenerStackCallback$Provision.provision(ProvisionListenerStackCallback.java:133) ~[guice-4.0-no_aop.jar:na]
	at com.google.inject.internal.ProvisionListenerStackCallback.provision(ProvisionListenerStackCallback.java:68) ~[guice-4.0-no_aop.jar:na]
	at com.google.inject.internal.ConstructorInjector.construct(ConstructorInjector.java:87) ~[guice-4.0-no_aop.jar:na]
	at com.google.inject.internal.ConstructorBindingImpl$Factory.get(ConstructorBindingImpl.java:267) ~[guice-4.0-no_aop.jar:na]
	at com.google.inject.internal.InjectorImpl$2$1.call(InjectorImpl.java:1016) ~[guice-4.0-no_aop.jar:na]
	at com.google.inject.internal.InjectorImpl.callInContext(InjectorImpl.java:1103) ~[guice-4.0-no_aop.jar:na]
	at com.google.inject.internal.InjectorImpl$2.get(InjectorImpl.java:1012) ~[guice-4.0-no_aop.jar:na]
	... 48 common frames omitted
Caused by: java.lang.ExceptionInInitializerError: Exception java.lang.ExceptionInInitializerError: Cannot access defaults field of Properties [in thread "Worker-29: Creating maven-archetype-webapp"]
	at com.thoughtworks.xstream.converters.collections.PropertiesConverter.<clinit>(PropertiesConverter.java:46) ~[xstream-1.3.1.jar:na]
	at com.thoughtworks.xstream.XStream.setupConverters(XStream.java:647) ~[xstream-1.3.1.jar:na]
	at com.thoughtworks.xstream.XStream.<init>(XStream.java:445) ~[xstream-1.3.1.jar:na]
	at com.thoughtworks.xstream.XStream.<init>(XStream.java:385) ~[xstream-1.3.1.jar:na]
	at com.thoughtworks.xstream.XStream.<init>(XStream.java:342) ~[xstream-1.3.1.jar:na]
	at org.apache.maven.plugin.war.util.WebappStructureSerializer.<clinit>(WebappStructureSerializer.java:47) ~[maven-war-plugin-2.2.jar:2.2]
	at org.apache.maven.plugin.war.AbstractWarMojo.<init>(AbstractWarMojo.java:316) ~[maven-war-plugin-2.2.jar:2.2]
	at org.apache.maven.plugin.war.WarMojo.<init>(WarMojo.java:49) ~[maven-war-plugin-2.2.jar:2.2]
	at java.base/jdk.internal.reflect.NativeConstructorAccessorImpl.newInstance0(Native Method) ~[na:na]
	at java.base/jdk.internal.reflect.NativeConstructorAccessorImpl.newInstance(NativeConstructorAccessorImpl.java:77) ~[na:na]
	at java.base/jdk.internal.reflect.DelegatingConstructorAccessorImpl.newInstance(DelegatingConstructorAccessorImpl.java:45) ~[na:na]
	at java.base/java.lang.reflect.Constructor.newInstanceWithCaller(Constructor.java:499) ~[na:na]
	at java.base/java.lang.reflect.Constructor.newInstance(Constructor.java:480) ~[na:na]
	at com.google.inject.internal.DefaultConstructionProxyFactory$1.newInstance(DefaultConstructionProxyFactory.java:86) ~[guice-4.0-no_aop.jar:na]
	at com.google.inject.internal.ConstructorInjector.provision(ConstructorInjector.java:105) ~[guice-4.0-no_aop.jar:na]
	at com.google.inject.internal.ConstructorInjector.access$000(ConstructorInjector.java:32) ~[guice-4.0-no_aop.jar:na]
	at com.google.inject.internal.ConstructorInjector$1.call(ConstructorInjector.java:89) ~[guice-4.0-no_aop.jar:na]
	at com.google.inject.internal.ProvisionListenerStackCallback$Provision.provision(ProvisionListenerStackCallback.java:115) ~[guice-4.0-no_aop.jar:na]
	at com.google.inject.internal.ProvisionListenerStackCallback$Provision.provision(ProvisionListenerStackCallback.java:133) ~[guice-4.0-no_aop.jar:na]
	at com.google.inject.internal.ProvisionListenerStackCallback.provision(ProvisionListenerStackCallback.java:68) ~[guice-4.0-no_aop.jar:na]
	at com.google.inject.internal.ConstructorInjector.construct(ConstructorInjector.java:87) ~[guice-4.0-no_aop.jar:na]
	at com.google.inject.internal.ConstructorBindingImpl$Factory.get(ConstructorBindingImpl.java:267) ~[guice-4.0-no_aop.jar:na]
	at com.google.inject.internal.InjectorImpl$2$1.call(InjectorImpl.java:1016) ~[guice-4.0-no_aop.jar:na]
	at com.google.inject.internal.InjectorImpl.callInContext(InjectorImpl.java:1103) ~[guice-4.0-no_aop.jar:na]
	at com.google.inject.internal.InjectorImpl$2.get(InjectorImpl.java:1012) ~[guice-4.0-no_aop.jar:na]
	at com.google.inject.internal.InjectorImpl.getInstance(InjectorImpl.java:1051) ~[guice-4.0-no_aop.jar:na]
	at org.eclipse.sisu.space.AbstractDeferredClass.get(AbstractDeferredClass.java:48) ~[org.eclipse.sisu.inject-0.3.3.jar:na]
	at com.google.inject.internal.ProviderInternalFactory.provision(ProviderInternalFactory.java:81) ~[guice-4.0-no_aop.jar:na]
	at com.google.inject.internal.InternalFactoryToInitializableAdapter.provision(InternalFactoryToInitializableAdapter.java:53) ~[guice-4.0-no_aop.jar:na]
	at com.google.inject.internal.ProviderInternalFactory$1.call(ProviderInternalFactory.java:65) ~[guice-4.0-no_aop.jar:na]
	at com.google.inject.internal.ProvisionListenerStackCallback$Provision.provision(ProvisionListenerStackCallback.java:115) ~[guice-4.0-no_aop.jar:na]
	at com.google.inject.internal.ProvisionListenerStackCallback$Provision.provision(ProvisionListenerStackCallback.java:133) ~[guice-4.0-no_aop.jar:na]
	at com.google.inject.internal.ProvisionListenerStackCallback.provision(ProvisionListenerStackCallback.java:68) ~[guice-4.0-no_aop.jar:na]
	at com.google.inject.internal.ProviderInternalFactory.circularGet(ProviderInternalFactory.java:63) ~[guice-4.0-no_aop.jar:na]
	at com.google.inject.internal.InternalFactoryToInitializableAdapter.get(InternalFactoryToInitializableAdapter.java:45) ~[guice-4.0-no_aop.jar:na]
	at com.google.inject.internal.InjectorImpl$2$1.call(InjectorImpl.java:1016) ~[guice-4.0-no_aop.jar:na]
	at com.google.inject.internal.InjectorImpl.callInContext(InjectorImpl.java:1092) ~[guice-4.0-no_aop.jar:na]
	at com.google.inject.internal.InjectorImpl$2.get(InjectorImpl.java:1012) ~[guice-4.0-no_aop.jar:na]
	at org.eclipse.sisu.inject.Guice4$1.get(Guice4.java:162) ~[org.eclipse.sisu.inject-0.3.3.jar:na]
	at org.eclipse.sisu.inject.LazyBeanEntry.getValue(LazyBeanEntry.java:81) ~[org.eclipse.sisu.inject-0.3.3.jar:na]
	at org.eclipse.sisu.plexus.LazyPlexusBean.getValue(LazyPlexusBean.java:51) ~[org.eclipse.sisu.plexus-0.3.3.jar:na]
	at org.codehaus.plexus.DefaultPlexusContainer.lookup(DefaultPlexusContainer.java:263) ~[org.eclipse.sisu.plexus-0.3.3.jar:na]
	at org.codehaus.plexus.DefaultPlexusContainer.lookup(DefaultPlexusContainer.java:255) ~[org.eclipse.sisu.plexus-0.3.3.jar:na]
	at org.apache.maven.plugin.internal.DefaultMavenPluginManager.getConfiguredMojo(DefaultMavenPluginManager.java:519) ~[maven-core-3.5.3.jar:3.5.3]
	at org.eclipse.m2e.core.internal.embedder.MavenImpl.getConfiguredMojo(MavenImpl.java:353) ~[na:na]
	at org.sonatype.m2e.mavenarchiver.internal.AbstractMavenArchiverConfigurator.reflectManifestGeneration(AbstractMavenArchiverConfigurator.java:441) ~[na:na]
	at org.sonatype.m2e.mavenarchiver.internal.AbstractMavenArchiverConfigurator.generateManifest(AbstractMavenArchiverConfigurator.java:397) ~[na:na]
	at org.sonatype.m2e.mavenarchiver.internal.AbstractMavenArchiverConfigurator.mavenProjectChanged(AbstractMavenArchiverConfigurator.java:210) ~[na:na]
	at org.eclipse.m2e.wtp.mavenarchiver.AbstractWTPArchiverConfigurator.mavenProjectChanged(AbstractWTPArchiverConfigurator.java:54) ~[na:na]
	at org.eclipse.m2e.core.internal.project.ProjectConfigurationManager.mavenProjectChanged(ProjectConfigurationManager.java:1037) ~[na:na]
	at org.eclipse.m2e.core.internal.project.registry.ProjectRegistryManager.notifyProjectChangeListeners(ProjectRegistryManager.java:777) ~[na:na]
	at org.eclipse.m2e.core.internal.project.registry.ProjectRegistryManager.applyMutableProjectRegistry(ProjectRegistryManager.java:921) ~[na:na]
	at org.eclipse.m2e.core.internal.project.registry.ProjectRegistryManager.refresh(ProjectRegistryManager.java:298) ~[na:na]
	at org.eclipse.m2e.core.internal.project.ProjectConfigurationManager.configureNewMavenProjects(ProjectConfigurationManager.java:259) ~[na:na]
	at org.eclipse.m2e.core.internal.project.ProjectConfigurationManager$1.call(ProjectConfigurationManager.java:175) ~[na:na]
	at org.eclipse.m2e.core.internal.project.ProjectConfigurationManager$1.call(ProjectConfigurationManager.java:1) ~[na:na]
	at org.eclipse.m2e.core.internal.embedder.MavenExecutionContext.executeBare(MavenExecutionContext.java:177) ~[na:na]
	at org.eclipse.m2e.core.internal.embedder.MavenExecutionContext.execute(MavenExecutionContext.java:112) ~[na:na]
	at org.eclipse.m2e.core.internal.embedder.MavenExecutionContext.execute(MavenExecutionContext.java:99) ~[na:na]
	at org.eclipse.m2e.core.internal.embedder.MavenImpl.execute(MavenImpl.java:1336) ~[na:na]
	at org.eclipse.m2e.core.internal.project.ProjectConfigurationManager.importProjects(ProjectConfigurationManager.java:143) ~[na:na]
	at org.eclipse.m2e.core.internal.project.ProjectConfigurationManager.createArchetypeProjects0(ProjectConfigurationManager.java:863) ~[na:na]
	at org.eclipse.m2e.core.internal.project.ProjectConfigurationManager$5.call(ProjectConfigurationManager.java:792) ~[na:na]
	at org.eclipse.m2e.core.internal.project.ProjectConfigurationManager$5.call(ProjectConfigurationManager.java:1) ~[na:na]
	at org.eclipse.m2e.core.internal.embedder.MavenExecutionContext.executeBare(MavenExecutionContext.java:177) ~[na:na]
	at org.eclipse.m2e.core.internal.embedder.MavenExecutionContext.execute(MavenExecutionContext.java:151) ~[na:na]
	at org.eclipse.m2e.core.internal.embedder.MavenExecutionContext.execute(MavenExecutionContext.java:99) ~[na:na]
	at org.eclipse.m2e.core.internal.embedder.MavenImpl.execute(MavenImpl.java:1336) ~[na:na]
	at org.eclipse.m2e.core.internal.project.ProjectConfigurationManager.createArchetypeProjects(ProjectConfigurationManager.java:790) ~[na:na]
	at org.eclipse.m2e.core.ui.internal.wizards.MavenProjectWizard$5.doCreateMavenProjects(MavenProjectWizard.java:241) ~[org.eclipse.m2e.core.ui_1.11.0.20190220-2119.jar:na]
	at org.eclipse.m2e.core.ui.internal.wizards.AbstractCreateMavenProjectJob$1.doCreateMavenProjects(AbstractCreateMavenProjectJob.java:63) ~[org.eclipse.m2e.core.ui_1.11.0.20190220-2119.jar:na]
	at org.eclipse.m2e.core.ui.internal.wizards.AbstractCreateMavenProjectsOperation.run(AbstractCreateMavenProjectsOperation.java:73) ~[org.eclipse.m2e.core.ui_1.11.0.20190220-2119.jar:na]
	at org.eclipse.m2e.core.ui.internal.wizards.AbstractCreateMavenProjectJob.runInWorkspace(AbstractCreateMavenProjectJob.java:67) ~[org.eclipse.m2e.core.ui_1.11.0.20190220-2119.jar:na]
	at org.eclipse.core.internal.resources.InternalWorkspaceJob.run(InternalWorkspaceJob.java:42) ~[na:na]
	... 1 common frames omitted
2026-05-21 22:41:37,737 [Worker-30: Building workspace] WARN  o.e.m.c.i.embedder.EclipseLogger - Using platform encoding (Cp1252 actually) to copy filtered resources, i.e. build is platform dependent!
2026-05-21 22:41:37,738 [Worker-30: Building workspace] INFO  o.e.m.c.i.embedder.EclipseLogger - Copying 0 resource
2026-05-21 22:41:37,739 [Worker-30: Building workspace] WARN  o.e.m.c.i.embedder.EclipseLogger - Using platform encoding (Cp1252 actually) to copy filtered resources, i.e. build is platform dependent!
2026-05-21 22:41:37,740 [Worker-30: Building workspace] INFO  o.e.m.c.i.embedder.EclipseLogger - skip non existing resourceDirectory D:\Spring\spring-mvc-simple\src\test\resources
2026-05-21 22:41:37,757 [Worker-30: Building workspace] WARN  Sisu - Error injecting: org.apache.maven.plugin.war.WarMojo
com.google.inject.ProvisionException: Unable to provision, see the following errors:

1) Error injecting constructor, java.lang.NoClassDefFoundError: Could not initialize class org.apache.maven.plugin.war.util.WebappStructureSerializer
  at org.apache.maven.plugin.war.WarMojo.<init>(Unknown Source)
  while locating org.apache.maven.plugin.war.WarMojo

1 error
	at com.google.inject.internal.InjectorImpl$2.get(InjectorImpl.java:1025) ~[guice-4.0-no_aop.jar:na]
	at com.google.inject.internal.InjectorImpl.getInstance(InjectorImpl.java:1051) ~[guice-4.0-no_aop.jar:na]
	at org.eclipse.sisu.space.AbstractDeferredClass.get(AbstractDeferredClass.java:48) ~[org.eclipse.sisu.inject-0.3.3.jar:na]
	at com.google.inject.internal.ProviderInternalFactory.provision(ProviderInternalFactory.java:81) ~[guice-4.0-no_aop.jar:na]
	at com.google.inject.internal.InternalFactoryToInitializableAdapter.provision(InternalFactoryToInitializableAdapter.java:53) ~[guice-4.0-no_aop.jar:na]
	at com.google.inject.internal.ProviderInternalFactory$1.call(ProviderInternalFactory.java:65) ~[guice-4.0-no_aop.jar:na]
	at com.google.inject.internal.ProvisionListenerStackCallback$Provision.provision(ProvisionListenerStackCallback.java:115) ~[guice-4.0-no_aop.jar:na]
	at com.google.inject.internal.ProvisionListenerStackCallback$Provision.provision(ProvisionListenerStackCallback.java:133) ~[guice-4.0-no_aop.jar:na]
	at com.google.inject.internal.ProvisionListenerStackCallback.provision(ProvisionListenerStackCallback.java:68) ~[guice-4.0-no_aop.jar:na]
	at com.google.inject.internal.ProviderInternalFactory.circularGet(ProviderInternalFactory.java:63) ~[guice-4.0-no_aop.jar:na]
	at com.google.inject.internal.InternalFactoryToInitializableAdapter.get(InternalFactoryToInitializableAdapter.java:45) ~[guice-4.0-no_aop.jar:na]
	at com.google.inject.internal.InjectorImpl$2$1.call(InjectorImpl.java:1016) ~[guice-4.0-no_aop.jar:na]
	at com.google.inject.internal.InjectorImpl.callInContext(InjectorImpl.java:1092) ~[guice-4.0-no_aop.jar:na]
	at com.google.inject.internal.InjectorImpl$2.get(InjectorImpl.java:1012) ~[guice-4.0-no_aop.jar:na]
	at org.eclipse.sisu.inject.Guice4$1.get(Guice4.java:162) ~[org.eclipse.sisu.inject-0.3.3.jar:na]
	at org.eclipse.sisu.inject.LazyBeanEntry.getValue(LazyBeanEntry.java:81) ~[org.eclipse.sisu.inject-0.3.3.jar:na]
	at org.eclipse.sisu.plexus.LazyPlexusBean.getValue(LazyPlexusBean.java:51) ~[org.eclipse.sisu.plexus-0.3.3.jar:na]
	at org.codehaus.plexus.DefaultPlexusContainer.lookup(DefaultPlexusContainer.java:263) ~[org.eclipse.sisu.plexus-0.3.3.jar:na]
	at org.codehaus.plexus.DefaultPlexusContainer.lookup(DefaultPlexusContainer.java:255) ~[org.eclipse.sisu.plexus-0.3.3.jar:na]
	at org.apache.maven.plugin.internal.DefaultMavenPluginManager.getConfiguredMojo(DefaultMavenPluginManager.java:519) ~[maven-core-3.5.3.jar:3.5.3]
	at org.eclipse.m2e.core.internal.embedder.MavenImpl.getConfiguredMojo(MavenImpl.java:353) ~[na:na]
	at org.sonatype.m2e.mavenarchiver.internal.AbstractMavenArchiverConfigurator.reflectManifestGeneration(AbstractMavenArchiverConfigurator.java:441) ~[na:na]
	at org.sonatype.m2e.mavenarchiver.internal.AbstractMavenArchiverConfigurator.generateManifest(AbstractMavenArchiverConfigurator.java:397) ~[na:na]
	at org.sonatype.m2e.mavenarchiver.internal.AbstractMavenArchiverConfigurator.mavenProjectChanged(AbstractMavenArchiverConfigurator.java:210) ~[na:na]
	at org.sonatype.m2e.mavenarchiver.internal.AbstractMavenArchiverConfigurator$1.build(AbstractMavenArchiverConfigurator.java:145) ~[na:na]
	at org.eclipse.m2e.core.internal.builder.MavenBuilderImpl.build(MavenBuilderImpl.java:137) ~[na:na]
	at org.eclipse.m2e.core.internal.builder.MavenBuilder$1.method(MavenBuilder.java:173) ~[na:na]
	at org.eclipse.m2e.core.internal.builder.MavenBuilder$1.method(MavenBuilder.java:1) ~[na:na]
	at org.eclipse.m2e.core.internal.builder.MavenBuilder$BuildMethod$1$1.call(MavenBuilder.java:116) ~[na:na]
	at org.eclipse.m2e.core.internal.embedder.MavenExecutionContext.executeBare(MavenExecutionContext.java:177) ~[na:na]
	at org.eclipse.m2e.core.internal.embedder.MavenExecutionContext.execute(MavenExecutionContext.java:112) ~[na:na]
	at org.eclipse.m2e.core.internal.builder.MavenBuilder$BuildMethod$1.call(MavenBuilder.java:106) ~[na:na]
	at org.eclipse.m2e.core.internal.embedder.MavenExecutionContext.executeBare(MavenExecutionContext.java:177) ~[na:na]
	at org.eclipse.m2e.core.internal.embedder.MavenExecutionContext.execute(MavenExecutionContext.java:151) ~[na:na]
	at org.eclipse.m2e.core.internal.embedder.MavenExecutionContext.execute(MavenExecutionContext.java:99) ~[na:na]
	at org.eclipse.m2e.core.internal.builder.MavenBuilder$BuildMethod.execute(MavenBuilder.java:87) ~[na:na]
	at org.eclipse.m2e.core.internal.builder.MavenBuilder.build(MavenBuilder.java:201) ~[na:na]
	at org.eclipse.core.internal.events.BuildManager$2.run(BuildManager.java:833) ~[na:na]
	at org.eclipse.core.runtime.SafeRunner.run(SafeRunner.java:45) ~[org.eclipse.equinox.common_3.10.300.v20190218-2100.jar:na]
	at org.eclipse.core.internal.events.BuildManager.basicBuild(BuildManager.java:220) ~[na:na]
	at org.eclipse.core.internal.events.BuildManager.basicBuild(BuildManager.java:263) ~[na:na]
	at org.eclipse.core.internal.events.BuildManager$1.run(BuildManager.java:316) ~[na:na]
	at org.eclipse.core.runtime.SafeRunner.run(SafeRunner.java:45) ~[org.eclipse.equinox.common_3.10.300.v20190218-2100.jar:na]
	at org.eclipse.core.internal.events.BuildManager.basicBuild(BuildManager.java:319) ~[na:na]
	at org.eclipse.core.internal.events.BuildManager.basicBuildLoop(BuildManager.java:371) ~[na:na]
	at org.eclipse.core.internal.events.BuildManager.build(BuildManager.java:392) ~[na:na]
	at org.eclipse.core.internal.events.AutoBuildJob.doBuild(AutoBuildJob.java:154) ~[na:na]
	at org.eclipse.core.internal.events.AutoBuildJob.run(AutoBuildJob.java:244) ~[na:na]
	at org.eclipse.core.internal.jobs.Worker.run(Worker.java:63) ~[org.eclipse.core.jobs_3.10.300.v20190215-2048.jar:na]
Caused by: java.lang.NoClassDefFoundError: Could not initialize class org.apache.maven.plugin.war.util.WebappStructureSerializer
	at org.apache.maven.plugin.war.AbstractWarMojo.<init>(AbstractWarMojo.java:316) ~[maven-war-plugin-2.2.jar:2.2]
	at org.apache.maven.plugin.war.WarMojo.<init>(WarMojo.java:49) ~[maven-war-plugin-2.2.jar:2.2]
	at java.base/jdk.internal.reflect.NativeConstructorAccessorImpl.newInstance0(Native Method) ~[na:na]
	at java.base/jdk.internal.reflect.NativeConstructorAccessorImpl.newInstance(NativeConstructorAccessorImpl.java:77) ~[na:na]
	at java.base/jdk.internal.reflect.DelegatingConstructorAccessorImpl.newInstance(DelegatingConstructorAccessorImpl.java:45) ~[na:na]
	at java.base/java.lang.reflect.Constructor.newInstanceWithCaller(Constructor.java:499) ~[na:na]
	at java.base/java.lang.reflect.Constructor.newInstance(Constructor.java:480) ~[na:na]
	at com.google.inject.internal.DefaultConstructionProxyFactory$1.newInstance(DefaultConstructionProxyFactory.java:86) ~[guice-4.0-no_aop.jar:na]
	at com.google.inject.internal.ConstructorInjector.provision(ConstructorInjector.java:105) ~[guice-4.0-no_aop.jar:na]
	at com.google.inject.internal.ConstructorInjector.access$000(ConstructorInjector.java:32) ~[guice-4.0-no_aop.jar:na]
	at com.google.inject.internal.ConstructorInjector$1.call(ConstructorInjector.java:89) ~[guice-4.0-no_aop.jar:na]
	at com.google.inject.internal.ProvisionListenerStackCallback$Provision.provision(ProvisionListenerStackCallback.java:115) ~[guice-4.0-no_aop.jar:na]
	at com.google.inject.internal.ProvisionListenerStackCallback$Provision.provision(ProvisionListenerStackCallback.java:133) ~[guice-4.0-no_aop.jar:na]
	at com.google.inject.internal.ProvisionListenerStackCallback.provision(ProvisionListenerStackCallback.java:68) ~[guice-4.0-no_aop.jar:na]
	at com.google.inject.internal.ConstructorInjector.construct(ConstructorInjector.java:87) ~[guice-4.0-no_aop.jar:na]
	at com.google.inject.internal.ConstructorBindingImpl$Factory.get(ConstructorBindingImpl.java:267) ~[guice-4.0-no_aop.jar:na]
	at com.google.inject.internal.InjectorImpl$2$1.call(InjectorImpl.java:1016) ~[guice-4.0-no_aop.jar:na]
	at com.google.inject.internal.InjectorImpl.callInContext(InjectorImpl.java:1103) ~[guice-4.0-no_aop.jar:na]
	at com.google.inject.internal.InjectorImpl$2.get(InjectorImpl.java:1012) ~[guice-4.0-no_aop.jar:na]
	... 48 common frames omitted
Caused by: java.lang.ExceptionInInitializerError: Exception java.lang.ExceptionInInitializerError: Cannot access defaults field of Properties [in thread "Worker-29: Creating maven-archetype-webapp"]
	at com.thoughtworks.xstream.converters.collections.PropertiesConverter.<clinit>(PropertiesConverter.java:46) ~[xstream-1.3.1.jar:na]
	at com.thoughtworks.xstream.XStream.setupConverters(XStream.java:647) ~[xstream-1.3.1.jar:na]
	at com.thoughtworks.xstream.XStream.<init>(XStream.java:445) ~[xstream-1.3.1.jar:na]
	at com.thoughtworks.xstream.XStream.<init>(XStream.java:385) ~[xstream-1.3.1.jar:na]
	at com.thoughtworks.xstream.XStream.<init>(XStream.java:342) ~[xstream-1.3.1.jar:na]
	at org.apache.maven.plugin.war.util.WebappStructureSerializer.<clinit>(WebappStructureSerializer.java:47) ~[maven-war-plugin-2.2.jar:2.2]
	at org.apache.maven.plugin.war.AbstractWarMojo.<init>(AbstractWarMojo.java:316) ~[maven-war-plugin-2.2.jar:2.2]
	at org.apache.maven.plugin.war.WarMojo.<init>(WarMojo.java:49) ~[maven-war-plugin-2.2.jar:2.2]
	at java.base/jdk.internal.reflect.NativeConstructorAccessorImpl.newInstance0(Native Method) ~[na:na]
	at java.base/jdk.internal.reflect.NativeConstructorAccessorImpl.newInstance(NativeConstructorAccessorImpl.java:77) ~[na:na]
	at java.base/jdk.internal.reflect.DelegatingConstructorAccessorImpl.newInstance(DelegatingConstructorAccessorImpl.java:45) ~[na:na]
	at java.base/java.lang.reflect.Constructor.newInstanceWithCaller(Constructor.java:499) ~[na:na]
	at java.base/java.lang.reflect.Constructor.newInstance(Constructor.java:480) ~[na:na]
	at com.google.inject.internal.DefaultConstructionProxyFactory$1.newInstance(DefaultConstructionProxyFactory.java:86) ~[guice-4.0-no_aop.jar:na]
	at com.google.inject.internal.ConstructorInjector.provision(ConstructorInjector.java:105) ~[guice-4.0-no_aop.jar:na]
	at com.google.inject.internal.ConstructorInjector.access$000(ConstructorInjector.java:32) ~[guice-4.0-no_aop.jar:na]
	at com.google.inject.internal.ConstructorInjector$1.call(ConstructorInjector.java:89) ~[guice-4.0-no_aop.jar:na]
	at com.google.inject.internal.ProvisionListenerStackCallback$Provision.provision(ProvisionListenerStackCallback.java:115) ~[guice-4.0-no_aop.jar:na]
	at com.google.inject.internal.ProvisionListenerStackCallback$Provision.provision(ProvisionListenerStackCallback.java:133) ~[guice-4.0-no_aop.jar:na]
	at com.google.inject.internal.ProvisionListenerStackCallback.provision(ProvisionListenerStackCallback.java:68) ~[guice-4.0-no_aop.jar:na]
	at com.google.inject.internal.ConstructorInjector.construct(ConstructorInjector.java:87) ~[guice-4.0-no_aop.jar:na]
	at com.google.inject.internal.ConstructorBindingImpl$Factory.get(ConstructorBindingImpl.java:267) ~[guice-4.0-no_aop.jar:na]
	at com.google.inject.internal.InjectorImpl$2$1.call(InjectorImpl.java:1016) ~[guice-4.0-no_aop.jar:na]
	at com.google.inject.internal.InjectorImpl.callInContext(InjectorImpl.java:1103) ~[guice-4.0-no_aop.jar:na]
	at com.google.inject.internal.InjectorImpl$2.get(InjectorImpl.java:1012) ~[guice-4.0-no_aop.jar:na]
	at com.google.inject.internal.InjectorImpl.getInstance(InjectorImpl.java:1051) ~[guice-4.0-no_aop.jar:na]
	at org.eclipse.sisu.space.AbstractDeferredClass.get(AbstractDeferredClass.java:48) ~[org.eclipse.sisu.inject-0.3.3.jar:na]
	at com.google.inject.internal.ProviderInternalFactory.provision(ProviderInternalFactory.java:81) ~[guice-4.0-no_aop.jar:na]
	at com.google.inject.internal.InternalFactoryToInitializableAdapter.provision(InternalFactoryToInitializableAdapter.java:53) ~[guice-4.0-no_aop.jar:na]
	at com.google.inject.internal.ProviderInternalFactory$1.call(ProviderInternalFactory.java:65) ~[guice-4.0-no_aop.jar:na]
	at com.google.inject.internal.ProvisionListenerStackCallback$Provision.provision(ProvisionListenerStackCallback.java:115) ~[guice-4.0-no_aop.jar:na]
	at com.google.inject.internal.ProvisionListenerStackCallback$Provision.provision(ProvisionListenerStackCallback.java:133) ~[guice-4.0-no_aop.jar:na]
	at com.google.inject.internal.ProvisionListenerStackCallback.provision(ProvisionListenerStackCallback.java:68) ~[guice-4.0-no_aop.jar:na]
	at com.google.inject.internal.ProviderInternalFactory.circularGet(ProviderInternalFactory.java:63) ~[guice-4.0-no_aop.jar:na]
	at com.google.inject.internal.InternalFactoryToInitializableAdapter.get(InternalFactoryToInitializableAdapter.java:45) ~[guice-4.0-no_aop.jar:na]
	at com.google.inject.internal.InjectorImpl$2$1.call(InjectorImpl.java:1016) ~[guice-4.0-no_aop.jar:na]
	at com.google.inject.internal.InjectorImpl.callInContext(InjectorImpl.java:1092) ~[guice-4.0-no_aop.jar:na]
	at com.google.inject.internal.InjectorImpl$2.get(InjectorImpl.java:1012) ~[guice-4.0-no_aop.jar:na]
	at org.eclipse.sisu.inject.Guice4$1.get(Guice4.java:162) ~[org.eclipse.sisu.inject-0.3.3.jar:na]
	at org.eclipse.sisu.inject.LazyBeanEntry.getValue(LazyBeanEntry.java:81) ~[org.eclipse.sisu.inject-0.3.3.jar:na]
	at org.eclipse.sisu.plexus.LazyPlexusBean.getValue(LazyPlexusBean.java:51) ~[org.eclipse.sisu.plexus-0.3.3.jar:na]
	at org.codehaus.plexus.DefaultPlexusContainer.lookup(DefaultPlexusContainer.java:263) ~[org.eclipse.sisu.plexus-0.3.3.jar:na]
	at org.codehaus.plexus.DefaultPlexusContainer.lookup(DefaultPlexusContainer.java:255) ~[org.eclipse.sisu.plexus-0.3.3.jar:na]
	at org.apache.maven.plugin.internal.DefaultMavenPluginManager.getConfiguredMojo(DefaultMavenPluginManager.java:519) ~[maven-core-3.5.3.jar:3.5.3]
	at org.eclipse.m2e.core.internal.embedder.MavenImpl.getConfiguredMojo(MavenImpl.java:353) ~[na:na]
	at org.sonatype.m2e.mavenarchiver.internal.AbstractMavenArchiverConfigurator.reflectManifestGeneration(AbstractMavenArchiverConfigurator.java:441) ~[na:na]
	at org.sonatype.m2e.mavenarchiver.internal.AbstractMavenArchiverConfigurator.generateManifest(AbstractMavenArchiverConfigurator.java:397) ~[na:na]
	at org.sonatype.m2e.mavenarchiver.internal.AbstractMavenArchiverConfigurator.mavenProjectChanged(AbstractMavenArchiverConfigurator.java:210) ~[na:na]
	at org.eclipse.m2e.wtp.mavenarchiver.AbstractWTPArchiverConfigurator.mavenProjectChanged(AbstractWTPArchiverConfigurator.java:54) ~[na:na]
	at org.eclipse.m2e.core.internal.project.ProjectConfigurationManager.mavenProjectChanged(ProjectConfigurationManager.java:1037) ~[na:na]
	at org.eclipse.m2e.core.internal.project.registry.ProjectRegistryManager.notifyProjectChangeListeners(ProjectRegistryManager.java:777) ~[na:na]
	at org.eclipse.m2e.core.internal.project.registry.ProjectRegistryManager.applyMutableProjectRegistry(ProjectRegistryManager.java:921) ~[na:na]
	at org.eclipse.m2e.core.internal.project.registry.ProjectRegistryManager.refresh(ProjectRegistryManager.java:298) ~[na:na]
	at org.eclipse.m2e.core.internal.project.ProjectConfigurationManager.configureNewMavenProjects(ProjectConfigurationManager.java:259) ~[na:na]
	at org.eclipse.m2e.core.internal.project.ProjectConfigurationManager$1.call(ProjectConfigurationManager.java:175) ~[na:na]
	at org.eclipse.m2e.core.internal.project.ProjectConfigurationManager$1.call(ProjectConfigurationManager.java:1) ~[na:na]
	at org.eclipse.m2e.core.internal.embedder.MavenExecutionContext.executeBare(MavenExecutionContext.java:177) ~[na:na]
	at org.eclipse.m2e.core.internal.embedder.MavenExecutionContext.execute(MavenExecutionContext.java:112) ~[na:na]
	at org.eclipse.m2e.core.internal.embedder.MavenExecutionContext.execute(MavenExecutionContext.java:99) ~[na:na]
	at org.eclipse.m2e.core.internal.embedder.MavenImpl.execute(MavenImpl.java:1336) ~[na:na]
	at org.eclipse.m2e.core.internal.project.ProjectConfigurationManager.importProjects(ProjectConfigurationManager.java:143) ~[na:na]
	at org.eclipse.m2e.core.internal.project.ProjectConfigurationManager.createArchetypeProjects0(ProjectConfigurationManager.java:863) ~[na:na]
	at org.eclipse.m2e.core.internal.project.ProjectConfigurationManager$5.call(ProjectConfigurationManager.java:792) ~[na:na]
	at org.eclipse.m2e.core.internal.project.ProjectConfigurationManager$5.call(ProjectConfigurationManager.java:1) ~[na:na]
	at org.eclipse.m2e.core.internal.embedder.MavenExecutionContext.executeBare(MavenExecutionContext.java:177) ~[na:na]
	at org.eclipse.m2e.core.internal.embedder.MavenExecutionContext.execute(MavenExecutionContext.java:151) ~[na:na]
	at org.eclipse.m2e.core.internal.embedder.MavenExecutionContext.execute(MavenExecutionContext.java:99) ~[na:na]
	at org.eclipse.m2e.core.internal.embedder.MavenImpl.execute(MavenImpl.java:1336) ~[na:na]
	at org.eclipse.m2e.core.internal.project.ProjectConfigurationManager.createArchetypeProjects(ProjectConfigurationManager.java:790) ~[na:na]
	at org.eclipse.m2e.core.ui.internal.wizards.MavenProjectWizard$5.doCreateMavenProjects(MavenProjectWizard.java:241) ~[org.eclipse.m2e.core.ui_1.11.0.20190220-2119.jar:na]
	at org.eclipse.m2e.core.ui.internal.wizards.AbstractCreateMavenProjectJob$1.doCreateMavenProjects(AbstractCreateMavenProjectJob.java:63) ~[org.eclipse.m2e.core.ui_1.11.0.20190220-2119.jar:na]
	at org.eclipse.m2e.core.ui.internal.wizards.AbstractCreateMavenProjectsOperation.run(AbstractCreateMavenProjectsOperation.java:73) ~[org.eclipse.m2e.core.ui_1.11.0.20190220-2119.jar:na]
	at org.eclipse.m2e.core.ui.internal.wizards.AbstractCreateMavenProjectJob.runInWorkspace(AbstractCreateMavenProjectJob.java:67) ~[org.eclipse.m2e.core.ui_1.11.0.20190220-2119.jar:na]
	at org.eclipse.core.internal.resources.InternalWorkspaceJob.run(InternalWorkspaceJob.java:42) ~[na:na]
	... 1 common frames omitted
2026-05-21 22:42:10,535 [Worker-33: Building workspace] WARN  o.e.m.c.i.embedder.EclipseLogger - Using platform encoding (Cp1252 actually) to copy filtered resources, i.e. build is platform dependent!
2026-05-21 22:42:10,537 [Worker-33: Building workspace] INFO  o.e.m.c.i.embedder.EclipseLogger - Copying 0 resource
2026-05-21 22:42:10,539 [Worker-33: Building workspace] WARN  o.e.m.c.i.embedder.EclipseLogger - Using platform encoding (Cp1252 actually) to copy filtered resources, i.e. build is platform dependent!
2026-05-21 22:42:10,542 [Worker-33: Building workspace] INFO  o.e.m.c.i.embedder.EclipseLogger - skip non existing resourceDirectory D:\Spring\spring-mvc-simple\src\test\resources
2026-05-21 22:42:10,577 [Worker-33: Building workspace] WARN  Sisu - Error injecting: org.apache.maven.plugin.war.WarMojo
com.google.inject.ProvisionException: Unable to provision, see the following errors:

1) Error injecting constructor, java.lang.NoClassDefFoundError: Could not initialize class org.apache.maven.plugin.war.util.WebappStructureSerializer
  at org.apache.maven.plugin.war.WarMojo.<init>(Unknown Source)
  while locating org.apache.maven.plugin.war.WarMojo

1 error
	at com.google.inject.internal.InjectorImpl$2.get(InjectorImpl.java:1025) ~[guice-4.0-no_aop.jar:na]
	at com.google.inject.internal.InjectorImpl.getInstance(InjectorImpl.java:1051) ~[guice-4.0-no_aop.jar:na]
	at org.eclipse.sisu.space.AbstractDeferredClass.get(AbstractDeferredClass.java:48) ~[org.eclipse.sisu.inject-0.3.3.jar:na]
	at com.google.inject.internal.ProviderInternalFactory.provision(ProviderInternalFactory.java:81) ~[guice-4.0-no_aop.jar:na]
	at com.google.inject.internal.InternalFactoryToInitializableAdapter.provision(InternalFactoryToInitializableAdapter.java:53) ~[guice-4.0-no_aop.jar:na]
	at com.google.inject.internal.ProviderInternalFactory$1.call(ProviderInternalFactory.java:65) ~[guice-4.0-no_aop.jar:na]
	at com.google.inject.internal.ProvisionListenerStackCallback$Provision.provision(ProvisionListenerStackCallback.java:115) ~[guice-4.0-no_aop.jar:na]
	at com.google.inject.internal.ProvisionListenerStackCallback$Provision.provision(ProvisionListenerStackCallback.java:133) ~[guice-4.0-no_aop.jar:na]
	at com.google.inject.internal.ProvisionListenerStackCallback.provision(ProvisionListenerStackCallback.java:68) ~[guice-4.0-no_aop.jar:na]
	at com.google.inject.internal.ProviderInternalFactory.circularGet(ProviderInternalFactory.java:63) ~[guice-4.0-no_aop.jar:na]
	at com.google.inject.internal.InternalFactoryToInitializableAdapter.get(InternalFactoryToInitializableAdapter.java:45) ~[guice-4.0-no_aop.jar:na]
	at com.google.inject.internal.InjectorImpl$2$1.call(InjectorImpl.java:1016) ~[guice-4.0-no_aop.jar:na]
	at com.google.inject.internal.InjectorImpl.callInContext(InjectorImpl.java:1092) ~[guice-4.0-no_aop.jar:na]
	at com.google.inject.internal.InjectorImpl$2.get(InjectorImpl.java:1012) ~[guice-4.0-no_aop.jar:na]
	at org.eclipse.sisu.inject.Guice4$1.get(Guice4.java:162) ~[org.eclipse.sisu.inject-0.3.3.jar:na]
	at org.eclipse.sisu.inject.LazyBeanEntry.getValue(LazyBeanEntry.java:81) ~[org.eclipse.sisu.inject-0.3.3.jar:na]
	at org.eclipse.sisu.plexus.LazyPlexusBean.getValue(LazyPlexusBean.java:51) ~[org.eclipse.sisu.plexus-0.3.3.jar:na]
	at org.codehaus.plexus.DefaultPlexusContainer.lookup(DefaultPlexusContainer.java:263) ~[org.eclipse.sisu.plexus-0.3.3.jar:na]
	at org.codehaus.plexus.DefaultPlexusContainer.lookup(DefaultPlexusContainer.java:255) ~[org.eclipse.sisu.plexus-0.3.3.jar:na]
	at org.apache.maven.plugin.internal.DefaultMavenPluginManager.getConfiguredMojo(DefaultMavenPluginManager.java:519) ~[maven-core-3.5.3.jar:3.5.3]
	at org.eclipse.m2e.core.internal.embedder.MavenImpl.getConfiguredMojo(MavenImpl.java:353) ~[na:na]
	at org.sonatype.m2e.mavenarchiver.internal.AbstractMavenArchiverConfigurator.reflectManifestGeneration(AbstractMavenArchiverConfigurator.java:441) ~[na:na]
	at org.sonatype.m2e.mavenarchiver.internal.AbstractMavenArchiverConfigurator.generateManifest(AbstractMavenArchiverConfigurator.java:397) ~[na:na]
	at org.sonatype.m2e.mavenarchiver.internal.AbstractMavenArchiverConfigurator.mavenProjectChanged(AbstractMavenArchiverConfigurator.java:210) ~[na:na]
	at org.sonatype.m2e.mavenarchiver.internal.AbstractMavenArchiverConfigurator$1.build(AbstractMavenArchiverConfigurator.java:145) ~[na:na]
	at org.eclipse.m2e.core.internal.builder.MavenBuilderImpl.build(MavenBuilderImpl.java:137) ~[na:na]
	at org.eclipse.m2e.core.internal.builder.MavenBuilder$1.method(MavenBuilder.java:173) ~[na:na]
	at org.eclipse.m2e.core.internal.builder.MavenBuilder$1.method(MavenBuilder.java:1) ~[na:na]
	at org.eclipse.m2e.core.internal.builder.MavenBuilder$BuildMethod$1$1.call(MavenBuilder.java:116) ~[na:na]
	at org.eclipse.m2e.core.internal.embedder.MavenExecutionContext.executeBare(MavenExecutionContext.java:177) ~[na:na]
	at org.eclipse.m2e.core.internal.embedder.MavenExecutionContext.execute(MavenExecutionContext.java:112) ~[na:na]
	at org.eclipse.m2e.core.internal.builder.MavenBuilder$BuildMethod$1.call(MavenBuilder.java:106) ~[na:na]
	at org.eclipse.m2e.core.internal.embedder.MavenExecutionContext.executeBare(MavenExecutionContext.java:177) ~[na:na]
	at org.eclipse.m2e.core.internal.embedder.MavenExecutionContext.execute(MavenExecutionContext.java:151) ~[na:na]
	at org.eclipse.m2e.core.internal.embedder.MavenExecutionContext.execute(MavenExecutionContext.java:99) ~[na:na]
	at org.eclipse.m2e.core.internal.builder.MavenBuilder$BuildMethod.execute(MavenBuilder.java:87) ~[na:na]
	at org.eclipse.m2e.core.internal.builder.MavenBuilder.build(MavenBuilder.java:201) ~[na:na]
	at org.eclipse.core.internal.events.BuildManager$2.run(BuildManager.java:833) ~[na:na]
	at org.eclipse.core.runtime.SafeRunner.run(SafeRunner.java:45) ~[org.eclipse.equinox.common_3.10.300.v20190218-2100.jar:na]
	at org.eclipse.core.internal.events.BuildManager.basicBuild(BuildManager.java:220) ~[na:na]
	at org.eclipse.core.internal.events.BuildManager.basicBuild(BuildManager.java:263) ~[na:na]
	at org.eclipse.core.internal.events.BuildManager$1.run(BuildManager.java:316) ~[na:na]
	at org.eclipse.core.runtime.SafeRunner.run(SafeRunner.java:45) ~[org.eclipse.equinox.common_3.10.300.v20190218-2100.jar:na]
	at org.eclipse.core.internal.events.BuildManager.basicBuild(BuildManager.java:319) ~[na:na]
	at org.eclipse.core.internal.events.BuildManager.basicBuildLoop(BuildManager.java:371) ~[na:na]
	at org.eclipse.core.internal.events.BuildManager.build(BuildManager.java:392) ~[na:na]
	at org.eclipse.core.internal.events.AutoBuildJob.doBuild(AutoBuildJob.java:154) ~[na:na]
	at org.eclipse.core.internal.events.AutoBuildJob.run(AutoBuildJob.java:244) ~[na:na]
	at org.eclipse.core.internal.jobs.Worker.run(Worker.java:63) ~[org.eclipse.core.jobs_3.10.300.v20190215-2048.jar:na]
Caused by: java.lang.NoClassDefFoundError: Could not initialize class org.apache.maven.plugin.war.util.WebappStructureSerializer
	at org.apache.maven.plugin.war.AbstractWarMojo.<init>(AbstractWarMojo.java:316) ~[maven-war-plugin-2.2.jar:2.2]
	at org.apache.maven.plugin.war.WarMojo.<init>(WarMojo.java:49) ~[maven-war-plugin-2.2.jar:2.2]
	at java.base/jdk.internal.reflect.NativeConstructorAccessorImpl.newInstance0(Native Method) ~[na:na]
	at java.base/jdk.internal.reflect.NativeConstructorAccessorImpl.newInstance(NativeConstructorAccessorImpl.java:77) ~[na:na]
	at java.base/jdk.internal.reflect.DelegatingConstructorAccessorImpl.newInstance(DelegatingConstructorAccessorImpl.java:45) ~[na:na]
	at java.base/java.lang.reflect.Constructor.newInstanceWithCaller(Constructor.java:499) ~[na:na]
	at java.base/java.lang.reflect.Constructor.newInstance(Constructor.java:480) ~[na:na]
	at com.google.inject.internal.DefaultConstructionProxyFactory$1.newInstance(DefaultConstructionProxyFactory.java:86) ~[guice-4.0-no_aop.jar:na]
	at com.google.inject.internal.ConstructorInjector.provision(ConstructorInjector.java:105) ~[guice-4.0-no_aop.jar:na]
	at com.google.inject.internal.ConstructorInjector.access$000(ConstructorInjector.java:32) ~[guice-4.0-no_aop.jar:na]
	at com.google.inject.internal.ConstructorInjector$1.call(ConstructorInjector.java:89) ~[guice-4.0-no_aop.jar:na]
	at com.google.inject.internal.ProvisionListenerStackCallback$Provision.provision(ProvisionListenerStackCallback.java:115) ~[guice-4.0-no_aop.jar:na]
	at com.google.inject.internal.ProvisionListenerStackCallback$Provision.provision(ProvisionListenerStackCallback.java:133) ~[guice-4.0-no_aop.jar:na]
	at com.google.inject.internal.ProvisionListenerStackCallback.provision(ProvisionListenerStackCallback.java:68) ~[guice-4.0-no_aop.jar:na]
	at com.google.inject.internal.ConstructorInjector.construct(ConstructorInjector.java:87) ~[guice-4.0-no_aop.jar:na]
	at com.google.inject.internal.ConstructorBindingImpl$Factory.get(ConstructorBindingImpl.java:267) ~[guice-4.0-no_aop.jar:na]
	at com.google.inject.internal.InjectorImpl$2$1.call(InjectorImpl.java:1016) ~[guice-4.0-no_aop.jar:na]
	at com.google.inject.internal.InjectorImpl.callInContext(InjectorImpl.java:1103) ~[guice-4.0-no_aop.jar:na]
	at com.google.inject.internal.InjectorImpl$2.get(InjectorImpl.java:1012) ~[guice-4.0-no_aop.jar:na]
	... 48 common frames omitted
Caused by: java.lang.ExceptionInInitializerError: Exception java.lang.ExceptionInInitializerError: Cannot access defaults field of Properties [in thread "Worker-29: Creating maven-archetype-webapp"]
	at com.thoughtworks.xstream.converters.collections.PropertiesConverter.<clinit>(PropertiesConverter.java:46) ~[xstream-1.3.1.jar:na]
	at com.thoughtworks.xstream.XStream.setupConverters(XStream.java:647) ~[xstream-1.3.1.jar:na]
	at com.thoughtworks.xstream.XStream.<init>(XStream.java:445) ~[xstream-1.3.1.jar:na]
	at com.thoughtworks.xstream.XStream.<init>(XStream.java:385) ~[xstream-1.3.1.jar:na]
	at com.thoughtworks.xstream.XStream.<init>(XStream.java:342) ~[xstream-1.3.1.jar:na]
	at org.apache.maven.plugin.war.util.WebappStructureSerializer.<clinit>(WebappStructureSerializer.java:47) ~[maven-war-plugin-2.2.jar:2.2]
	at org.apache.maven.plugin.war.AbstractWarMojo.<init>(AbstractWarMojo.java:316) ~[maven-war-plugin-2.2.jar:2.2]
	at org.apache.maven.plugin.war.WarMojo.<init>(WarMojo.java:49) ~[maven-war-plugin-2.2.jar:2.2]
	at java.base/jdk.internal.reflect.NativeConstructorAccessorImpl.newInstance0(Native Method) ~[na:na]
	at java.base/jdk.internal.reflect.NativeConstructorAccessorImpl.newInstance(NativeConstructorAccessorImpl.java:77) ~[na:na]
	at java.base/jdk.internal.reflect.DelegatingConstructorAccessorImpl.newInstance(DelegatingConstructorAccessorImpl.java:45) ~[na:na]
	at java.base/java.lang.reflect.Constructor.newInstanceWithCaller(Constructor.java:499) ~[na:na]
	at java.base/java.lang.reflect.Constructor.newInstance(Constructor.java:480) ~[na:na]
	at com.google.inject.internal.DefaultConstructionProxyFactory$1.newInstance(DefaultConstructionProxyFactory.java:86) ~[guice-4.0-no_aop.jar:na]
	at com.google.inject.internal.ConstructorInjector.provision(ConstructorInjector.java:105) ~[guice-4.0-no_aop.jar:na]
	at com.google.inject.internal.ConstructorInjector.access$000(ConstructorInjector.java:32) ~[guice-4.0-no_aop.jar:na]
	at com.google.inject.internal.ConstructorInjector$1.call(ConstructorInjector.java:89) ~[guice-4.0-no_aop.jar:na]
	at com.google.inject.internal.ProvisionListenerStackCallback$Provision.provision(ProvisionListenerStackCallback.java:115) ~[guice-4.0-no_aop.jar:na]
	at com.google.inject.internal.ProvisionListenerStackCallback$Provision.provision(ProvisionListenerStackCallback.java:133) ~[guice-4.0-no_aop.jar:na]
	at com.google.inject.internal.ProvisionListenerStackCallback.provision(ProvisionListenerStackCallback.java:68) ~[guice-4.0-no_aop.jar:na]
	at com.google.inject.internal.ConstructorInjector.construct(ConstructorInjector.java:87) ~[guice-4.0-no_aop.jar:na]
	at com.google.inject.internal.ConstructorBindingImpl$Factory.get(ConstructorBindingImpl.java:267) ~[guice-4.0-no_aop.jar:na]
	at com.google.inject.internal.InjectorImpl$2$1.call(InjectorImpl.java:1016) ~[guice-4.0-no_aop.jar:na]
	at com.google.inject.internal.InjectorImpl.callInContext(InjectorImpl.java:1103) ~[guice-4.0-no_aop.jar:na]
	at com.google.inject.internal.InjectorImpl$2.get(InjectorImpl.java:1012) ~[guice-4.0-no_aop.jar:na]
	at com.google.inject.internal.InjectorImpl.getInstance(InjectorImpl.java:1051) ~[guice-4.0-no_aop.jar:na]
	at org.eclipse.sisu.space.AbstractDeferredClass.get(AbstractDeferredClass.java:48) ~[org.eclipse.sisu.inject-0.3.3.jar:na]
	at com.google.inject.internal.ProviderInternalFactory.provision(ProviderInternalFactory.java:81) ~[guice-4.0-no_aop.jar:na]
	at com.google.inject.internal.InternalFactoryToInitializableAdapter.provision(InternalFactoryToInitializableAdapter.java:53) ~[guice-4.0-no_aop.jar:na]
	at com.google.inject.internal.ProviderInternalFactory$1.call(ProviderInternalFactory.java:65) ~[guice-4.0-no_aop.jar:na]
	at com.google.inject.internal.ProvisionListenerStackCallback$Provision.provision(ProvisionListenerStackCallback.java:115) ~[guice-4.0-no_aop.jar:na]
	at com.google.inject.internal.ProvisionListenerStackCallback$Provision.provision(ProvisionListenerStackCallback.java:133) ~[guice-4.0-no_aop.jar:na]
	at com.google.inject.internal.ProvisionListenerStackCallback.provision(ProvisionListenerStackCallback.java:68) ~[guice-4.0-no_aop.jar:na]
	at com.google.inject.internal.ProviderInternalFactory.circularGet(ProviderInternalFactory.java:63) ~[guice-4.0-no_aop.jar:na]
	at com.google.inject.internal.InternalFactoryToInitializableAdapter.get(InternalFactoryToInitializableAdapter.java:45) ~[guice-4.0-no_aop.jar:na]
	at com.google.inject.internal.InjectorImpl$2$1.call(InjectorImpl.java:1016) ~[guice-4.0-no_aop.jar:na]
	at com.google.inject.internal.InjectorImpl.callInContext(InjectorImpl.java:1092) ~[guice-4.0-no_aop.jar:na]
	at com.google.inject.internal.InjectorImpl$2.get(InjectorImpl.java:1012) ~[guice-4.0-no_aop.jar:na]
	at org.eclipse.sisu.inject.Guice4$1.get(Guice4.java:162) ~[org.eclipse.sisu.inject-0.3.3.jar:na]
	at org.eclipse.sisu.inject.LazyBeanEntry.getValue(LazyBeanEntry.java:81) ~[org.eclipse.sisu.inject-0.3.3.jar:na]
	at org.eclipse.sisu.plexus.LazyPlexusBean.getValue(LazyPlexusBean.java:51) ~[org.eclipse.sisu.plexus-0.3.3.jar:na]
	at org.codehaus.plexus.DefaultPlexusContainer.lookup(DefaultPlexusContainer.java:263) ~[org.eclipse.sisu.plexus-0.3.3.jar:na]
	at org.codehaus.plexus.DefaultPlexusContainer.lookup(DefaultPlexusContainer.java:255) ~[org.eclipse.sisu.plexus-0.3.3.jar:na]
	at org.apache.maven.plugin.internal.DefaultMavenPluginManager.getConfiguredMojo(DefaultMavenPluginManager.java:519) ~[maven-core-3.5.3.jar:3.5.3]
	at org.eclipse.m2e.core.internal.embedder.MavenImpl.getConfiguredMojo(MavenImpl.java:353) ~[na:na]
	at org.sonatype.m2e.mavenarchiver.internal.AbstractMavenArchiverConfigurator.reflectManifestGeneration(AbstractMavenArchiverConfigurator.java:441) ~[na:na]
	at org.sonatype.m2e.mavenarchiver.internal.AbstractMavenArchiverConfigurator.generateManifest(AbstractMavenArchiverConfigurator.java:397) ~[na:na]
	at org.sonatype.m2e.mavenarchiver.internal.AbstractMavenArchiverConfigurator.mavenProjectChanged(AbstractMavenArchiverConfigurator.java:210) ~[na:na]
	at org.eclipse.m2e.wtp.mavenarchiver.AbstractWTPArchiverConfigurator.mavenProjectChanged(AbstractWTPArchiverConfigurator.java:54) ~[na:na]
	at org.eclipse.m2e.core.internal.project.ProjectConfigurationManager.mavenProjectChanged(ProjectConfigurationManager.java:1037) ~[na:na]
	at org.eclipse.m2e.core.internal.project.registry.ProjectRegistryManager.notifyProjectChangeListeners(ProjectRegistryManager.java:777) ~[na:na]
	at org.eclipse.m2e.core.internal.project.registry.ProjectRegistryManager.applyMutableProjectRegistry(ProjectRegistryManager.java:921) ~[na:na]
	at org.eclipse.m2e.core.internal.project.registry.ProjectRegistryManager.refresh(ProjectRegistryManager.java:298) ~[na:na]
	at org.eclipse.m2e.core.internal.project.ProjectConfigurationManager.configureNewMavenProjects(ProjectConfigurationManager.java:259) ~[na:na]
	at org.eclipse.m2e.core.internal.project.ProjectConfigurationManager$1.call(ProjectConfigurationManager.java:175) ~[na:na]
	at org.eclipse.m2e.core.internal.project.ProjectConfigurationManager$1.call(ProjectConfigurationManager.java:1) ~[na:na]
	at org.eclipse.m2e.core.internal.embedder.MavenExecutionContext.executeBare(MavenExecutionContext.java:177) ~[na:na]
	at org.eclipse.m2e.core.internal.embedder.MavenExecutionContext.execute(MavenExecutionContext.java:112) ~[na:na]
	at org.eclipse.m2e.core.internal.embedder.MavenExecutionContext.execute(MavenExecutionContext.java:99) ~[na:na]
	at org.eclipse.m2e.core.internal.embedder.MavenImpl.execute(MavenImpl.java:1336) ~[na:na]
	at org.eclipse.m2e.core.internal.project.ProjectConfigurationManager.importProjects(ProjectConfigurationManager.java:143) ~[na:na]
	at org.eclipse.m2e.core.internal.project.ProjectConfigurationManager.createArchetypeProjects0(ProjectConfigurationManager.java:863) ~[na:na]
	at org.eclipse.m2e.core.internal.project.ProjectConfigurationManager$5.call(ProjectConfigurationManager.java:792) ~[na:na]
	at org.eclipse.m2e.core.internal.project.ProjectConfigurationManager$5.call(ProjectConfigurationManager.java:1) ~[na:na]
	at org.eclipse.m2e.core.internal.embedder.MavenExecutionContext.executeBare(MavenExecutionContext.java:177) ~[na:na]
	at org.eclipse.m2e.core.internal.embedder.MavenExecutionContext.execute(MavenExecutionContext.java:151) ~[na:na]
	at org.eclipse.m2e.core.internal.embedder.MavenExecutionContext.execute(MavenExecutionContext.java:99) ~[na:na]
	at org.eclipse.m2e.core.internal.embedder.MavenImpl.execute(MavenImpl.java:1336) ~[na:na]
	at org.eclipse.m2e.core.internal.project.ProjectConfigurationManager.createArchetypeProjects(ProjectConfigurationManager.java:790) ~[na:na]
	at org.eclipse.m2e.core.ui.internal.wizards.MavenProjectWizard$5.doCreateMavenProjects(MavenProjectWizard.java:241) ~[org.eclipse.m2e.core.ui_1.11.0.20190220-2119.jar:na]
	at org.eclipse.m2e.core.ui.internal.wizards.AbstractCreateMavenProjectJob$1.doCreateMavenProjects(AbstractCreateMavenProjectJob.java:63) ~[org.eclipse.m2e.core.ui_1.11.0.20190220-2119.jar:na]
	at org.eclipse.m2e.core.ui.internal.wizards.AbstractCreateMavenProjectsOperation.run(AbstractCreateMavenProjectsOperation.java:73) ~[org.eclipse.m2e.core.ui_1.11.0.20190220-2119.jar:na]
	at org.eclipse.m2e.core.ui.internal.wizards.AbstractCreateMavenProjectJob.runInWorkspace(AbstractCreateMavenProjectJob.java:67) ~[org.eclipse.m2e.core.ui_1.11.0.20190220-2119.jar:na]
	at org.eclipse.core.internal.resources.InternalWorkspaceJob.run(InternalWorkspaceJob.java:42) ~[na:na]
	... 1 common frames omitted
2026-05-21 22:43:37,595 [Worker-33: Building workspace] INFO  o.e.m.c.i.l.LifecycleMappingFactory - Using org.maven.ide.eclipse.wtp.WarLifecycleMapping lifecycle mapping for MavenProject: com.rays:spring-mvc-simple:0.0.1-SNAPSHOT @ D:\Spring\spring-mvc-simple\pom.xml.
2026-05-21 22:43:37,965 [Worker-33: Building workspace] INFO  o.e.m.c.i.e.AbstractTransferListenerAdapter - Downloaded https://repo.maven.apache.org/maven2/org/springframework/spring-context/5.0.6.RELEASE/spring-context-5.0.6.RELEASE.pom
2026-05-21 22:43:38,136 [Worker-33: Building workspace] INFO  o.e.m.c.i.e.AbstractTransferListenerAdapter - Downloaded https://repo.maven.apache.org/maven2/org/springframework/spring-aop/5.0.6.RELEASE/spring-aop-5.0.6.RELEASE.pom
2026-05-21 22:43:38,249 [Worker-33: Building workspace] INFO  o.e.m.c.i.e.AbstractTransferListenerAdapter - Downloaded https://repo.maven.apache.org/maven2/org/springframework/spring-beans/5.0.6.RELEASE/spring-beans-5.0.6.RELEASE.pom
2026-05-21 22:43:38,356 [Worker-33: Building workspace] INFO  o.e.m.c.i.e.AbstractTransferListenerAdapter - Downloaded https://repo.maven.apache.org/maven2/org/springframework/spring-core/5.0.6.RELEASE/spring-core-5.0.6.RELEASE.pom
2026-05-21 22:43:38,468 [Worker-33: Building workspace] INFO  o.e.m.c.i.e.AbstractTransferListenerAdapter - Downloaded https://repo.maven.apache.org/maven2/io/projectreactor/reactor-bom/Bismuth-SR9/reactor-bom-Bismuth-SR9.pom
2026-05-21 22:43:38,569 [Worker-33: Building workspace] INFO  o.e.m.c.i.e.AbstractTransferListenerAdapter - Downloaded https://repo.maven.apache.org/maven2/io/netty/netty-bom/4.1.24.Final/netty-bom-4.1.24.Final.pom
2026-05-21 22:43:38,726 [Worker-33: Building workspace] INFO  o.e.m.c.i.e.AbstractTransferListenerAdapter - Downloaded https://repo.maven.apache.org/maven2/org/springframework/spring-jcl/5.0.6.RELEASE/spring-jcl-5.0.6.RELEASE.pom
2026-05-21 22:43:38,831 [Worker-33: Building workspace] INFO  o.e.m.c.i.e.AbstractTransferListenerAdapter - Downloaded https://repo.maven.apache.org/maven2/org/springframework/spring-expression/5.0.6.RELEASE/spring-expression-5.0.6.RELEASE.pom
2026-05-21 22:43:38,952 [Worker-33: Building workspace] INFO  o.e.m.c.i.e.AbstractTransferListenerAdapter - Downloaded https://repo.maven.apache.org/maven2/org/springframework/spring-web/5.0.6.RELEASE/spring-web-5.0.6.RELEASE.pom
2026-05-21 22:43:39,069 [Worker-33: Building workspace] INFO  o.e.m.c.i.e.AbstractTransferListenerAdapter - Downloaded https://repo.maven.apache.org/maven2/org/springframework/spring-webmvc/5.0.6.RELEASE/spring-webmvc-5.0.6.RELEASE.pom
2026-05-21 22:43:39,175 [Worker-33: Building workspace] INFO  o.e.m.c.i.e.AbstractTransferListenerAdapter - Downloaded https://repo.maven.apache.org/maven2/org/springframework/spring-tx/5.0.6.RELEASE/spring-tx-5.0.6.RELEASE.pom
2026-05-21 22:43:39,298 [Worker-33: Building workspace] INFO  o.e.m.c.i.e.AbstractTransferListenerAdapter - Downloaded https://repo.maven.apache.org/maven2/org/springframework/spring-test/5.0.6.RELEASE/spring-test-5.0.6.RELEASE.pom
2026-05-21 22:43:39,419 [Worker-33: Building workspace] INFO  o.e.m.c.i.e.AbstractTransferListenerAdapter - Downloaded https://repo.maven.apache.org/maven2/org/springframework/spring-orm/5.0.6.RELEASE/spring-orm-5.0.6.RELEASE.pom
2026-05-21 22:43:39,535 [Worker-33: Building workspace] INFO  o.e.m.c.i.e.AbstractTransferListenerAdapter - Downloaded https://repo.maven.apache.org/maven2/org/springframework/spring-jdbc/5.0.6.RELEASE/spring-jdbc-5.0.6.RELEASE.pom
2026-05-21 22:43:39,658 [Worker-33: Building workspace] INFO  o.e.m.c.i.e.AbstractTransferListenerAdapter - Downloaded https://repo.maven.apache.org/maven2/org/springframework/spring-context-support/5.0.6.RELEASE/spring-context-support-5.0.6.RELEASE.pom
2026-05-21 22:43:39,873 [Worker-33: Building workspace] INFO  o.e.m.c.i.e.AbstractTransferListenerAdapter - Downloaded https://repo.maven.apache.org/maven2/javax/annotation/javax.annotation-api/1.3.1/javax.annotation-api-1.3.1.pom
2026-05-21 22:43:39,980 [Worker-33: Building workspace] INFO  o.e.m.c.i.e.AbstractTransferListenerAdapter - Downloaded https://repo.maven.apache.org/maven2/org/hibernate/hibernate-core/5.0.12.Final/hibernate-core-5.0.12.Final.pom
2026-05-21 22:43:40,105 [Worker-33: Building workspace] INFO  o.e.m.c.i.e.AbstractTransferListenerAdapter - Downloaded https://repo.maven.apache.org/maven2/org/javassist/javassist/3.18.1-GA/javassist-3.18.1-GA.pom
2026-05-21 22:43:40,227 [Worker-33: Building workspace] INFO  o.e.m.c.i.e.AbstractTransferListenerAdapter - Downloaded https://repo.maven.apache.org/maven2/org/apache/geronimo/specs/geronimo-jta_1.1_spec/1.1.1/geronimo-jta_1.1_spec-1.1.1.pom
2026-05-21 22:43:40,333 [Worker-33: Building workspace] INFO  o.e.m.c.i.e.AbstractTransferListenerAdapter - Downloaded https://repo.maven.apache.org/maven2/org/apache/geronimo/specs/specs/1.4/specs-1.4.pom
2026-05-21 22:43:40,487 [Worker-33: Building workspace] INFO  o.e.m.c.i.e.AbstractTransferListenerAdapter - Downloaded https://repo.maven.apache.org/maven2/org/apache/geronimo/genesis/config/project-config/1.2/project-config-1.2.pom
2026-05-21 22:43:40,592 [Worker-33: Building workspace] INFO  o.e.m.c.i.e.AbstractTransferListenerAdapter - Downloaded https://repo.maven.apache.org/maven2/org/apache/geronimo/genesis/config/config/1.2/config-1.2.pom
2026-05-21 22:43:40,714 [Worker-33: Building workspace] INFO  o.e.m.c.i.e.AbstractTransferListenerAdapter - Downloaded https://repo.maven.apache.org/maven2/org/apache/geronimo/genesis/genesis/1.2/genesis-1.2.pom
2026-05-21 22:43:40,830 [Worker-33: Building workspace] INFO  o.e.m.c.i.e.AbstractTransferListenerAdapter - Downloaded https://repo.maven.apache.org/maven2/org/jboss/jandex/2.0.0.Final/jandex-2.0.0.Final.pom
2026-05-21 22:43:40,946 [Worker-33: Building workspace] INFO  o.e.m.c.i.e.AbstractTransferListenerAdapter - Downloaded https://repo.maven.apache.org/maven2/xml-apis/xml-apis/1.0.b2/xml-apis-1.0.b2.pom
2026-05-21 22:43:41,052 [Worker-33: Building workspace] INFO  o.e.m.c.i.e.AbstractTransferListenerAdapter - Downloaded https://repo.maven.apache.org/maven2/org/hibernate/hibernate-validator/5.0.3.Final/hibernate-validator-5.0.3.Final.pom
2026-05-21 22:43:41,170 [Worker-33: Building workspace] INFO  o.e.m.c.i.e.AbstractTransferListenerAdapter - Downloaded https://repo.maven.apache.org/maven2/org/hibernate/hibernate-validator-parent/5.0.3.Final/hibernate-validator-parent-5.0.3.Final.pom
2026-05-21 22:43:41,295 [Worker-33: Building workspace] INFO  o.e.m.c.i.e.AbstractTransferListenerAdapter - Downloaded https://repo.maven.apache.org/maven2/org/jboss/arquillian/arquillian-bom/1.0.2.Final/arquillian-bom-1.0.2.Final.pom
2026-05-21 22:43:41,398 [Worker-33: Building workspace] INFO  o.e.m.c.i.e.AbstractTransferListenerAdapter - Downloaded https://repo.maven.apache.org/maven2/org/jboss/shrinkwrap/shrinkwrap-bom/1.0.1/shrinkwrap-bom-1.0.1.pom
2026-05-21 22:43:41,513 [Worker-33: Building workspace] INFO  o.e.m.c.i.e.AbstractTransferListenerAdapter - Downloaded https://repo.maven.apache.org/maven2/org/jboss/shrinkwrap/resolver/shrinkwrap-resolver-bom/1.0.0-beta-7/shrinkwrap-resolver-bom-1.0.0-beta-7.pom
2026-05-21 22:43:41,619 [Worker-33: Building workspace] INFO  o.e.m.c.i.e.AbstractTransferListenerAdapter - Downloaded https://repo.maven.apache.org/maven2/org/jboss/shrinkwrap/descriptors/shrinkwrap-descriptors-bom/2.0.0-alpha-3/shrinkwrap-descriptors-bom-2.0.0-alpha-3.pom
2026-05-21 22:43:41,729 [Worker-33: Building workspace] INFO  o.e.m.c.i.e.AbstractTransferListenerAdapter - Downloaded https://repo.maven.apache.org/maven2/org/jboss/logging/jboss-logging/3.1.1.GA/jboss-logging-3.1.1.GA.pom
2026-05-21 22:43:41,843 [Worker-33: Building workspace] INFO  o.e.m.c.i.e.AbstractTransferListenerAdapter - Downloaded https://repo.maven.apache.org/maven2/org/jboss/jboss-parent/7/jboss-parent-7.pom
2026-05-21 22:43:41,951 [Worker-33: Building workspace] INFO  o.e.m.c.i.e.AbstractTransferListenerAdapter - Downloaded https://repo.maven.apache.org/maven2/com/fasterxml/classmate/1.0.0/classmate-1.0.0.pom
2026-05-21 22:43:42,064 [Worker-33: Building workspace] INFO  o.e.m.c.i.e.AbstractTransferListenerAdapter - Downloaded https://repo.maven.apache.org/maven2/com/mchange/c3p0/0.9.5.4/c3p0-0.9.5.4.pom
2026-05-21 22:43:42,162 [Worker-33: Building workspace] INFO  o.e.m.c.i.e.AbstractTransferListenerAdapter - Downloaded https://repo.maven.apache.org/maven2/com/mchange/mchange-commons-java/0.2.15/mchange-commons-java-0.2.15.pom
2026-05-21 22:43:42,264 [Worker-33: Building workspace] INFO  o.e.m.c.i.e.AbstractTransferListenerAdapter - Downloaded https://repo.maven.apache.org/maven2/javax/persistence/persistence-api/1.0.2/persistence-api-1.0.2.pom
2026-05-21 22:43:42,364 [Worker-33: Building workspace] INFO  o.e.m.c.i.e.AbstractTransferListenerAdapter - Downloaded https://repo.maven.apache.org/maven2/javax/mail/javax.mail-api/1.4.7/javax.mail-api-1.4.7.pom
2026-05-21 22:43:42,494 [Worker-33: Building workspace] INFO  o.e.m.c.i.e.AbstractTransferListenerAdapter - Downloaded https://repo.maven.apache.org/maven2/com/sun/mail/javax.mail/1.4.7/javax.mail-1.4.7.pom
2026-05-21 22:43:42,600 [Worker-33: Building workspace] INFO  o.e.m.c.i.e.AbstractTransferListenerAdapter - Downloaded https://repo.maven.apache.org/maven2/taglibs/standard/1.1.2/standard-1.1.2.pom
2026-05-21 22:43:42,700 [Worker-33: Building workspace] INFO  o.e.m.c.i.e.AbstractTransferListenerAdapter - Downloaded https://repo.maven.apache.org/maven2/javax/servlet/jstl/1.2/jstl-1.2.pom
2026-05-21 22:43:42,813 [Worker-33: Building workspace] INFO  o.e.m.c.i.e.AbstractTransferListenerAdapter - Downloaded https://repo.maven.apache.org/maven2/org/apache/tomcat/tomcat-jasper/9.0.12/tomcat-jasper-9.0.12.pom
2026-05-21 22:43:42,914 [Worker-33: Building workspace] INFO  o.e.m.c.i.e.AbstractTransferListenerAdapter - Downloaded https://repo.maven.apache.org/maven2/org/apache/tomcat/tomcat-servlet-api/9.0.12/tomcat-servlet-api-9.0.12.pom
2026-05-21 22:43:43,014 [Worker-33: Building workspace] INFO  o.e.m.c.i.e.AbstractTransferListenerAdapter - Downloaded https://repo.maven.apache.org/maven2/org/apache/tomcat/tomcat-juli/9.0.12/tomcat-juli-9.0.12.pom
2026-05-21 22:43:43,117 [Worker-33: Building workspace] INFO  o.e.m.c.i.e.AbstractTransferListenerAdapter - Downloaded https://repo.maven.apache.org/maven2/org/apache/tomcat/tomcat-jsp-api/9.0.12/tomcat-jsp-api-9.0.12.pom
2026-05-21 22:43:43,235 [Worker-33: Building workspace] INFO  o.e.m.c.i.e.AbstractTransferListenerAdapter - Downloaded https://repo.maven.apache.org/maven2/org/apache/tomcat/tomcat-el-api/9.0.12/tomcat-el-api-9.0.12.pom
2026-05-21 22:43:43,332 [Worker-33: Building workspace] INFO  o.e.m.c.i.e.AbstractTransferListenerAdapter - Downloaded https://repo.maven.apache.org/maven2/org/eclipse/jdt/ecj/3.13.102/ecj-3.13.102.pom
2026-05-21 22:43:43,433 [Worker-33: Building workspace] INFO  o.e.m.c.i.e.AbstractTransferListenerAdapter - Downloaded https://repo.maven.apache.org/maven2/org/apache/tomcat/tomcat-jasper-el/9.0.12/tomcat-jasper-el-9.0.12.pom
2026-05-21 22:43:43,566 [Worker-33: Building workspace] INFO  o.e.m.c.i.e.AbstractTransferListenerAdapter - Downloaded https://repo.maven.apache.org/maven2/org/apache/tomcat/tomcat-api/9.0.12/tomcat-api-9.0.12.pom
2026-05-21 22:43:43,672 [Worker-33: Building workspace] INFO  o.e.m.c.i.e.AbstractTransferListenerAdapter - Downloaded https://repo.maven.apache.org/maven2/org/apache/tomcat/tomcat-util-scan/9.0.12/tomcat-util-scan-9.0.12.pom
2026-05-21 22:43:43,768 [Worker-33: Building workspace] INFO  o.e.m.c.i.e.AbstractTransferListenerAdapter - Downloaded https://repo.maven.apache.org/maven2/org/apache/tomcat/tomcat-util/9.0.12/tomcat-util-9.0.12.pom
2026-05-21 22:43:43,864 [Worker-33: Building workspace] INFO  o.e.m.c.i.e.AbstractTransferListenerAdapter - Downloaded https://repo.maven.apache.org/maven2/org/apache/tiles/tiles-jsp/3.0.5/tiles-jsp-3.0.5.pom
2026-05-21 22:43:43,968 [Worker-33: Building workspace] INFO  o.e.m.c.i.e.AbstractTransferListenerAdapter - Downloaded https://repo.maven.apache.org/maven2/org/apache/tiles/tiles-parent/3.0.5/tiles-parent-3.0.5.pom
2026-05-21 22:43:44,081 [Worker-33: Building workspace] INFO  o.e.m.c.i.e.AbstractTransferListenerAdapter - Downloaded https://repo.maven.apache.org/maven2/org/apache/tiles/tiles-master/6/tiles-master-6.pom
2026-05-21 22:43:44,194 [Worker-33: Building workspace] INFO  o.e.m.c.i.e.AbstractTransferListenerAdapter - Downloaded https://repo.maven.apache.org/maven2/org/apache/tiles/tiles-servlet/3.0.5/tiles-servlet-3.0.5.pom
2026-05-21 22:43:44,303 [Worker-33: Building workspace] INFO  o.e.m.c.i.e.AbstractTransferListenerAdapter - Downloaded https://repo.maven.apache.org/maven2/org/apache/tiles/tiles-core/3.0.5/tiles-core-3.0.5.pom
2026-05-21 22:43:44,411 [Worker-33: Building workspace] INFO  o.e.m.c.i.e.AbstractTransferListenerAdapter - Downloaded https://repo.maven.apache.org/maven2/org/apache/tiles/tiles-api/3.0.5/tiles-api-3.0.5.pom
2026-05-21 22:43:44,517 [Worker-33: Building workspace] INFO  o.e.m.c.i.e.AbstractTransferListenerAdapter - Downloaded https://repo.maven.apache.org/maven2/org/slf4j/slf4j-api/1.7.6/slf4j-api-1.7.6.pom
2026-05-21 22:43:44,615 [Worker-33: Building workspace] INFO  o.e.m.c.i.e.AbstractTransferListenerAdapter - Downloaded https://repo.maven.apache.org/maven2/org/slf4j/slf4j-parent/1.7.6/slf4j-parent-1.7.6.pom
2026-05-21 22:43:44,720 [Worker-33: Building workspace] INFO  o.e.m.c.i.e.AbstractTransferListenerAdapter - Downloaded https://repo.maven.apache.org/maven2/org/apache/tiles/tiles-request-api/1.0.6/tiles-request-api-1.0.6.pom
2026-05-21 22:43:44,831 [Worker-33: Building workspace] INFO  o.e.m.c.i.e.AbstractTransferListenerAdapter - Downloaded https://repo.maven.apache.org/maven2/org/apache/tiles/tiles-request/1.0.6/tiles-request-1.0.6.pom
2026-05-21 22:43:44,945 [Worker-33: Building workspace] INFO  o.e.m.c.i.e.AbstractTransferListenerAdapter - Downloaded https://repo.maven.apache.org/maven2/commons-digester/commons-digester/2.0/commons-digester-2.0.pom
2026-05-21 22:43:45,048 [Worker-33: Building workspace] INFO  o.e.m.c.i.e.AbstractTransferListenerAdapter - Downloaded https://repo.maven.apache.org/maven2/org/apache/commons/commons-parent/11/commons-parent-11.pom
2026-05-21 22:43:45,154 [Worker-33: Building workspace] INFO  o.e.m.c.i.e.AbstractTransferListenerAdapter - Downloaded https://repo.maven.apache.org/maven2/commons-beanutils/commons-beanutils/1.8.0/commons-beanutils-1.8.0.pom
2026-05-21 22:43:45,257 [Worker-33: Building workspace] INFO  o.e.m.c.i.e.AbstractTransferListenerAdapter - Downloaded https://repo.maven.apache.org/maven2/org/slf4j/jcl-over-slf4j/1.7.6/jcl-over-slf4j-1.7.6.pom
2026-05-21 22:43:45,361 [Worker-33: Building workspace] INFO  o.e.m.c.i.e.AbstractTransferListenerAdapter - Downloaded https://repo.maven.apache.org/maven2/org/apache/tiles/tiles-request-servlet/1.0.6/tiles-request-servlet-1.0.6.pom
2026-05-21 22:43:45,479 [Worker-33: Building workspace] INFO  o.e.m.c.i.e.AbstractTransferListenerAdapter - Downloaded https://repo.maven.apache.org/maven2/org/apache/tiles/tiles-template/3.0.5/tiles-template-3.0.5.pom
2026-05-21 22:43:45,586 [Worker-33: Building workspace] INFO  o.e.m.c.i.e.AbstractTransferListenerAdapter - Downloaded https://repo.maven.apache.org/maven2/org/apache/tiles/tiles-autotag-core-runtime/1.1.0/tiles-autotag-core-runtime-1.1.0.pom
2026-05-21 22:43:45,688 [Worker-33: Building workspace] INFO  o.e.m.c.i.e.AbstractTransferListenerAdapter - Downloaded https://repo.maven.apache.org/maven2/org/apache/tiles/tiles-autotag/1.1.0/tiles-autotag-1.1.0.pom
2026-05-21 22:43:45,785 [Worker-33: Building workspace] INFO  o.e.m.c.i.e.AbstractTransferListenerAdapter - Downloaded https://repo.maven.apache.org/maven2/org/apache/tiles/tiles-master/4/tiles-master-4.pom
2026-05-21 22:43:45,881 [Worker-33: Building workspace] INFO  o.e.m.c.i.e.AbstractTransferListenerAdapter - Downloaded https://repo.maven.apache.org/maven2/org/apache/tiles/tiles-request-jsp/1.0.6/tiles-request-jsp-1.0.6.pom
2026-05-21 22:43:45,985 [Worker-33: Building workspace] INFO  o.e.m.c.i.e.AbstractTransferListenerAdapter - Downloaded https://repo.maven.apache.org/maven2/org/apache/tiles/tiles-el/3.0.5/tiles-el-3.0.5.pom
2026-05-21 22:43:46,125 [Worker-33: Building workspace] INFO  o.e.m.c.i.e.AbstractTransferListenerAdapter - Downloaded https://repo.maven.apache.org/maven2/org/slf4j/slf4j-api/1.6.4/slf4j-api-1.6.4.pom
2026-05-21 22:43:46,225 [Worker-33: Building workspace] INFO  o.e.m.c.i.e.AbstractTransferListenerAdapter - Downloaded https://repo.maven.apache.org/maven2/org/slf4j/slf4j-parent/1.6.4/slf4j-parent-1.6.4.pom
2026-05-21 22:43:46,324 [Worker-33: Building workspace] INFO  o.e.m.c.i.e.AbstractTransferListenerAdapter - Downloaded https://repo.maven.apache.org/maven2/org/slf4j/slf4j-log4j12/1.7.32/slf4j-log4j12-1.7.32.pom
2026-05-21 22:43:46,439 [Worker-33: Building workspace] INFO  o.e.m.c.i.e.AbstractTransferListenerAdapter - Downloaded https://repo.maven.apache.org/maven2/org/slf4j/slf4j-parent/1.7.32/slf4j-parent-1.7.32.pom
2026-05-21 22:43:46,537 [Worker-33: Building workspace] INFO  o.e.m.c.i.e.AbstractTransferListenerAdapter - Downloaded https://repo.maven.apache.org/maven2/org/slf4j/slf4j-api/1.7.32/slf4j-api-1.7.32.pom
2026-05-21 22:43:46,638 [Worker-33: Building workspace] INFO  o.e.m.c.i.e.AbstractTransferListenerAdapter - Downloading https://repo.maven.apache.org/maven2/org/springframework/spring-context/5.0.6.RELEASE/spring-context-5.0.6.RELEASE.jar
2026-05-21 22:43:46,806 [Worker-33: Building workspace] INFO  o.e.m.c.i.e.AbstractTransferListenerAdapter - Downloaded https://repo.maven.apache.org/maven2/org/springframework/spring-context/5.0.6.RELEASE/spring-context-5.0.6.RELEASE.jar
2026-05-21 22:43:46,848 [Worker-33: Building workspace] INFO  o.e.m.c.i.e.AbstractTransferListenerAdapter - Downloading https://repo.maven.apache.org/maven2/org/springframework/spring-core/5.0.6.RELEASE/spring-core-5.0.6.RELEASE.jar
2026-05-21 22:43:46,988 [Worker-33: Building workspace] INFO  o.e.m.c.i.e.AbstractTransferListenerAdapter - Downloaded https://repo.maven.apache.org/maven2/org/springframework/spring-core/5.0.6.RELEASE/spring-core-5.0.6.RELEASE.jar
2026-05-21 22:43:47,033 [Worker-33: Building workspace] INFO  o.e.m.c.i.e.AbstractTransferListenerAdapter - Downloading https://repo.maven.apache.org/maven2/org/springframework/spring-jcl/5.0.6.RELEASE/spring-jcl-5.0.6.RELEASE.jar
2026-05-21 22:43:47,108 [Worker-33: Building workspace] INFO  o.e.m.c.i.e.AbstractTransferListenerAdapter - Downloaded https://repo.maven.apache.org/maven2/org/springframework/spring-jcl/5.0.6.RELEASE/spring-jcl-5.0.6.RELEASE.jar
2026-05-21 22:43:47,152 [Worker-33: Building workspace] INFO  o.e.m.c.i.e.AbstractTransferListenerAdapter - Downloading https://repo.maven.apache.org/maven2/org/springframework/spring-beans/5.0.6.RELEASE/spring-beans-5.0.6.RELEASE.jar
2026-05-21 22:43:47,236 [Worker-33: Building workspace] INFO  o.e.m.c.i.e.AbstractTransferListenerAdapter - Downloaded https://repo.maven.apache.org/maven2/org/springframework/spring-beans/5.0.6.RELEASE/spring-beans-5.0.6.RELEASE.jar
2026-05-21 22:43:47,284 [Worker-33: Building workspace] INFO  o.e.m.c.i.e.AbstractTransferListenerAdapter - Downloading https://repo.maven.apache.org/maven2/org/springframework/spring-web/5.0.6.RELEASE/spring-web-5.0.6.RELEASE.jar
2026-05-21 22:43:47,396 [Worker-33: Building workspace] INFO  o.e.m.c.i.e.AbstractTransferListenerAdapter - Downloaded https://repo.maven.apache.org/maven2/org/springframework/spring-web/5.0.6.RELEASE/spring-web-5.0.6.RELEASE.jar
2026-05-21 22:43:47,434 [Worker-33: Building workspace] INFO  o.e.m.c.i.e.AbstractTransferListenerAdapter - Downloading https://repo.maven.apache.org/maven2/org/springframework/spring-webmvc/5.0.6.RELEASE/spring-webmvc-5.0.6.RELEASE.jar
2026-05-21 22:43:47,526 [Worker-33: Building workspace] INFO  o.e.m.c.i.e.AbstractTransferListenerAdapter - Downloaded https://repo.maven.apache.org/maven2/org/springframework/spring-webmvc/5.0.6.RELEASE/spring-webmvc-5.0.6.RELEASE.jar
2026-05-21 22:43:47,570 [Worker-33: Building workspace] INFO  o.e.m.c.i.e.AbstractTransferListenerAdapter - Downloading https://repo.maven.apache.org/maven2/org/springframework/spring-expression/5.0.6.RELEASE/spring-expression-5.0.6.RELEASE.jar
2026-05-21 22:43:47,632 [Worker-33: Building workspace] INFO  o.e.m.c.i.e.AbstractTransferListenerAdapter - Downloaded https://repo.maven.apache.org/maven2/org/springframework/spring-expression/5.0.6.RELEASE/spring-expression-5.0.6.RELEASE.jar
2026-05-21 22:43:47,677 [Worker-33: Building workspace] INFO  o.e.m.c.i.e.AbstractTransferListenerAdapter - Downloading https://repo.maven.apache.org/maven2/org/springframework/spring-aop/5.0.6.RELEASE/spring-aop-5.0.6.RELEASE.jar
2026-05-21 22:43:47,739 [Worker-33: Building workspace] INFO  o.e.m.c.i.e.AbstractTransferListenerAdapter - Downloaded https://repo.maven.apache.org/maven2/org/springframework/spring-aop/5.0.6.RELEASE/spring-aop-5.0.6.RELEASE.jar
2026-05-21 22:43:47,779 [Worker-33: Building workspace] INFO  o.e.m.c.i.e.AbstractTransferListenerAdapter - Downloading https://repo.maven.apache.org/maven2/org/springframework/spring-tx/5.0.6.RELEASE/spring-tx-5.0.6.RELEASE.jar
2026-05-21 22:43:47,835 [Worker-33: Building workspace] INFO  o.e.m.c.i.e.AbstractTransferListenerAdapter - Downloaded https://repo.maven.apache.org/maven2/org/springframework/spring-tx/5.0.6.RELEASE/spring-tx-5.0.6.RELEASE.jar
2026-05-21 22:43:47,976 [Worker-33: Building workspace] INFO  o.e.m.c.i.e.AbstractTransferListenerAdapter - Downloading https://repo.maven.apache.org/maven2/org/springframework/spring-test/5.0.6.RELEASE/spring-test-5.0.6.RELEASE.jar
2026-05-21 22:43:50,344 [Worker-33: Building workspace] INFO  o.e.m.c.i.e.AbstractTransferListenerAdapter - Downloaded https://repo.maven.apache.org/maven2/org/springframework/spring-test/5.0.6.RELEASE/spring-test-5.0.6.RELEASE.jar
2026-05-21 22:43:50,390 [Worker-33: Building workspace] INFO  o.e.m.c.i.e.AbstractTransferListenerAdapter - Downloading https://repo.maven.apache.org/maven2/org/springframework/spring-orm/5.0.6.RELEASE/spring-orm-5.0.6.RELEASE.jar
2026-05-21 22:43:50,439 [Worker-33: Building workspace] INFO  o.e.m.c.i.e.AbstractTransferListenerAdapter - Downloaded https://repo.maven.apache.org/maven2/org/springframework/spring-orm/5.0.6.RELEASE/spring-orm-5.0.6.RELEASE.jar
2026-05-21 22:43:50,479 [Worker-33: Building workspace] INFO  o.e.m.c.i.e.AbstractTransferListenerAdapter - Downloading https://repo.maven.apache.org/maven2/org/springframework/spring-jdbc/5.0.6.RELEASE/spring-jdbc-5.0.6.RELEASE.jar
2026-05-21 22:43:50,544 [Worker-33: Building workspace] INFO  o.e.m.c.i.e.AbstractTransferListenerAdapter - Downloaded https://repo.maven.apache.org/maven2/org/springframework/spring-jdbc/5.0.6.RELEASE/spring-jdbc-5.0.6.RELEASE.jar
2026-05-21 22:43:50,588 [Worker-33: Building workspace] INFO  o.e.m.c.i.e.AbstractTransferListenerAdapter - Downloading https://repo.maven.apache.org/maven2/org/springframework/spring-context-support/5.0.6.RELEASE/spring-context-support-5.0.6.RELEASE.jar
2026-05-21 22:43:50,730 [Worker-33: Building workspace] INFO  o.e.m.c.i.e.AbstractTransferListenerAdapter - Downloaded https://repo.maven.apache.org/maven2/org/springframework/spring-context-support/5.0.6.RELEASE/spring-context-support-5.0.6.RELEASE.jar
2026-05-21 22:43:50,772 [Worker-33: Building workspace] INFO  o.e.m.c.i.e.AbstractTransferListenerAdapter - Downloading https://repo.maven.apache.org/maven2/javax/annotation/javax.annotation-api/1.3.1/javax.annotation-api-1.3.1.jar
2026-05-21 22:43:50,819 [Worker-33: Building workspace] INFO  o.e.m.c.i.e.AbstractTransferListenerAdapter - Downloaded https://repo.maven.apache.org/maven2/javax/annotation/javax.annotation-api/1.3.1/javax.annotation-api-1.3.1.jar
2026-05-21 22:43:50,857 [Worker-33: Building workspace] INFO  o.e.m.c.i.e.AbstractTransferListenerAdapter - Downloading https://repo.maven.apache.org/maven2/org/hibernate/hibernate-core/5.0.12.Final/hibernate-core-5.0.12.Final.jar
2026-05-21 22:43:51,518 [Worker-33: Building workspace] INFO  o.e.m.c.i.e.AbstractTransferListenerAdapter - Downloaded https://repo.maven.apache.org/maven2/org/hibernate/hibernate-core/5.0.12.Final/hibernate-core-5.0.12.Final.jar
2026-05-21 22:43:51,558 [Worker-33: Building workspace] INFO  o.e.m.c.i.e.AbstractTransferListenerAdapter - Downloading https://repo.maven.apache.org/maven2/org/javassist/javassist/3.18.1-GA/javassist-3.18.1-GA.jar
2026-05-21 22:43:51,767 [Worker-33: Building workspace] INFO  o.e.m.c.i.e.AbstractTransferListenerAdapter - Downloaded https://repo.maven.apache.org/maven2/org/javassist/javassist/3.18.1-GA/javassist-3.18.1-GA.jar
2026-05-21 22:43:51,805 [Worker-33: Building workspace] INFO  o.e.m.c.i.e.AbstractTransferListenerAdapter - Downloading https://repo.maven.apache.org/maven2/org/apache/geronimo/specs/geronimo-jta_1.1_spec/1.1.1/geronimo-jta_1.1_spec-1.1.1.jar
2026-05-21 22:43:51,856 [Worker-33: Building workspace] INFO  o.e.m.c.i.e.AbstractTransferListenerAdapter - Downloaded https://repo.maven.apache.org/maven2/org/apache/geronimo/specs/geronimo-jta_1.1_spec/1.1.1/geronimo-jta_1.1_spec-1.1.1.jar
2026-05-21 22:43:51,898 [Worker-33: Building workspace] INFO  o.e.m.c.i.e.AbstractTransferListenerAdapter - Downloading https://repo.maven.apache.org/maven2/org/jboss/jandex/2.0.0.Final/jandex-2.0.0.Final.jar
2026-05-21 22:43:51,969 [Worker-33: Building workspace] INFO  o.e.m.c.i.e.AbstractTransferListenerAdapter - Downloaded https://repo.maven.apache.org/maven2/org/jboss/jandex/2.0.0.Final/jandex-2.0.0.Final.jar
2026-05-21 22:43:52,007 [Worker-33: Building workspace] INFO  o.e.m.c.i.e.AbstractTransferListenerAdapter - Downloading https://repo.maven.apache.org/maven2/xml-apis/xml-apis/1.0.b2/xml-apis-1.0.b2.jar
2026-05-21 22:43:52,078 [Worker-33: Building workspace] INFO  o.e.m.c.i.e.AbstractTransferListenerAdapter - Downloaded https://repo.maven.apache.org/maven2/xml-apis/xml-apis/1.0.b2/xml-apis-1.0.b2.jar
2026-05-21 22:43:52,116 [Worker-33: Building workspace] INFO  o.e.m.c.i.e.AbstractTransferListenerAdapter - Downloading https://repo.maven.apache.org/maven2/org/hibernate/hibernate-validator/5.0.3.Final/hibernate-validator-5.0.3.Final.jar
2026-05-21 22:43:52,517 [Worker-33: Building workspace] INFO  o.e.m.c.i.e.AbstractTransferListenerAdapter - Downloaded https://repo.maven.apache.org/maven2/org/hibernate/hibernate-validator/5.0.3.Final/hibernate-validator-5.0.3.Final.jar
2026-05-21 22:43:52,562 [Worker-33: Building workspace] INFO  o.e.m.c.i.e.AbstractTransferListenerAdapter - Downloading https://repo.maven.apache.org/maven2/com/fasterxml/classmate/1.0.0/classmate-1.0.0.jar
2026-05-21 22:43:52,610 [Worker-33: Building workspace] INFO  o.e.m.c.i.e.AbstractTransferListenerAdapter - Downloaded https://repo.maven.apache.org/maven2/com/fasterxml/classmate/1.0.0/classmate-1.0.0.jar
2026-05-21 22:43:52,647 [Worker-33: Building workspace] INFO  o.e.m.c.i.e.AbstractTransferListenerAdapter - Downloading https://repo.maven.apache.org/maven2/com/mchange/c3p0/0.9.5.4/c3p0-0.9.5.4.jar
2026-05-21 22:43:52,746 [Worker-33: Building workspace] INFO  o.e.m.c.i.e.AbstractTransferListenerAdapter - Downloaded https://repo.maven.apache.org/maven2/com/mchange/c3p0/0.9.5.4/c3p0-0.9.5.4.jar
2026-05-21 22:43:52,786 [Worker-33: Building workspace] INFO  o.e.m.c.i.e.AbstractTransferListenerAdapter - Downloading https://repo.maven.apache.org/maven2/com/mchange/mchange-commons-java/0.2.15/mchange-commons-java-0.2.15.jar
2026-05-21 22:43:52,890 [Worker-33: Building workspace] INFO  o.e.m.c.i.e.AbstractTransferListenerAdapter - Downloaded https://repo.maven.apache.org/maven2/com/mchange/mchange-commons-java/0.2.15/mchange-commons-java-0.2.15.jar
2026-05-21 22:43:52,927 [Worker-33: Building workspace] INFO  o.e.m.c.i.e.AbstractTransferListenerAdapter - Downloading https://repo.maven.apache.org/maven2/javax/persistence/persistence-api/1.0.2/persistence-api-1.0.2.jar
2026-05-21 22:43:52,982 [Worker-33: Building workspace] INFO  o.e.m.c.i.e.AbstractTransferListenerAdapter - Downloaded https://repo.maven.apache.org/maven2/javax/persistence/persistence-api/1.0.2/persistence-api-1.0.2.jar
2026-05-21 22:43:53,026 [Worker-33: Building workspace] INFO  o.e.m.c.i.e.AbstractTransferListenerAdapter - Downloading https://repo.maven.apache.org/maven2/javax/mail/javax.mail-api/1.4.7/javax.mail-api-1.4.7.jar
2026-05-21 22:43:53,182 [Worker-33: Building workspace] INFO  o.e.m.c.i.e.AbstractTransferListenerAdapter - Downloaded https://repo.maven.apache.org/maven2/javax/mail/javax.mail-api/1.4.7/javax.mail-api-1.4.7.jar
2026-05-21 22:43:53,223 [Worker-33: Building workspace] INFO  o.e.m.c.i.e.AbstractTransferListenerAdapter - Downloading https://repo.maven.apache.org/maven2/com/sun/mail/javax.mail/1.4.7/javax.mail-1.4.7.jar
2026-05-21 22:43:53,747 [Worker-33: Building workspace] INFO  o.e.m.c.i.e.AbstractTransferListenerAdapter - Downloaded https://repo.maven.apache.org/maven2/com/sun/mail/javax.mail/1.4.7/javax.mail-1.4.7.jar
2026-05-21 22:43:53,787 [Worker-33: Building workspace] INFO  o.e.m.c.i.e.AbstractTransferListenerAdapter - Downloading https://repo.maven.apache.org/maven2/taglibs/standard/1.1.2/standard-1.1.2.jar
2026-05-21 22:43:53,910 [Worker-33: Building workspace] INFO  o.e.m.c.i.e.AbstractTransferListenerAdapter - Downloaded https://repo.maven.apache.org/maven2/taglibs/standard/1.1.2/standard-1.1.2.jar
2026-05-21 22:43:53,953 [Worker-33: Building workspace] INFO  o.e.m.c.i.e.AbstractTransferListenerAdapter - Downloading https://repo.maven.apache.org/maven2/javax/servlet/jstl/1.2/jstl-1.2.jar
2026-05-21 22:43:54,031 [Worker-33: Building workspace] INFO  o.e.m.c.i.e.AbstractTransferListenerAdapter - Downloaded https://repo.maven.apache.org/maven2/javax/servlet/jstl/1.2/jstl-1.2.jar
2026-05-21 22:43:54,358 [Worker-33: Building workspace] INFO  o.e.m.c.i.e.AbstractTransferListenerAdapter - Downloading https://repo.maven.apache.org/maven2/org/apache/tomcat/tomcat-jasper/9.0.12/tomcat-jasper-9.0.12.jar
2026-05-21 22:43:59,992 [Worker-33: Building workspace] INFO  o.e.m.c.i.e.AbstractTransferListenerAdapter - Downloaded https://repo.maven.apache.org/maven2/org/apache/tomcat/tomcat-jasper/9.0.12/tomcat-jasper-9.0.12.jar
2026-05-21 22:44:00,039 [Worker-33: Building workspace] INFO  o.e.m.c.i.e.AbstractTransferListenerAdapter - Downloading https://repo.maven.apache.org/maven2/org/apache/tomcat/tomcat-servlet-api/9.0.12/tomcat-servlet-api-9.0.12.jar
2026-05-21 22:44:00,539 [Worker-33: Building workspace] INFO  o.e.m.c.i.e.AbstractTransferListenerAdapter - Downloaded https://repo.maven.apache.org/maven2/org/apache/tomcat/tomcat-servlet-api/9.0.12/tomcat-servlet-api-9.0.12.jar
2026-05-21 22:44:00,580 [Worker-33: Building workspace] INFO  o.e.m.c.i.e.AbstractTransferListenerAdapter - Downloading https://repo.maven.apache.org/maven2/org/apache/tomcat/tomcat-juli/9.0.12/tomcat-juli-9.0.12.jar
2026-05-21 22:44:00,675 [Worker-33: Building workspace] INFO  o.e.m.c.i.e.AbstractTransferListenerAdapter - Downloaded https://repo.maven.apache.org/maven2/org/apache/tomcat/tomcat-juli/9.0.12/tomcat-juli-9.0.12.jar
2026-05-21 22:44:00,717 [Worker-33: Building workspace] INFO  o.e.m.c.i.e.AbstractTransferListenerAdapter - Downloading https://repo.maven.apache.org/maven2/org/apache/tomcat/tomcat-jsp-api/9.0.12/tomcat-jsp-api-9.0.12.jar
2026-05-21 22:44:00,820 [Worker-33: Building workspace] INFO  o.e.m.c.i.e.AbstractTransferListenerAdapter - Downloaded https://repo.maven.apache.org/maven2/org/apache/tomcat/tomcat-jsp-api/9.0.12/tomcat-jsp-api-9.0.12.jar
2026-05-21 22:44:00,864 [Worker-33: Building workspace] INFO  o.e.m.c.i.e.AbstractTransferListenerAdapter - Downloading https://repo.maven.apache.org/maven2/org/apache/tomcat/tomcat-el-api/9.0.12/tomcat-el-api-9.0.12.jar
2026-05-21 22:44:00,981 [Worker-33: Building workspace] INFO  o.e.m.c.i.e.AbstractTransferListenerAdapter - Downloaded https://repo.maven.apache.org/maven2/org/apache/tomcat/tomcat-el-api/9.0.12/tomcat-el-api-9.0.12.jar
2026-05-21 22:44:01,021 [Worker-33: Building workspace] INFO  o.e.m.c.i.e.AbstractTransferListenerAdapter - Downloading https://repo.maven.apache.org/maven2/org/eclipse/jdt/ecj/3.13.102/ecj-3.13.102.jar
2026-05-21 22:44:02,132 [Worker-33: Building workspace] INFO  o.e.m.c.i.e.AbstractTransferListenerAdapter - Downloaded https://repo.maven.apache.org/maven2/org/eclipse/jdt/ecj/3.13.102/ecj-3.13.102.jar
2026-05-21 22:44:02,178 [Worker-33: Building workspace] INFO  o.e.m.c.i.e.AbstractTransferListenerAdapter - Downloading https://repo.maven.apache.org/maven2/org/apache/tomcat/tomcat-jasper-el/9.0.12/tomcat-jasper-el-9.0.12.jar
2026-05-21 22:44:02,251 [Worker-33: Building workspace] INFO  o.e.m.c.i.e.AbstractTransferListenerAdapter - Downloaded https://repo.maven.apache.org/maven2/org/apache/tomcat/tomcat-jasper-el/9.0.12/tomcat-jasper-el-9.0.12.jar
2026-05-21 22:44:02,295 [Worker-33: Building workspace] INFO  o.e.m.c.i.e.AbstractTransferListenerAdapter - Downloading https://repo.maven.apache.org/maven2/org/apache/tomcat/tomcat-api/9.0.12/tomcat-api-9.0.12.jar
2026-05-21 22:44:02,388 [Worker-33: Building workspace] INFO  o.e.m.c.i.e.AbstractTransferListenerAdapter - Downloaded https://repo.maven.apache.org/maven2/org/apache/tomcat/tomcat-api/9.0.12/tomcat-api-9.0.12.jar
2026-05-21 22:44:02,469 [Worker-33: Building workspace] INFO  o.e.m.c.i.e.AbstractTransferListenerAdapter - Downloading https://repo.maven.apache.org/maven2/org/apache/tomcat/tomcat-util-scan/9.0.12/tomcat-util-scan-9.0.12.jar
2026-05-21 22:44:02,553 [Worker-33: Building workspace] INFO  o.e.m.c.i.e.AbstractTransferListenerAdapter - Downloaded https://repo.maven.apache.org/maven2/org/apache/tomcat/tomcat-util-scan/9.0.12/tomcat-util-scan-9.0.12.jar
2026-05-21 22:44:02,598 [Worker-33: Building workspace] INFO  o.e.m.c.i.e.AbstractTransferListenerAdapter - Downloading https://repo.maven.apache.org/maven2/org/apache/tomcat/tomcat-util/9.0.12/tomcat-util-9.0.12.jar
2026-05-21 22:44:02,669 [Worker-33: Building workspace] INFO  o.e.m.c.i.e.AbstractTransferListenerAdapter - Downloaded https://repo.maven.apache.org/maven2/org/apache/tomcat/tomcat-util/9.0.12/tomcat-util-9.0.12.jar
2026-05-21 22:44:02,714 [Worker-33: Building workspace] INFO  o.e.m.c.i.e.AbstractTransferListenerAdapter - Downloading https://repo.maven.apache.org/maven2/org/apache/tiles/tiles-jsp/3.0.5/tiles-jsp-3.0.5.jar
2026-05-21 22:44:02,771 [Worker-33: Building workspace] INFO  o.e.m.c.i.e.AbstractTransferListenerAdapter - Downloaded https://repo.maven.apache.org/maven2/org/apache/tiles/tiles-jsp/3.0.5/tiles-jsp-3.0.5.jar
2026-05-21 22:44:02,815 [Worker-33: Building workspace] INFO  o.e.m.c.i.e.AbstractTransferListenerAdapter - Downloading https://repo.maven.apache.org/maven2/org/apache/tiles/tiles-template/3.0.5/tiles-template-3.0.5.jar
2026-05-21 22:44:02,868 [Worker-33: Building workspace] INFO  o.e.m.c.i.e.AbstractTransferListenerAdapter - Downloaded https://repo.maven.apache.org/maven2/org/apache/tiles/tiles-template/3.0.5/tiles-template-3.0.5.jar
2026-05-21 22:44:02,911 [Worker-33: Building workspace] INFO  o.e.m.c.i.e.AbstractTransferListenerAdapter - Downloading https://repo.maven.apache.org/maven2/org/apache/tiles/tiles-autotag-core-runtime/1.1.0/tiles-autotag-core-runtime-1.1.0.jar
2026-05-21 22:44:02,963 [Worker-33: Building workspace] INFO  o.e.m.c.i.e.AbstractTransferListenerAdapter - Downloaded https://repo.maven.apache.org/maven2/org/apache/tiles/tiles-autotag-core-runtime/1.1.0/tiles-autotag-core-runtime-1.1.0.jar
2026-05-21 22:44:03,009 [Worker-33: Building workspace] INFO  o.e.m.c.i.e.AbstractTransferListenerAdapter - Downloading https://repo.maven.apache.org/maven2/org/apache/tiles/tiles-request-jsp/1.0.6/tiles-request-jsp-1.0.6.jar
2026-05-21 22:44:03,086 [Worker-33: Building workspace] INFO  o.e.m.c.i.e.AbstractTransferListenerAdapter - Downloaded https://repo.maven.apache.org/maven2/org/apache/tiles/tiles-request-jsp/1.0.6/tiles-request-jsp-1.0.6.jar
2026-05-21 22:44:03,133 [Worker-33: Building workspace] INFO  o.e.m.c.i.e.AbstractTransferListenerAdapter - Downloading https://repo.maven.apache.org/maven2/org/apache/tiles/tiles-request-api/1.0.6/tiles-request-api-1.0.6.jar
2026-05-21 22:44:03,213 [Worker-33: Building workspace] INFO  o.e.m.c.i.e.AbstractTransferListenerAdapter - Downloaded https://repo.maven.apache.org/maven2/org/apache/tiles/tiles-request-api/1.0.6/tiles-request-api-1.0.6.jar
2026-05-21 22:44:03,261 [Worker-33: Building workspace] INFO  o.e.m.c.i.e.AbstractTransferListenerAdapter - Downloading https://repo.maven.apache.org/maven2/org/apache/tiles/tiles-servlet/3.0.5/tiles-servlet-3.0.5.jar
2026-05-21 22:44:03,328 [Worker-33: Building workspace] INFO  o.e.m.c.i.e.AbstractTransferListenerAdapter - Downloaded https://repo.maven.apache.org/maven2/org/apache/tiles/tiles-servlet/3.0.5/tiles-servlet-3.0.5.jar
2026-05-21 22:44:03,398 [Worker-33: Building workspace] INFO  o.e.m.c.i.e.AbstractTransferListenerAdapter - Downloading https://repo.maven.apache.org/maven2/org/apache/tiles/tiles-request-servlet/1.0.6/tiles-request-servlet-1.0.6.jar
2026-05-21 22:44:03,460 [Worker-33: Building workspace] INFO  o.e.m.c.i.e.AbstractTransferListenerAdapter - Downloaded https://repo.maven.apache.org/maven2/org/apache/tiles/tiles-request-servlet/1.0.6/tiles-request-servlet-1.0.6.jar
2026-05-21 22:44:03,512 [Worker-33: Building workspace] INFO  o.e.m.c.i.e.AbstractTransferListenerAdapter - Downloading https://repo.maven.apache.org/maven2/org/apache/tiles/tiles-core/3.0.5/tiles-core-3.0.5.jar
2026-05-21 22:44:03,597 [Worker-33: Building workspace] INFO  o.e.m.c.i.e.AbstractTransferListenerAdapter - Downloaded https://repo.maven.apache.org/maven2/org/apache/tiles/tiles-core/3.0.5/tiles-core-3.0.5.jar
2026-05-21 22:44:03,645 [Worker-33: Building workspace] INFO  o.e.m.c.i.e.AbstractTransferListenerAdapter - Downloading https://repo.maven.apache.org/maven2/org/apache/tiles/tiles-api/3.0.5/tiles-api-3.0.5.jar
2026-05-21 22:44:03,711 [Worker-33: Building workspace] INFO  o.e.m.c.i.e.AbstractTransferListenerAdapter - Downloaded https://repo.maven.apache.org/maven2/org/apache/tiles/tiles-api/3.0.5/tiles-api-3.0.5.jar
2026-05-21 22:44:03,750 [Worker-33: Building workspace] INFO  o.e.m.c.i.e.AbstractTransferListenerAdapter - Downloading https://repo.maven.apache.org/maven2/commons-digester/commons-digester/2.0/commons-digester-2.0.jar
2026-05-21 22:44:03,837 [Worker-33: Building workspace] INFO  o.e.m.c.i.e.AbstractTransferListenerAdapter - Downloaded https://repo.maven.apache.org/maven2/commons-digester/commons-digester/2.0/commons-digester-2.0.jar
2026-05-21 22:44:03,880 [Worker-33: Building workspace] INFO  o.e.m.c.i.e.AbstractTransferListenerAdapter - Downloading https://repo.maven.apache.org/maven2/commons-beanutils/commons-beanutils/1.8.0/commons-beanutils-1.8.0.jar
2026-05-21 22:44:03,991 [Worker-33: Building workspace] INFO  o.e.m.c.i.e.AbstractTransferListenerAdapter - Downloaded https://repo.maven.apache.org/maven2/commons-beanutils/commons-beanutils/1.8.0/commons-beanutils-1.8.0.jar
2026-05-21 22:44:04,037 [Worker-33: Building workspace] INFO  o.e.m.c.i.e.AbstractTransferListenerAdapter - Downloading https://repo.maven.apache.org/maven2/org/slf4j/jcl-over-slf4j/1.7.6/jcl-over-slf4j-1.7.6.jar
2026-05-21 22:44:04,108 [Worker-33: Building workspace] INFO  o.e.m.c.i.e.AbstractTransferListenerAdapter - Downloaded https://repo.maven.apache.org/maven2/org/slf4j/jcl-over-slf4j/1.7.6/jcl-over-slf4j-1.7.6.jar
2026-05-21 22:44:04,402 [Worker-33: Building workspace] INFO  o.e.m.c.i.e.AbstractTransferListenerAdapter - Downloading https://repo.maven.apache.org/maven2/org/apache/tiles/tiles-el/3.0.5/tiles-el-3.0.5.jar
2026-05-21 22:44:04,712 [Worker-33: Building workspace] INFO  o.e.m.c.i.e.AbstractTransferListenerAdapter - Downloaded https://repo.maven.apache.org/maven2/org/apache/tiles/tiles-el/3.0.5/tiles-el-3.0.5.jar
2026-05-21 22:44:04,754 [Worker-33: Building workspace] INFO  o.e.m.c.i.e.AbstractTransferListenerAdapter - Downloading https://repo.maven.apache.org/maven2/org/slf4j/slf4j-api/1.6.4/slf4j-api-1.6.4.jar
2026-05-21 22:44:04,828 [Worker-33: Building workspace] INFO  o.e.m.c.i.e.AbstractTransferListenerAdapter - Downloaded https://repo.maven.apache.org/maven2/org/slf4j/slf4j-api/1.6.4/slf4j-api-1.6.4.jar
2026-05-21 22:44:04,868 [Worker-33: Building workspace] INFO  o.e.m.c.i.e.AbstractTransferListenerAdapter - Downloading https://repo.maven.apache.org/maven2/org/slf4j/slf4j-log4j12/1.7.32/slf4j-log4j12-1.7.32.jar
2026-05-21 22:44:04,941 [Worker-33: Building workspace] INFO  o.e.m.c.i.e.AbstractTransferListenerAdapter - Downloaded https://repo.maven.apache.org/maven2/org/slf4j/slf4j-log4j12/1.7.32/slf4j-log4j12-1.7.32.jar
2026-05-21 22:44:11,284 [Worker-33: Building workspace] INFO  o.e.m.c.i.embedder.EclipseLogger - Using 'UTF-8' encoding to copy filtered resources.
2026-05-21 22:44:11,285 [Worker-33: Building workspace] INFO  o.e.m.c.i.embedder.EclipseLogger - Copying 0 resource
2026-05-21 22:44:11,286 [Worker-33: Building workspace] INFO  o.e.m.c.i.embedder.EclipseLogger - Using 'UTF-8' encoding to copy filtered resources.
2026-05-21 22:44:11,286 [Worker-33: Building workspace] INFO  o.e.m.c.i.embedder.EclipseLogger - skip non existing resourceDirectory D:\Spring\spring-mvc-simple\src\test\resources
2026-05-21 22:44:11,287 [Worker-33: Building workspace] INFO  o.e.m.w.i.f.ResourceFilteringBuildParticipant - Changed resources require a complete clean of filtered resources of spring-mvc-simple
2026-05-21 22:44:11,288 [Worker-33: Building workspace] INFO  o.e.m.w.i.f.ResourceFilteringBuildParticipant - Executing resource filtering for spring-mvc-simple
2026-05-21 22:44:11,292 [Worker-33: Building workspace] INFO  o.e.m.c.i.embedder.EclipseLogger - Using 'UTF-8' encoding to copy filtered resources.
2026-05-21 22:44:12,366 [Worker-32: Building workspace] INFO  o.e.m.c.i.l.LifecycleMappingFactory - Using org.maven.ide.eclipse.wtp.WarLifecycleMapping lifecycle mapping for MavenProject: com.rays:spring-mvc-simple:0.0.1-SNAPSHOT @ D:\Spring\spring-mvc-simple\pom.xml.
2026-05-21 22:44:12,431 [Worker-34: Download sources and javadoc] INFO  o.e.m.c.i.e.AbstractTransferListenerAdapter - Downloading https://repo.maven.apache.org/maven2/org/springframework/spring-context/5.0.6.RELEASE/spring-context-5.0.6.RELEASE-sources.jar
2026-05-21 22:44:12,895 [Worker-34: Download sources and javadoc] INFO  o.e.m.c.i.e.AbstractTransferListenerAdapter - Downloaded https://repo.maven.apache.org/maven2/org/springframework/spring-context/5.0.6.RELEASE/spring-context-5.0.6.RELEASE-sources.jar
2026-05-21 22:44:13,044 [Worker-34: Download sources and javadoc] INFO  o.e.m.j.internal.DownloadSourcesJob - Downloaded sources for org.springframework:spring-context:5.0.6.RELEASE
2026-05-21 22:44:13,479 [Worker-34: Download sources and javadoc] INFO  o.e.m.c.i.e.AbstractTransferListenerAdapter - Downloading https://repo.maven.apache.org/maven2/org/springframework/spring-core/5.0.6.RELEASE/spring-core-5.0.6.RELEASE-sources.jar
2026-05-21 22:44:13,562 [Worker-34: Download sources and javadoc] INFO  o.e.m.c.i.e.AbstractTransferListenerAdapter - Downloaded https://repo.maven.apache.org/maven2/org/springframework/spring-core/5.0.6.RELEASE/spring-core-5.0.6.RELEASE-sources.jar
2026-05-21 22:44:13,658 [Worker-34: Download sources and javadoc] INFO  o.e.m.j.internal.DownloadSourcesJob - Downloaded sources for org.springframework:spring-core:5.0.6.RELEASE
2026-05-21 22:44:13,705 [Worker-34: Download sources and javadoc] INFO  o.e.m.c.i.e.AbstractTransferListenerAdapter - Downloading https://repo.maven.apache.org/maven2/org/springframework/spring-jcl/5.0.6.RELEASE/spring-jcl-5.0.6.RELEASE-sources.jar
2026-05-21 22:44:13,815 [Worker-32: Building workspace] INFO  o.e.m.c.i.embedder.EclipseLogger - Using 'UTF-8' encoding to copy filtered resources.
2026-05-21 22:44:13,816 [Worker-32: Building workspace] INFO  o.e.m.c.i.embedder.EclipseLogger - Copying 0 resource
2026-05-21 22:44:13,818 [Worker-32: Building workspace] INFO  o.e.m.c.i.embedder.EclipseLogger - Using 'UTF-8' encoding to copy filtered resources.
2026-05-21 22:44:13,819 [Worker-32: Building workspace] INFO  o.e.m.c.i.embedder.EclipseLogger - skip non existing resourceDirectory D:\Spring\spring-mvc-simple\src\test\resources
2026-05-21 22:44:13,819 [Worker-32: Building workspace] INFO  o.e.m.w.i.f.ResourceFilteringBuildParticipant - Changed resources require a complete clean of filtered resources of spring-mvc-simple
2026-05-21 22:44:13,819 [Worker-32: Building workspace] INFO  o.e.m.w.i.f.ResourceFilteringBuildParticipant - Executing resource filtering for spring-mvc-simple
2026-05-21 22:44:13,823 [Worker-32: Building workspace] INFO  o.e.m.c.i.embedder.EclipseLogger - Using 'UTF-8' encoding to copy filtered resources.
2026-05-21 22:44:14,122 [Worker-34: Download sources and javadoc] INFO  o.e.m.c.i.e.AbstractTransferListenerAdapter - Downloaded https://repo.maven.apache.org/maven2/org/springframework/spring-jcl/5.0.6.RELEASE/spring-jcl-5.0.6.RELEASE-sources.jar
2026-05-21 22:44:14,275 [Worker-34: Download sources and javadoc] INFO  o.e.m.j.internal.DownloadSourcesJob - Downloaded sources for org.springframework:spring-jcl:5.0.6.RELEASE
2026-05-21 22:44:14,332 [Worker-34: Download sources and javadoc] INFO  o.e.m.c.i.e.AbstractTransferListenerAdapter - Downloading https://repo.maven.apache.org/maven2/org/springframework/spring-beans/5.0.6.RELEASE/spring-beans-5.0.6.RELEASE-sources.jar
2026-05-21 22:44:14,486 [Worker-34: Download sources and javadoc] INFO  o.e.m.c.i.e.AbstractTransferListenerAdapter - Downloaded https://repo.maven.apache.org/maven2/org/springframework/spring-beans/5.0.6.RELEASE/spring-beans-5.0.6.RELEASE-sources.jar
2026-05-21 22:44:14,708 [Worker-34: Download sources and javadoc] INFO  o.e.m.j.internal.DownloadSourcesJob - Downloaded sources for org.springframework:spring-beans:5.0.6.RELEASE
2026-05-21 22:44:14,756 [Worker-34: Download sources and javadoc] INFO  o.e.m.c.i.e.AbstractTransferListenerAdapter - Downloading https://repo.maven.apache.org/maven2/org/springframework/spring-web/5.0.6.RELEASE/spring-web-5.0.6.RELEASE-sources.jar
2026-05-21 22:44:14,962 [Worker-34: Download sources and javadoc] INFO  o.e.m.c.i.e.AbstractTransferListenerAdapter - Downloaded https://repo.maven.apache.org/maven2/org/springframework/spring-web/5.0.6.RELEASE/spring-web-5.0.6.RELEASE-sources.jar
2026-05-21 22:44:14,983 [Worker-27: Building workspace] INFO  o.e.m.c.i.embedder.EclipseLogger - Using 'UTF-8' encoding to copy filtered resources.
2026-05-21 22:44:14,984 [Worker-27: Building workspace] INFO  o.e.m.c.i.embedder.EclipseLogger - Copying 0 resource
2026-05-21 22:44:14,987 [Worker-27: Building workspace] INFO  o.e.m.c.i.embedder.EclipseLogger - Using 'UTF-8' encoding to copy filtered resources.
2026-05-21 22:44:14,988 [Worker-27: Building workspace] INFO  o.e.m.c.i.embedder.EclipseLogger - skip non existing resourceDirectory D:\Spring\spring-mvc-simple\src\test\resources
2026-05-21 22:44:15,076 [Worker-34: Download sources and javadoc] INFO  o.e.m.j.internal.DownloadSourcesJob - Downloaded sources for org.springframework:spring-web:5.0.6.RELEASE
2026-05-21 22:44:15,121 [Worker-34: Download sources and javadoc] INFO  o.e.m.c.i.e.AbstractTransferListenerAdapter - Downloading https://repo.maven.apache.org/maven2/org/springframework/spring-webmvc/5.0.6.RELEASE/spring-webmvc-5.0.6.RELEASE-sources.jar
2026-05-21 22:44:15,295 [Worker-34: Download sources and javadoc] INFO  o.e.m.c.i.e.AbstractTransferListenerAdapter - Downloaded https://repo.maven.apache.org/maven2/org/springframework/spring-webmvc/5.0.6.RELEASE/spring-webmvc-5.0.6.RELEASE-sources.jar
2026-05-21 22:44:15,371 [Worker-34: Download sources and javadoc] INFO  o.e.m.j.internal.DownloadSourcesJob - Downloaded sources for org.springframework:spring-webmvc:5.0.6.RELEASE
2026-05-21 22:44:15,420 [Worker-34: Download sources and javadoc] INFO  o.e.m.c.i.e.AbstractTransferListenerAdapter - Downloading https://repo.maven.apache.org/maven2/org/springframework/spring-expression/5.0.6.RELEASE/spring-expression-5.0.6.RELEASE-sources.jar
2026-05-21 22:44:15,966 [Worker-34: Download sources and javadoc] INFO  o.e.m.c.i.e.AbstractTransferListenerAdapter - Downloaded https://repo.maven.apache.org/maven2/org/springframework/spring-expression/5.0.6.RELEASE/spring-expression-5.0.6.RELEASE-sources.jar
2026-05-21 22:44:16,071 [Worker-34: Download sources and javadoc] INFO  o.e.m.j.internal.DownloadSourcesJob - Downloaded sources for org.springframework:spring-expression:5.0.6.RELEASE
2026-05-21 22:44:16,116 [Worker-34: Download sources and javadoc] INFO  o.e.m.c.i.e.AbstractTransferListenerAdapter - Downloading https://repo.maven.apache.org/maven2/org/springframework/spring-aop/5.0.6.RELEASE/spring-aop-5.0.6.RELEASE-sources.jar
2026-05-21 22:44:16,477 [Worker-34: Download sources and javadoc] INFO  o.e.m.c.i.e.AbstractTransferListenerAdapter - Downloaded https://repo.maven.apache.org/maven2/org/springframework/spring-aop/5.0.6.RELEASE/spring-aop-5.0.6.RELEASE-sources.jar
2026-05-21 22:44:16,567 [Worker-34: Download sources and javadoc] INFO  o.e.m.j.internal.DownloadSourcesJob - Downloaded sources for org.springframework:spring-aop:5.0.6.RELEASE
2026-05-21 22:44:16,611 [Worker-34: Download sources and javadoc] INFO  o.e.m.c.i.e.AbstractTransferListenerAdapter - Downloading https://repo.maven.apache.org/maven2/org/springframework/spring-tx/5.0.6.RELEASE/spring-tx-5.0.6.RELEASE-sources.jar
2026-05-21 22:44:16,887 [Worker-34: Download sources and javadoc] INFO  o.e.m.c.i.e.AbstractTransferListenerAdapter - Downloaded https://repo.maven.apache.org/maven2/org/springframework/spring-tx/5.0.6.RELEASE/spring-tx-5.0.6.RELEASE-sources.jar
2026-05-21 22:44:16,961 [Worker-34: Download sources and javadoc] INFO  o.e.m.j.internal.DownloadSourcesJob - Downloaded sources for org.springframework:spring-tx:5.0.6.RELEASE
2026-05-21 22:44:17,007 [Worker-34: Download sources and javadoc] INFO  o.e.m.c.i.e.AbstractTransferListenerAdapter - Downloading https://repo.maven.apache.org/maven2/org/springframework/spring-test/5.0.6.RELEASE/spring-test-5.0.6.RELEASE-sources.jar
2026-05-21 22:44:17,162 [Worker-34: Download sources and javadoc] INFO  o.e.m.c.i.e.AbstractTransferListenerAdapter - Downloaded https://repo.maven.apache.org/maven2/org/springframework/spring-test/5.0.6.RELEASE/spring-test-5.0.6.RELEASE-sources.jar
2026-05-21 22:44:17,242 [Worker-34: Download sources and javadoc] INFO  o.e.m.j.internal.DownloadSourcesJob - Downloaded sources for org.springframework:spring-test:5.0.6.RELEASE
2026-05-21 22:44:17,289 [Worker-34: Download sources and javadoc] INFO  o.e.m.c.i.e.AbstractTransferListenerAdapter - Downloading https://repo.maven.apache.org/maven2/org/springframework/spring-orm/5.0.6.RELEASE/spring-orm-5.0.6.RELEASE-sources.jar
2026-05-21 22:44:18,128 [Worker-34: Download sources and javadoc] INFO  o.e.m.c.i.e.AbstractTransferListenerAdapter - Downloaded https://repo.maven.apache.org/maven2/org/springframework/spring-orm/5.0.6.RELEASE/spring-orm-5.0.6.RELEASE-sources.jar
2026-05-21 22:44:18,214 [Worker-34: Download sources and javadoc] INFO  o.e.m.j.internal.DownloadSourcesJob - Downloaded sources for org.springframework:spring-orm:5.0.6.RELEASE
2026-05-21 22:44:18,259 [Worker-34: Download sources and javadoc] INFO  o.e.m.c.i.e.AbstractTransferListenerAdapter - Downloading https://repo.maven.apache.org/maven2/org/springframework/spring-jdbc/5.0.6.RELEASE/spring-jdbc-5.0.6.RELEASE-sources.jar
2026-05-21 22:44:18,537 [Worker-34: Download sources and javadoc] INFO  o.e.m.c.i.e.AbstractTransferListenerAdapter - Downloaded https://repo.maven.apache.org/maven2/org/springframework/spring-jdbc/5.0.6.RELEASE/spring-jdbc-5.0.6.RELEASE-sources.jar
2026-05-21 22:44:18,621 [Worker-34: Download sources and javadoc] INFO  o.e.m.j.internal.DownloadSourcesJob - Downloaded sources for org.springframework:spring-jdbc:5.0.6.RELEASE
2026-05-21 22:44:18,668 [Worker-34: Download sources and javadoc] INFO  o.e.m.c.i.e.AbstractTransferListenerAdapter - Downloading https://repo.maven.apache.org/maven2/org/springframework/spring-context-support/5.0.6.RELEASE/spring-context-support-5.0.6.RELEASE-sources.jar
2026-05-21 22:44:18,839 [Worker-34: Download sources and javadoc] INFO  o.e.m.c.i.e.AbstractTransferListenerAdapter - Downloaded https://repo.maven.apache.org/maven2/org/springframework/spring-context-support/5.0.6.RELEASE/spring-context-support-5.0.6.RELEASE-sources.jar
2026-05-21 22:44:19,016 [Worker-34: Download sources and javadoc] INFO  o.e.m.j.internal.DownloadSourcesJob - Downloaded sources for org.springframework:spring-context-support:5.0.6.RELEASE
2026-05-21 22:44:19,068 [Worker-34: Download sources and javadoc] INFO  o.e.m.c.i.e.AbstractTransferListenerAdapter - Downloading https://repo.maven.apache.org/maven2/javax/annotation/javax.annotation-api/1.3.1/javax.annotation-api-1.3.1-sources.jar
2026-05-21 22:44:19,231 [Worker-34: Download sources and javadoc] INFO  o.e.m.c.i.e.AbstractTransferListenerAdapter - Downloaded https://repo.maven.apache.org/maven2/javax/annotation/javax.annotation-api/1.3.1/javax.annotation-api-1.3.1-sources.jar
2026-05-21 22:44:19,348 [Worker-34: Download sources and javadoc] INFO  o.e.m.j.internal.DownloadSourcesJob - Downloaded sources for javax.annotation:javax.annotation-api:1.3.1
2026-05-21 22:44:19,402 [Worker-34: Download sources and javadoc] INFO  o.e.m.c.i.e.AbstractTransferListenerAdapter - Downloading https://repo.maven.apache.org/maven2/org/hibernate/hibernate-core/5.0.12.Final/hibernate-core-5.0.12.Final-sources.jar
2026-05-21 22:44:19,825 [Worker-34: Download sources and javadoc] INFO  o.e.m.c.i.e.AbstractTransferListenerAdapter - Downloaded https://repo.maven.apache.org/maven2/org/hibernate/hibernate-core/5.0.12.Final/hibernate-core-5.0.12.Final-sources.jar
2026-05-21 22:44:19,946 [Worker-34: Download sources and javadoc] INFO  o.e.m.j.internal.DownloadSourcesJob - Downloaded sources for org.hibernate:hibernate-core:5.0.12.Final
2026-05-21 22:44:20,004 [Worker-34: Download sources and javadoc] INFO  o.e.m.c.i.e.AbstractTransferListenerAdapter - Downloading https://repo.maven.apache.org/maven2/org/javassist/javassist/3.18.1-GA/javassist-3.18.1-GA-sources.jar
2026-05-21 22:44:20,088 [Worker-34: Download sources and javadoc] INFO  o.e.m.c.i.e.AbstractTransferListenerAdapter - Downloaded https://repo.maven.apache.org/maven2/org/javassist/javassist/3.18.1-GA/javassist-3.18.1-GA-sources.jar
2026-05-21 22:44:20,199 [Worker-34: Download sources and javadoc] INFO  o.e.m.j.internal.DownloadSourcesJob - Downloaded sources for org.javassist:javassist:3.18.1-GA
2026-05-21 22:44:20,252 [Worker-34: Download sources and javadoc] INFO  o.e.m.c.i.e.AbstractTransferListenerAdapter - Downloading https://repo.maven.apache.org/maven2/org/apache/geronimo/specs/geronimo-jta_1.1_spec/1.1.1/geronimo-jta_1.1_spec-1.1.1-sources.jar
2026-05-21 22:44:20,586 [Worker-34: Download sources and javadoc] INFO  o.e.m.c.i.e.AbstractTransferListenerAdapter - Downloaded https://repo.maven.apache.org/maven2/org/apache/geronimo/specs/geronimo-jta_1.1_spec/1.1.1/geronimo-jta_1.1_spec-1.1.1-sources.jar
2026-05-21 22:44:20,740 [Worker-34: Download sources and javadoc] INFO  o.e.m.j.internal.DownloadSourcesJob - Downloaded sources for org.apache.geronimo.specs:geronimo-jta_1.1_spec:1.1.1
2026-05-21 22:44:20,788 [Worker-34: Download sources and javadoc] INFO  o.e.m.c.i.e.AbstractTransferListenerAdapter - Downloading https://repo.maven.apache.org/maven2/org/jboss/jandex/2.0.0.Final/jandex-2.0.0.Final-sources.jar
2026-05-21 22:44:20,854 [Worker-34: Download sources and javadoc] INFO  o.e.m.c.i.e.AbstractTransferListenerAdapter - Downloaded https://repo.maven.apache.org/maven2/org/jboss/jandex/2.0.0.Final/jandex-2.0.0.Final-sources.jar
2026-05-21 22:44:20,966 [Worker-34: Download sources and javadoc] INFO  o.e.m.j.internal.DownloadSourcesJob - Downloaded sources for org.jboss:jandex:2.0.0.Final
2026-05-21 22:44:21,007 [Worker-34: Download sources and javadoc] INFO  o.e.m.c.i.e.AbstractTransferListenerAdapter - Downloading https://repo.maven.apache.org/maven2/xml-apis/xml-apis/1.0.b2/xml-apis-1.0.b2-sources.jar
2026-05-21 22:44:21,098 [Worker-34: Download sources and javadoc] INFO  o.e.m.c.i.e.AbstractTransferListenerAdapter - Downloaded https://repo.maven.apache.org/maven2/xml-apis/xml-apis/1.0.b2/xml-apis-1.0.b2-sources.jar
2026-05-21 22:44:21,219 [Worker-34: Download sources and javadoc] INFO  o.e.m.j.internal.DownloadSourcesJob - Downloaded sources for xml-apis:xml-apis:1.0.b2
2026-05-21 22:44:21,269 [Worker-34: Download sources and javadoc] INFO  o.e.m.c.i.e.AbstractTransferListenerAdapter - Downloading https://repo.maven.apache.org/maven2/org/hibernate/hibernate-validator/5.0.3.Final/hibernate-validator-5.0.3.Final-sources.jar
2026-05-21 22:44:21,611 [Worker-34: Download sources and javadoc] INFO  o.e.m.c.i.e.AbstractTransferListenerAdapter - Downloaded https://repo.maven.apache.org/maven2/org/hibernate/hibernate-validator/5.0.3.Final/hibernate-validator-5.0.3.Final-sources.jar
2026-05-21 22:44:21,706 [Worker-34: Download sources and javadoc] INFO  o.e.m.j.internal.DownloadSourcesJob - Downloaded sources for org.hibernate:hibernate-validator:5.0.3.Final
2026-05-21 22:44:21,754 [Worker-34: Download sources and javadoc] INFO  o.e.m.c.i.e.AbstractTransferListenerAdapter - Downloading https://repo.maven.apache.org/maven2/com/fasterxml/classmate/1.0.0/classmate-1.0.0-sources.jar
2026-05-21 22:44:22,521 [Worker-34: Download sources and javadoc] INFO  o.e.m.c.i.e.AbstractTransferListenerAdapter - Downloaded https://repo.maven.apache.org/maven2/com/fasterxml/classmate/1.0.0/classmate-1.0.0-sources.jar
2026-05-21 22:44:22,637 [Worker-34: Download sources and javadoc] INFO  o.e.m.j.internal.DownloadSourcesJob - Downloaded sources for com.fasterxml:classmate:1.0.0
2026-05-21 22:44:22,693 [Worker-34: Download sources and javadoc] INFO  o.e.m.c.i.e.AbstractTransferListenerAdapter - Downloading https://repo.maven.apache.org/maven2/com/mchange/c3p0/0.9.5.4/c3p0-0.9.5.4-sources.jar
2026-05-21 22:44:22,839 [Worker-34: Download sources and javadoc] INFO  o.e.m.c.i.e.AbstractTransferListenerAdapter - Downloaded https://repo.maven.apache.org/maven2/com/mchange/c3p0/0.9.5.4/c3p0-0.9.5.4-sources.jar
2026-05-21 22:44:23,028 [Worker-34: Download sources and javadoc] INFO  o.e.m.j.internal.DownloadSourcesJob - Downloaded sources for com.mchange:c3p0:0.9.5.4
2026-05-21 22:44:23,073 [Worker-34: Download sources and javadoc] INFO  o.e.m.c.i.e.AbstractTransferListenerAdapter - Downloading https://repo.maven.apache.org/maven2/com/mchange/mchange-commons-java/0.2.15/mchange-commons-java-0.2.15-sources.jar
2026-05-21 22:44:23,138 [Worker-34: Download sources and javadoc] INFO  o.e.m.c.i.e.AbstractTransferListenerAdapter - Downloaded https://repo.maven.apache.org/maven2/com/mchange/mchange-commons-java/0.2.15/mchange-commons-java-0.2.15-sources.jar
2026-05-21 22:44:23,228 [Worker-34: Download sources and javadoc] INFO  o.e.m.j.internal.DownloadSourcesJob - Downloaded sources for com.mchange:mchange-commons-java:0.2.15
2026-05-21 22:44:23,271 [Worker-34: Download sources and javadoc] INFO  o.e.m.c.i.e.AbstractTransferListenerAdapter - Downloading https://repo.maven.apache.org/maven2/javax/persistence/persistence-api/1.0.2/persistence-api-1.0.2-sources.jar
2026-05-21 22:44:23,323 [Worker-34: Download sources and javadoc] INFO  o.e.m.c.i.e.AbstractTransferListenerAdapter - Downloaded https://repo.maven.apache.org/maven2/javax/persistence/persistence-api/1.0.2/persistence-api-1.0.2-sources.jar
2026-05-21 22:44:23,415 [Worker-34: Download sources and javadoc] INFO  o.e.m.j.internal.DownloadSourcesJob - Downloaded sources for javax.persistence:persistence-api:1.0.2
2026-05-21 22:44:23,849 [Worker-34: Download sources and javadoc] INFO  o.e.m.c.i.e.AbstractTransferListenerAdapter - Downloading https://repo.maven.apache.org/maven2/javax/mail/javax.mail-api/1.4.7/javax.mail-api-1.4.7-sources.jar
2026-05-21 22:44:25,398 [Worker-34: Download sources and javadoc] INFO  o.e.m.c.i.e.AbstractTransferListenerAdapter - Downloaded https://repo.maven.apache.org/maven2/javax/mail/javax.mail-api/1.4.7/javax.mail-api-1.4.7-sources.jar
2026-05-21 22:44:25,517 [Worker-34: Download sources and javadoc] INFO  o.e.m.j.internal.DownloadSourcesJob - Downloaded sources for javax.mail:javax.mail-api:1.4.7
2026-05-21 22:44:25,567 [Worker-34: Download sources and javadoc] INFO  o.e.m.c.i.e.AbstractTransferListenerAdapter - Downloading https://repo.maven.apache.org/maven2/com/sun/mail/javax.mail/1.4.7/javax.mail-1.4.7-sources.jar
2026-05-21 22:44:25,645 [Worker-34: Download sources and javadoc] INFO  o.e.m.c.i.e.AbstractTransferListenerAdapter - Downloaded https://repo.maven.apache.org/maven2/com/sun/mail/javax.mail/1.4.7/javax.mail-1.4.7-sources.jar
2026-05-21 22:44:25,754 [Worker-34: Download sources and javadoc] INFO  o.e.m.j.internal.DownloadSourcesJob - Downloaded sources for com.sun.mail:javax.mail:1.4.7
2026-05-21 22:44:25,801 [Worker-34: Download sources and javadoc] INFO  o.e.m.c.i.e.AbstractTransferListenerAdapter - Downloading https://repo.maven.apache.org/maven2/taglibs/standard/1.1.2/standard-1.1.2-sources.jar
2026-05-21 22:44:25,870 [Worker-34: Download sources and javadoc] INFO  o.e.m.c.i.e.AbstractTransferListenerAdapter - Downloaded https://repo.maven.apache.org/maven2/taglibs/standard/1.1.2/standard-1.1.2-sources.jar
2026-05-21 22:44:26,024 [Worker-34: Download sources and javadoc] INFO  o.e.m.j.internal.DownloadSourcesJob - Downloaded sources for taglibs:standard:1.1.2
2026-05-21 22:44:26,070 [Worker-34: Download sources and javadoc] INFO  o.e.m.c.i.e.AbstractTransferListenerAdapter - Downloading https://repo.maven.apache.org/maven2/javax/servlet/jstl/1.2/jstl-1.2-sources.jar
2026-05-21 22:44:26,141 [Worker-34: Download sources and javadoc] INFO  o.e.m.c.i.e.AbstractTransferListenerAdapter - Downloaded https://repo.maven.apache.org/maven2/javax/servlet/jstl/1.2/jstl-1.2-sources.jar
2026-05-21 22:44:26,249 [Worker-34: Download sources and javadoc] INFO  o.e.m.j.internal.DownloadSourcesJob - Downloaded sources for javax.servlet:jstl:1.2
2026-05-21 22:44:26,632 [Worker-34: Download sources and javadoc] INFO  o.e.m.c.i.e.AbstractTransferListenerAdapter - Downloading https://repo.maven.apache.org/maven2/org/apache/tomcat/tomcat-jasper/9.0.12/tomcat-jasper-9.0.12-sources.jar
2026-05-21 22:44:27,956 [Worker-34: Download sources and javadoc] INFO  o.e.m.c.i.e.AbstractTransferListenerAdapter - Downloaded https://repo.maven.apache.org/maven2/org/apache/tomcat/tomcat-jasper/9.0.12/tomcat-jasper-9.0.12-sources.jar
2026-05-21 22:44:28,065 [Worker-34: Download sources and javadoc] INFO  o.e.m.j.internal.DownloadSourcesJob - Downloaded sources for org.apache.tomcat:tomcat-jasper:9.0.12
2026-05-21 22:44:28,354 [Worker-34: Download sources and javadoc] INFO  o.e.m.c.i.e.AbstractTransferListenerAdapter - Downloading https://repo.maven.apache.org/maven2/org/apache/tomcat/tomcat-servlet-api/9.0.12/tomcat-servlet-api-9.0.12-sources.jar
2026-05-21 22:44:30,099 [Worker-34: Download sources and javadoc] INFO  o.e.m.c.i.e.AbstractTransferListenerAdapter - Downloaded https://repo.maven.apache.org/maven2/org/apache/tomcat/tomcat-servlet-api/9.0.12/tomcat-servlet-api-9.0.12-sources.jar
2026-05-21 22:44:30,331 [Worker-34: Download sources and javadoc] INFO  o.e.m.j.internal.DownloadSourcesJob - Downloaded sources for org.apache.tomcat:tomcat-servlet-api:9.0.12
2026-05-21 22:44:30,813 [Worker-34: Download sources and javadoc] INFO  o.e.m.c.i.e.AbstractTransferListenerAdapter - Downloading https://repo.maven.apache.org/maven2/org/apache/tomcat/tomcat-juli/9.0.12/tomcat-juli-9.0.12-sources.jar
2026-05-21 22:44:31,569 [Worker-34: Download sources and javadoc] INFO  o.e.m.c.i.e.AbstractTransferListenerAdapter - Downloaded https://repo.maven.apache.org/maven2/org/apache/tomcat/tomcat-juli/9.0.12/tomcat-juli-9.0.12-sources.jar
2026-05-21 22:44:31,974 [Worker-34: Download sources and javadoc] INFO  o.e.m.j.internal.DownloadSourcesJob - Downloaded sources for org.apache.tomcat:tomcat-juli:9.0.12
2026-05-21 22:44:32,245 [Worker-34: Download sources and javadoc] INFO  o.e.m.c.i.e.AbstractTransferListenerAdapter - Downloading https://repo.maven.apache.org/maven2/org/apache/tomcat/tomcat-jsp-api/9.0.12/tomcat-jsp-api-9.0.12-sources.jar
2026-05-21 22:44:33,236 [Worker-34: Download sources and javadoc] INFO  o.e.m.c.i.e.AbstractTransferListenerAdapter - Downloaded https://repo.maven.apache.org/maven2/org/apache/tomcat/tomcat-jsp-api/9.0.12/tomcat-jsp-api-9.0.12-sources.jar
2026-05-21 22:44:33,435 [Worker-34: Download sources and javadoc] INFO  o.e.m.j.internal.DownloadSourcesJob - Downloaded sources for org.apache.tomcat:tomcat-jsp-api:9.0.12
2026-05-21 22:44:33,680 [Worker-34: Download sources and javadoc] INFO  o.e.m.c.i.e.AbstractTransferListenerAdapter - Downloading https://repo.maven.apache.org/maven2/org/apache/tomcat/tomcat-el-api/9.0.12/tomcat-el-api-9.0.12-sources.jar
2026-05-21 22:44:34,511 [Worker-34: Download sources and javadoc] INFO  o.e.m.c.i.e.AbstractTransferListenerAdapter - Downloaded https://repo.maven.apache.org/maven2/org/apache/tomcat/tomcat-el-api/9.0.12/tomcat-el-api-9.0.12-sources.jar
2026-05-21 22:44:34,688 [Worker-34: Download sources and javadoc] INFO  o.e.m.j.internal.DownloadSourcesJob - Downloaded sources for org.apache.tomcat:tomcat-el-api:9.0.12
2026-05-21 22:44:34,739 [Worker-34: Download sources and javadoc] INFO  o.e.m.c.i.e.AbstractTransferListenerAdapter - Downloading https://repo.maven.apache.org/maven2/org/eclipse/jdt/ecj/3.13.102/ecj-3.13.102-sources.jar
2026-05-21 22:44:35,937 [Worker-34: Download sources and javadoc] INFO  o.e.m.c.i.e.AbstractTransferListenerAdapter - Downloaded https://repo.maven.apache.org/maven2/org/eclipse/jdt/ecj/3.13.102/ecj-3.13.102-sources.jar
2026-05-21 22:44:36,116 [Worker-34: Download sources and javadoc] INFO  o.e.m.j.internal.DownloadSourcesJob - Downloaded sources for org.eclipse.jdt:ecj:3.13.102
2026-05-21 22:44:36,164 [Worker-34: Download sources and javadoc] INFO  o.e.m.c.i.e.AbstractTransferListenerAdapter - Downloading https://repo.maven.apache.org/maven2/org/apache/tomcat/tomcat-jasper-el/9.0.12/tomcat-jasper-el-9.0.12-sources.jar
2026-05-21 22:44:36,236 [Worker-34: Download sources and javadoc] INFO  o.e.m.c.i.e.AbstractTransferListenerAdapter - Downloaded https://repo.maven.apache.org/maven2/org/apache/tomcat/tomcat-jasper-el/9.0.12/tomcat-jasper-el-9.0.12-sources.jar
2026-05-21 22:44:36,404 [Worker-34: Download sources and javadoc] INFO  o.e.m.j.internal.DownloadSourcesJob - Downloaded sources for org.apache.tomcat:tomcat-jasper-el:9.0.12
2026-05-21 22:44:36,551 [Worker-34: Download sources and javadoc] INFO  o.e.m.c.i.e.AbstractTransferListenerAdapter - Downloading https://repo.maven.apache.org/maven2/org/apache/tomcat/tomcat-api/9.0.12/tomcat-api-9.0.12-sources.jar
2026-05-21 22:44:37,471 [Worker-34: Download sources and javadoc] INFO  o.e.m.c.i.e.AbstractTransferListenerAdapter - Downloaded https://repo.maven.apache.org/maven2/org/apache/tomcat/tomcat-api/9.0.12/tomcat-api-9.0.12-sources.jar
2026-05-21 22:44:37,660 [Worker-34: Download sources and javadoc] INFO  o.e.m.j.internal.DownloadSourcesJob - Downloaded sources for org.apache.tomcat:tomcat-api:9.0.12
2026-05-21 22:44:37,978 [Worker-34: Download sources and javadoc] INFO  o.e.m.c.i.e.AbstractTransferListenerAdapter - Downloading https://repo.maven.apache.org/maven2/org/apache/tomcat/tomcat-util-scan/9.0.12/tomcat-util-scan-9.0.12-sources.jar
2026-05-21 22:44:40,142 [Worker-34: Download sources and javadoc] INFO  o.e.m.c.i.e.AbstractTransferListenerAdapter - Downloaded https://repo.maven.apache.org/maven2/org/apache/tomcat/tomcat-util-scan/9.0.12/tomcat-util-scan-9.0.12-sources.jar
2026-05-21 22:44:40,341 [Worker-34: Download sources and javadoc] INFO  o.e.m.j.internal.DownloadSourcesJob - Downloaded sources for org.apache.tomcat:tomcat-util-scan:9.0.12
2026-05-21 22:44:40,383 [Worker-34: Download sources and javadoc] INFO  o.e.m.c.i.e.AbstractTransferListenerAdapter - Downloading https://repo.maven.apache.org/maven2/org/apache/tomcat/tomcat-util/9.0.12/tomcat-util-9.0.12-sources.jar
2026-05-21 22:44:40,474 [Worker-34: Download sources and javadoc] INFO  o.e.m.c.i.e.AbstractTransferListenerAdapter - Downloaded https://repo.maven.apache.org/maven2/org/apache/tomcat/tomcat-util/9.0.12/tomcat-util-9.0.12-sources.jar
2026-05-21 22:44:40,648 [Worker-34: Download sources and javadoc] INFO  o.e.m.j.internal.DownloadSourcesJob - Downloaded sources for org.apache.tomcat:tomcat-util:9.0.12
2026-05-21 22:44:40,699 [Worker-34: Download sources and javadoc] INFO  o.e.m.c.i.e.AbstractTransferListenerAdapter - Downloading https://repo.maven.apache.org/maven2/org/apache/tiles/tiles-jsp/3.0.5/tiles-jsp-3.0.5-sources.jar
2026-05-21 22:44:40,761 [Worker-34: Download sources and javadoc] INFO  o.e.m.c.i.e.AbstractTransferListenerAdapter - Downloaded https://repo.maven.apache.org/maven2/org/apache/tiles/tiles-jsp/3.0.5/tiles-jsp-3.0.5-sources.jar
2026-05-21 22:44:40,999 [Worker-34: Download sources and javadoc] INFO  o.e.m.j.internal.DownloadSourcesJob - Downloaded sources for org.apache.tiles:tiles-jsp:3.0.5
2026-05-21 22:44:41,265 [Worker-34: Download sources and javadoc] INFO  o.e.m.c.i.e.AbstractTransferListenerAdapter - Downloading https://repo.maven.apache.org/maven2/org/apache/tiles/tiles-template/3.0.5/tiles-template-3.0.5-sources.jar
2026-05-21 22:44:42,230 [Worker-34: Download sources and javadoc] INFO  o.e.m.c.i.e.AbstractTransferListenerAdapter - Downloaded https://repo.maven.apache.org/maven2/org/apache/tiles/tiles-template/3.0.5/tiles-template-3.0.5-sources.jar
2026-05-21 22:44:42,628 [Worker-34: Download sources and javadoc] INFO  o.e.m.j.internal.DownloadSourcesJob - Downloaded sources for org.apache.tiles:tiles-template:3.0.5
2026-05-21 22:44:42,674 [Worker-34: Download sources and javadoc] INFO  o.e.m.c.i.e.AbstractTransferListenerAdapter - Downloading https://repo.maven.apache.org/maven2/org/apache/tiles/tiles-autotag-core-runtime/1.1.0/tiles-autotag-core-runtime-1.1.0-sources.jar
2026-05-21 22:44:42,749 [Worker-34: Download sources and javadoc] INFO  o.e.m.c.i.e.AbstractTransferListenerAdapter - Downloaded https://repo.maven.apache.org/maven2/org/apache/tiles/tiles-autotag-core-runtime/1.1.0/tiles-autotag-core-runtime-1.1.0-sources.jar
2026-05-21 22:44:42,967 [Worker-34: Download sources and javadoc] INFO  o.e.m.j.internal.DownloadSourcesJob - Downloaded sources for org.apache.tiles:tiles-autotag-core-runtime:1.1.0
2026-05-21 22:44:43,020 [Worker-34: Download sources and javadoc] INFO  o.e.m.c.i.e.AbstractTransferListenerAdapter - Downloading https://repo.maven.apache.org/maven2/org/apache/tiles/tiles-request-jsp/1.0.6/tiles-request-jsp-1.0.6-sources.jar
2026-05-21 22:44:43,794 [Worker-34: Download sources and javadoc] INFO  o.e.m.c.i.e.AbstractTransferListenerAdapter - Downloaded https://repo.maven.apache.org/maven2/org/apache/tiles/tiles-request-jsp/1.0.6/tiles-request-jsp-1.0.6-sources.jar
2026-05-21 22:44:44,001 [Worker-34: Download sources and javadoc] INFO  o.e.m.j.internal.DownloadSourcesJob - Downloaded sources for org.apache.tiles:tiles-request-jsp:1.0.6
2026-05-21 22:44:44,045 [Worker-34: Download sources and javadoc] INFO  o.e.m.c.i.e.AbstractTransferListenerAdapter - Downloading https://repo.maven.apache.org/maven2/org/apache/tiles/tiles-request-api/1.0.6/tiles-request-api-1.0.6-sources.jar
2026-05-21 22:44:44,119 [Worker-34: Download sources and javadoc] INFO  o.e.m.c.i.e.AbstractTransferListenerAdapter - Downloaded https://repo.maven.apache.org/maven2/org/apache/tiles/tiles-request-api/1.0.6/tiles-request-api-1.0.6-sources.jar
2026-05-21 22:44:44,286 [Worker-34: Download sources and javadoc] INFO  o.e.m.j.internal.DownloadSourcesJob - Downloaded sources for org.apache.tiles:tiles-request-api:1.0.6
2026-05-21 22:44:44,334 [Worker-34: Download sources and javadoc] INFO  o.e.m.c.i.e.AbstractTransferListenerAdapter - Downloading https://repo.maven.apache.org/maven2/org/apache/tiles/tiles-servlet/3.0.5/tiles-servlet-3.0.5-sources.jar
2026-05-21 22:44:44,900 [Worker-34: Download sources and javadoc] INFO  o.e.m.c.i.e.AbstractTransferListenerAdapter - Downloaded https://repo.maven.apache.org/maven2/org/apache/tiles/tiles-servlet/3.0.5/tiles-servlet-3.0.5-sources.jar
2026-05-21 22:44:45,085 [Worker-34: Download sources and javadoc] INFO  o.e.m.j.internal.DownloadSourcesJob - Downloaded sources for org.apache.tiles:tiles-servlet:3.0.5
2026-05-21 22:44:45,352 [Worker-34: Download sources and javadoc] INFO  o.e.m.c.i.e.AbstractTransferListenerAdapter - Downloading https://repo.maven.apache.org/maven2/org/apache/tiles/tiles-request-servlet/1.0.6/tiles-request-servlet-1.0.6-sources.jar
2026-05-21 22:44:45,872 [Worker-34: Download sources and javadoc] INFO  o.e.m.c.i.e.AbstractTransferListenerAdapter - Downloaded https://repo.maven.apache.org/maven2/org/apache/tiles/tiles-request-servlet/1.0.6/tiles-request-servlet-1.0.6-sources.jar
2026-05-21 22:44:46,064 [Worker-34: Download sources and javadoc] INFO  o.e.m.j.internal.DownloadSourcesJob - Downloaded sources for org.apache.tiles:tiles-request-servlet:1.0.6
2026-05-21 22:44:46,272 [Worker-34: Download sources and javadoc] INFO  o.e.m.c.i.e.AbstractTransferListenerAdapter - Downloading https://repo.maven.apache.org/maven2/org/apache/tiles/tiles-core/3.0.5/tiles-core-3.0.5-sources.jar
2026-05-21 22:44:48,743 [Worker-34: Download sources and javadoc] INFO  o.e.m.c.i.e.AbstractTransferListenerAdapter - Downloaded https://repo.maven.apache.org/maven2/org/apache/tiles/tiles-core/3.0.5/tiles-core-3.0.5-sources.jar
2026-05-21 22:44:48,909 [Worker-34: Download sources and javadoc] INFO  o.e.m.j.internal.DownloadSourcesJob - Downloaded sources for org.apache.tiles:tiles-core:3.0.5
2026-05-21 22:44:49,346 [Worker-34: Download sources and javadoc] INFO  o.e.m.c.i.e.AbstractTransferListenerAdapter - Downloading https://repo.maven.apache.org/maven2/org/apache/tiles/tiles-api/3.0.5/tiles-api-3.0.5-sources.jar
2026-05-21 22:44:49,866 [Worker-34: Download sources and javadoc] INFO  o.e.m.c.i.e.AbstractTransferListenerAdapter - Downloaded https://repo.maven.apache.org/maven2/org/apache/tiles/tiles-api/3.0.5/tiles-api-3.0.5-sources.jar
2026-05-21 22:44:50,068 [Worker-34: Download sources and javadoc] INFO  o.e.m.j.internal.DownloadSourcesJob - Downloaded sources for org.apache.tiles:tiles-api:3.0.5
2026-05-21 22:44:50,115 [Worker-34: Download sources and javadoc] INFO  o.e.m.c.i.e.AbstractTransferListenerAdapter - Downloading https://repo.maven.apache.org/maven2/commons-digester/commons-digester/2.0/commons-digester-2.0-sources.jar
2026-05-21 22:44:50,488 [Worker-34: Download sources and javadoc] INFO  o.e.m.c.i.e.AbstractTransferListenerAdapter - Downloaded https://repo.maven.apache.org/maven2/commons-digester/commons-digester/2.0/commons-digester-2.0-sources.jar
2026-05-21 22:44:50,683 [Worker-34: Download sources and javadoc] INFO  o.e.m.j.internal.DownloadSourcesJob - Downloaded sources for commons-digester:commons-digester:2.0
2026-05-21 22:44:50,727 [Worker-34: Download sources and javadoc] INFO  o.e.m.c.i.e.AbstractTransferListenerAdapter - Downloading https://repo.maven.apache.org/maven2/commons-beanutils/commons-beanutils/1.8.0/commons-beanutils-1.8.0-sources.jar
2026-05-21 22:44:50,836 [Worker-34: Download sources and javadoc] INFO  o.e.m.c.i.e.AbstractTransferListenerAdapter - Downloaded https://repo.maven.apache.org/maven2/commons-beanutils/commons-beanutils/1.8.0/commons-beanutils-1.8.0-sources.jar
2026-05-21 22:44:51,185 [Worker-34: Download sources and javadoc] INFO  o.e.m.j.internal.DownloadSourcesJob - Downloaded sources for commons-beanutils:commons-beanutils:1.8.0
2026-05-21 22:44:51,237 [Worker-34: Download sources and javadoc] INFO  o.e.m.c.i.e.AbstractTransferListenerAdapter - Downloading https://repo.maven.apache.org/maven2/org/slf4j/jcl-over-slf4j/1.7.6/jcl-over-slf4j-1.7.6-sources.jar
2026-05-21 22:44:51,398 [Worker-34: Download sources and javadoc] INFO  o.e.m.c.i.e.AbstractTransferListenerAdapter - Downloaded https://repo.maven.apache.org/maven2/org/slf4j/jcl-over-slf4j/1.7.6/jcl-over-slf4j-1.7.6-sources.jar
2026-05-21 22:44:51,584 [Worker-34: Download sources and javadoc] INFO  o.e.m.j.internal.DownloadSourcesJob - Downloaded sources for org.slf4j:jcl-over-slf4j:1.7.6
2026-05-21 22:44:51,803 [Worker-34: Download sources and javadoc] INFO  o.e.m.c.i.e.AbstractTransferListenerAdapter - Downloading https://repo.maven.apache.org/maven2/org/apache/tiles/tiles-el/3.0.5/tiles-el-3.0.5-sources.jar
2026-05-21 22:44:52,124 [Worker-34: Download sources and javadoc] INFO  o.e.m.c.i.e.AbstractTransferListenerAdapter - Downloaded https://repo.maven.apache.org/maven2/org/apache/tiles/tiles-el/3.0.5/tiles-el-3.0.5-sources.jar
2026-05-21 22:44:52,339 [Worker-34: Download sources and javadoc] INFO  o.e.m.j.internal.DownloadSourcesJob - Downloaded sources for org.apache.tiles:tiles-el:3.0.5
2026-05-21 22:44:52,383 [Worker-34: Download sources and javadoc] INFO  o.e.m.c.i.e.AbstractTransferListenerAdapter - Downloading https://repo.maven.apache.org/maven2/org/slf4j/slf4j-api/1.6.4/slf4j-api-1.6.4-sources.jar
2026-05-21 22:44:52,457 [Worker-34: Download sources and javadoc] INFO  o.e.m.c.i.e.AbstractTransferListenerAdapter - Downloaded https://repo.maven.apache.org/maven2/org/slf4j/slf4j-api/1.6.4/slf4j-api-1.6.4-sources.jar
2026-05-21 22:44:52,633 [Worker-34: Download sources and javadoc] INFO  o.e.m.j.internal.DownloadSourcesJob - Downloaded sources for org.slf4j:slf4j-api:1.6.4
2026-05-21 22:44:53,012 [Worker-34: Download sources and javadoc] INFO  o.e.m.c.i.e.AbstractTransferListenerAdapter - Downloading https://repo.maven.apache.org/maven2/org/slf4j/slf4j-log4j12/1.7.32/slf4j-log4j12-1.7.32-sources.jar
2026-05-21 22:44:53,450 [Worker-34: Download sources and javadoc] INFO  o.e.m.c.i.e.AbstractTransferListenerAdapter - Downloaded https://repo.maven.apache.org/maven2/org/slf4j/slf4j-log4j12/1.7.32/slf4j-log4j12-1.7.32-sources.jar
2026-05-21 22:44:53,623 [Worker-34: Download sources and javadoc] INFO  o.e.m.j.internal.DownloadSourcesJob - Downloaded sources for org.slf4j:slf4j-log4j12:1.7.32
2026-05-21 22:44:54,465 [Worker-32: Building workspace] INFO  o.e.m.c.i.embedder.EclipseLogger - Using 'UTF-8' encoding to copy filtered resources.
2026-05-21 22:44:54,468 [Worker-32: Building workspace] INFO  o.e.m.c.i.embedder.EclipseLogger - Copying 0 resource
2026-05-21 22:44:54,470 [Worker-32: Building workspace] INFO  o.e.m.c.i.embedder.EclipseLogger - Using 'UTF-8' encoding to copy filtered resources.
2026-05-21 22:44:54,471 [Worker-32: Building workspace] INFO  o.e.m.c.i.embedder.EclipseLogger - skip non existing resourceDirectory D:\Spring\spring-mvc-simple\src\test\resources
2026-05-21 22:44:55,233 [Worker-28: Download sources and javadoc] INFO  o.e.m.j.internal.DownloadSourcesJob - Downloaded sources for org.springframework:spring-jcl:5.0.6.RELEASE
2026-05-21 22:44:55,239 [Worker-28: Download sources and javadoc] INFO  o.e.m.j.internal.DownloadSourcesJob - Downloaded sources for org.springframework:spring-beans:5.0.6.RELEASE
2026-05-21 22:44:55,245 [Worker-28: Download sources and javadoc] INFO  o.e.m.j.internal.DownloadSourcesJob - Downloaded sources for org.springframework:spring-web:5.0.6.RELEASE
2026-05-21 22:44:55,252 [Worker-28: Download sources and javadoc] INFO  o.e.m.j.internal.DownloadSourcesJob - Downloaded sources for org.springframework:spring-webmvc:5.0.6.RELEASE
2026-05-21 22:44:55,258 [Worker-28: Download sources and javadoc] INFO  o.e.m.j.internal.DownloadSourcesJob - Downloaded sources for org.springframework:spring-expression:5.0.6.RELEASE
2026-05-21 22:44:55,264 [Worker-28: Download sources and javadoc] INFO  o.e.m.j.internal.DownloadSourcesJob - Downloaded sources for org.springframework:spring-aop:5.0.6.RELEASE
2026-05-21 22:44:55,274 [Worker-28: Download sources and javadoc] INFO  o.e.m.j.internal.DownloadSourcesJob - Downloaded sources for org.springframework:spring-tx:5.0.6.RELEASE
2026-05-21 22:44:55,282 [Worker-28: Download sources and javadoc] INFO  o.e.m.j.internal.DownloadSourcesJob - Downloaded sources for org.springframework:spring-test:5.0.6.RELEASE
2026-05-21 22:44:55,290 [Worker-28: Download sources and javadoc] INFO  o.e.m.j.internal.DownloadSourcesJob - Downloaded sources for org.springframework:spring-orm:5.0.6.RELEASE
2026-05-21 22:44:55,294 [Worker-28: Download sources and javadoc] INFO  o.e.m.j.internal.DownloadSourcesJob - Downloaded sources for org.springframework:spring-jdbc:5.0.6.RELEASE
2026-05-21 22:44:55,298 [Worker-28: Download sources and javadoc] INFO  o.e.m.j.internal.DownloadSourcesJob - Downloaded sources for org.springframework:spring-context-support:5.0.6.RELEASE
2026-05-21 22:44:55,307 [Worker-28: Download sources and javadoc] INFO  o.e.m.j.internal.DownloadSourcesJob - Downloaded sources for javax.annotation:javax.annotation-api:1.3.1
2026-05-21 22:44:55,314 [Worker-28: Download sources and javadoc] INFO  o.e.m.j.internal.DownloadSourcesJob - Downloaded sources for org.hibernate:hibernate-core:5.0.12.Final
2026-05-21 22:44:55,320 [Worker-28: Download sources and javadoc] INFO  o.e.m.j.internal.DownloadSourcesJob - Downloaded sources for org.javassist:javassist:3.18.1-GA
2026-05-21 22:44:55,326 [Worker-28: Download sources and javadoc] INFO  o.e.m.j.internal.DownloadSourcesJob - Downloaded sources for org.apache.geronimo.specs:geronimo-jta_1.1_spec:1.1.1
2026-05-21 22:44:55,329 [Worker-28: Download sources and javadoc] INFO  o.e.m.j.internal.DownloadSourcesJob - Downloaded sources for org.jboss:jandex:2.0.0.Final
2026-05-21 22:44:55,338 [Worker-28: Download sources and javadoc] INFO  o.e.m.j.internal.DownloadSourcesJob - Downloaded sources for xml-apis:xml-apis:1.0.b2
2026-05-21 22:44:55,338 [Worker-28: Download sources and javadoc] INFO  o.e.m.j.internal.DownloadSourcesJob - Downloaded sources for org.hibernate:hibernate-validator:5.0.3.Final
2026-05-21 22:44:55,349 [Worker-28: Download sources and javadoc] INFO  o.e.m.j.internal.DownloadSourcesJob - Downloaded sources for com.fasterxml:classmate:1.0.0
2026-05-21 22:44:55,354 [Worker-28: Download sources and javadoc] INFO  o.e.m.j.internal.DownloadSourcesJob - Downloaded sources for com.mchange:c3p0:0.9.5.4
2026-05-21 22:44:55,359 [Worker-28: Download sources and javadoc] INFO  o.e.m.j.internal.DownloadSourcesJob - Downloaded sources for com.mchange:mchange-commons-java:0.2.15
2026-05-21 22:44:55,362 [Worker-28: Download sources and javadoc] INFO  o.e.m.j.internal.DownloadSourcesJob - Downloaded sources for javax.persistence:persistence-api:1.0.2
2026-05-21 22:44:55,367 [Worker-28: Download sources and javadoc] INFO  o.e.m.j.internal.DownloadSourcesJob - Downloaded sources for javax.mail:javax.mail-api:1.4.7
2026-05-21 22:44:55,374 [Worker-28: Download sources and javadoc] INFO  o.e.m.j.internal.DownloadSourcesJob - Downloaded sources for com.sun.mail:javax.mail:1.4.7
2026-05-21 22:44:55,380 [Worker-28: Download sources and javadoc] INFO  o.e.m.j.internal.DownloadSourcesJob - Downloaded sources for taglibs:standard:1.1.2
2026-05-21 22:44:55,388 [Worker-28: Download sources and javadoc] INFO  o.e.m.j.internal.DownloadSourcesJob - Downloaded sources for javax.servlet:jstl:1.2
2026-05-21 22:44:55,396 [Worker-28: Download sources and javadoc] INFO  o.e.m.j.internal.DownloadSourcesJob - Downloaded sources for org.apache.tomcat:tomcat-jasper:9.0.12
2026-05-21 22:44:55,400 [Worker-28: Download sources and javadoc] INFO  o.e.m.j.internal.DownloadSourcesJob - Downloaded sources for org.apache.tomcat:tomcat-servlet-api:9.0.12
2026-05-21 22:44:55,407 [Worker-28: Download sources and javadoc] INFO  o.e.m.j.internal.DownloadSourcesJob - Downloaded sources for org.apache.tomcat:tomcat-juli:9.0.12
2026-05-21 22:44:55,417 [Worker-28: Download sources and javadoc] INFO  o.e.m.j.internal.DownloadSourcesJob - Downloaded sources for org.apache.tomcat:tomcat-jsp-api:9.0.12
2026-05-21 22:44:55,421 [Worker-28: Download sources and javadoc] INFO  o.e.m.j.internal.DownloadSourcesJob - Downloaded sources for org.apache.tomcat:tomcat-el-api:9.0.12
2026-05-21 22:44:55,430 [Worker-28: Download sources and javadoc] INFO  o.e.m.j.internal.DownloadSourcesJob - Downloaded sources for org.eclipse.jdt:ecj:3.13.102
2026-05-21 22:44:55,436 [Worker-28: Download sources and javadoc] INFO  o.e.m.j.internal.DownloadSourcesJob - Downloaded sources for org.apache.tomcat:tomcat-jasper-el:9.0.12
2026-05-21 22:44:55,438 [Worker-28: Download sources and javadoc] INFO  o.e.m.j.internal.DownloadSourcesJob - Downloaded sources for org.apache.tomcat:tomcat-api:9.0.12
2026-05-21 22:44:55,444 [Worker-28: Download sources and javadoc] INFO  o.e.m.j.internal.DownloadSourcesJob - Downloaded sources for org.apache.tomcat:tomcat-util-scan:9.0.12
2026-05-21 22:44:55,453 [Worker-28: Download sources and javadoc] INFO  o.e.m.j.internal.DownloadSourcesJob - Downloaded sources for org.apache.tomcat:tomcat-util:9.0.12
2026-05-21 22:44:55,457 [Worker-28: Download sources and javadoc] INFO  o.e.m.j.internal.DownloadSourcesJob - Downloaded sources for org.apache.tiles:tiles-jsp:3.0.5
2026-05-21 22:44:55,461 [Worker-28: Download sources and javadoc] INFO  o.e.m.j.internal.DownloadSourcesJob - Downloaded sources for org.apache.tiles:tiles-template:3.0.5
2026-05-21 22:44:55,469 [Worker-28: Download sources and javadoc] INFO  o.e.m.j.internal.DownloadSourcesJob - Downloaded sources for org.apache.tiles:tiles-autotag-core-runtime:1.1.0
2026-05-21 22:44:55,475 [Worker-28: Download sources and javadoc] INFO  o.e.m.j.internal.DownloadSourcesJob - Downloaded sources for org.apache.tiles:tiles-request-jsp:1.0.6
2026-05-21 22:44:55,477 [Worker-28: Download sources and javadoc] INFO  o.e.m.j.internal.DownloadSourcesJob - Downloaded sources for org.apache.tiles:tiles-request-api:1.0.6
2026-05-21 22:44:55,484 [Worker-28: Download sources and javadoc] INFO  o.e.m.j.internal.DownloadSourcesJob - Downloaded sources for org.apache.tiles:tiles-servlet:3.0.5
2026-05-21 22:44:55,486 [Worker-28: Download sources and javadoc] INFO  o.e.m.j.internal.DownloadSourcesJob - Downloaded sources for org.apache.tiles:tiles-request-servlet:1.0.6
2026-05-21 22:44:55,493 [Worker-28: Download sources and javadoc] INFO  o.e.m.j.internal.DownloadSourcesJob - Downloaded sources for org.apache.tiles:tiles-core:3.0.5
2026-05-21 22:44:55,504 [Worker-28: Download sources and javadoc] INFO  o.e.m.j.internal.DownloadSourcesJob - Downloaded sources for org.apache.tiles:tiles-api:3.0.5
2026-05-21 22:44:55,509 [Worker-28: Download sources and javadoc] INFO  o.e.m.j.internal.DownloadSourcesJob - Downloaded sources for commons-digester:commons-digester:2.0
2026-05-21 22:44:55,518 [Worker-28: Download sources and javadoc] INFO  o.e.m.j.internal.DownloadSourcesJob - Downloaded sources for commons-beanutils:commons-beanutils:1.8.0
2026-05-21 22:44:55,524 [Worker-28: Download sources and javadoc] INFO  o.e.m.j.internal.DownloadSourcesJob - Downloaded sources for org.slf4j:jcl-over-slf4j:1.7.6
2026-05-21 22:44:55,531 [Worker-28: Download sources and javadoc] INFO  o.e.m.j.internal.DownloadSourcesJob - Downloaded sources for org.apache.tiles:tiles-el:3.0.5
2026-05-21 22:44:55,535 [Worker-28: Download sources and javadoc] INFO  o.e.m.j.internal.DownloadSourcesJob - Downloaded sources for org.slf4j:slf4j-api:1.6.4
2026-05-21 22:44:55,541 [Worker-28: Download sources and javadoc] INFO  o.e.m.j.internal.DownloadSourcesJob - Downloaded sources for org.slf4j:slf4j-log4j12:1.7.32
2026-05-21 22:44:56,532 [Worker-35: Building workspace] INFO  o.e.m.c.i.embedder.EclipseLogger - Using 'UTF-8' encoding to copy filtered resources.
2026-05-21 22:44:56,534 [Worker-35: Building workspace] INFO  o.e.m.c.i.embedder.EclipseLogger - Copying 0 resource
2026-05-21 22:44:56,536 [Worker-35: Building workspace] INFO  o.e.m.c.i.embedder.EclipseLogger - Using 'UTF-8' encoding to copy filtered resources.
2026-05-21 22:44:56,536 [Worker-35: Building workspace] INFO  o.e.m.c.i.embedder.EclipseLogger - skip non existing resourceDirectory D:\Spring\spring-mvc-simple\src\test\resources
2026-05-21 22:47:55,897 [Worker-37: Building workspace] INFO  o.e.m.c.i.embedder.EclipseLogger - Using 'UTF-8' encoding to copy filtered resources.
2026-05-21 22:47:55,897 [Worker-37: Building workspace] INFO  o.e.m.c.i.embedder.EclipseLogger - Copying 0 resource
2026-05-21 22:47:55,898 [Worker-37: Building workspace] INFO  o.e.m.c.i.embedder.EclipseLogger - Using 'UTF-8' encoding to copy filtered resources.
2026-05-21 22:47:55,898 [Worker-37: Building workspace] INFO  o.e.m.c.i.embedder.EclipseLogger - skip non existing resourceDirectory D:\Spring\spring-mvc-simple\src\test\resources
2026-05-21 22:48:16,621 [Worker-33: Updating Maven Dependencies] INFO  o.e.m.c.i.l.LifecycleMappingFactory - Using org.maven.ide.eclipse.wtp.WarLifecycleMapping lifecycle mapping for MavenProject: com.rays:spring-mvc-simple:0.0.1-SNAPSHOT @ D:\Spring\spring-mvc-simple\pom.xml.
2026-05-21 22:48:18,356 [Worker-32: Building workspace] INFO  o.e.m.c.i.embedder.EclipseLogger - Using 'UTF-8' encoding to copy filtered resources.
2026-05-21 22:48:18,357 [Worker-32: Building workspace] INFO  o.e.m.c.i.embedder.EclipseLogger - Copying 0 resource
2026-05-21 22:48:18,358 [Worker-32: Building workspace] INFO  o.e.m.c.i.embedder.EclipseLogger - Using 'UTF-8' encoding to copy filtered resources.
2026-05-21 22:48:18,358 [Worker-32: Building workspace] INFO  o.e.m.c.i.embedder.EclipseLogger - skip non existing resourceDirectory D:\Spring\spring-mvc-simple\src\test\resources
2026-05-21 22:48:41,478 [Worker-33: Building workspace] INFO  o.e.m.c.i.embedder.EclipseLogger - Using 'UTF-8' encoding to copy filtered resources.
2026-05-21 22:48:41,479 [Worker-33: Building workspace] INFO  o.e.m.c.i.embedder.EclipseLogger - Copying 0 resource
2026-05-21 22:48:41,480 [Worker-33: Building workspace] INFO  o.e.m.c.i.embedder.EclipseLogger - Using 'UTF-8' encoding to copy filtered resources.
2026-05-21 22:48:41,481 [Worker-33: Building workspace] INFO  o.e.m.c.i.embedder.EclipseLogger - skip non existing resourceDirectory D:\Spring\spring-mvc-simple\src\test\resources
2026-05-21 22:48:52,033 [Worker-32: Building workspace] INFO  o.e.m.c.i.embedder.EclipseLogger - Using 'UTF-8' encoding to copy filtered resources.
2026-05-21 22:48:52,034 [Worker-32: Building workspace] INFO  o.e.m.c.i.embedder.EclipseLogger - Copying 0 resource
2026-05-21 22:48:52,034 [Worker-32: Building workspace] INFO  o.e.m.c.i.embedder.EclipseLogger - Using 'UTF-8' encoding to copy filtered resources.
2026-05-21 22:48:52,034 [Worker-32: Building workspace] INFO  o.e.m.c.i.embedder.EclipseLogger - skip non existing resourceDirectory D:\Spring\spring-mvc-simple\src\test\resources
2026-05-21 22:49:04,935 [Worker-39: Building workspace] INFO  o.e.m.c.i.embedder.EclipseLogger - Using 'UTF-8' encoding to copy filtered resources.
2026-05-21 22:49:04,935 [Worker-39: Building workspace] INFO  o.e.m.c.i.embedder.EclipseLogger - Copying 0 resource
2026-05-21 22:49:04,936 [Worker-39: Building workspace] INFO  o.e.m.c.i.embedder.EclipseLogger - Using 'UTF-8' encoding to copy filtered resources.
2026-05-21 22:49:04,936 [Worker-39: Building workspace] INFO  o.e.m.c.i.embedder.EclipseLogger - skip non existing resourceDirectory D:\Spring\spring-mvc-simple\src\test\resources
2026-05-21 22:49:19,761 [Worker-33: Building workspace] INFO  o.e.m.c.i.embedder.EclipseLogger - Using 'UTF-8' encoding to copy filtered resources.
2026-05-21 22:49:19,762 [Worker-33: Building workspace] INFO  o.e.m.c.i.embedder.EclipseLogger - Copying 0 resource
2026-05-21 22:49:19,763 [Worker-33: Building workspace] INFO  o.e.m.c.i.embedder.EclipseLogger - Using 'UTF-8' encoding to copy filtered resources.
2026-05-21 22:49:19,763 [Worker-33: Building workspace] INFO  o.e.m.c.i.embedder.EclipseLogger - skip non existing resourceDirectory D:\Spring\spring-mvc-simple\src\test\resources
2026-05-21 22:49:46,348 [Worker-33: Building workspace] INFO  o.e.m.c.i.embedder.EclipseLogger - Using 'UTF-8' encoding to copy filtered resources.
2026-05-21 22:49:46,349 [Worker-33: Building workspace] INFO  o.e.m.c.i.embedder.EclipseLogger - Copying 0 resource
2026-05-21 22:49:46,349 [Worker-33: Building workspace] INFO  o.e.m.c.i.embedder.EclipseLogger - Using 'UTF-8' encoding to copy filtered resources.
2026-05-21 22:49:46,349 [Worker-33: Building workspace] INFO  o.e.m.c.i.embedder.EclipseLogger - skip non existing resourceDirectory D:\Spring\spring-mvc-simple\src\test\resources
2026-05-21 22:49:54,534 [Worker-37: Building workspace] INFO  o.e.m.c.i.embedder.EclipseLogger - Using 'UTF-8' encoding to copy filtered resources.
2026-05-21 22:49:54,534 [Worker-37: Building workspace] INFO  o.e.m.c.i.embedder.EclipseLogger - Copying 0 resource
2026-05-21 22:49:54,535 [Worker-37: Building workspace] INFO  o.e.m.c.i.embedder.EclipseLogger - Using 'UTF-8' encoding to copy filtered resources.
2026-05-21 22:49:54,535 [Worker-37: Building workspace] INFO  o.e.m.c.i.embedder.EclipseLogger - skip non existing resourceDirectory D:\Spring\spring-mvc-simple\src\test\resources
2026-05-21 22:51:12,868 [Worker-39: Building workspace] INFO  o.e.m.c.i.embedder.EclipseLogger - Using 'UTF-8' encoding to copy filtered resources.
2026-05-21 22:51:12,868 [Worker-39: Building workspace] INFO  o.e.m.c.i.embedder.EclipseLogger - Copying 0 resource
2026-05-21 22:51:12,869 [Worker-39: Building workspace] INFO  o.e.m.c.i.embedder.EclipseLogger - Using 'UTF-8' encoding to copy filtered resources.
2026-05-21 22:51:12,869 [Worker-39: Building workspace] INFO  o.e.m.c.i.embedder.EclipseLogger - skip non existing resourceDirectory D:\Spring\spring-mvc-simple\src\test\resources
2026-05-21 22:51:21,669 [Worker-38: Building workspace] INFO  o.e.m.c.i.embedder.EclipseLogger - Using 'UTF-8' encoding to copy filtered resources.
2026-05-21 22:51:21,670 [Worker-38: Building workspace] INFO  o.e.m.c.i.embedder.EclipseLogger - Copying 0 resource
2026-05-21 22:51:21,672 [Worker-38: Building workspace] INFO  o.e.m.c.i.embedder.EclipseLogger - Using 'UTF-8' encoding to copy filtered resources.
2026-05-21 22:51:21,673 [Worker-38: Building workspace] INFO  o.e.m.c.i.embedder.EclipseLogger - skip non existing resourceDirectory D:\Spring\spring-mvc-simple\src\test\resources
2026-05-21 22:51:35,820 [Worker-42: Building workspace] INFO  o.e.m.c.i.embedder.EclipseLogger - Using 'UTF-8' encoding to copy filtered resources.
2026-05-21 22:51:35,821 [Worker-42: Building workspace] INFO  o.e.m.c.i.embedder.EclipseLogger - Copying 0 resource
2026-05-21 22:51:35,823 [Worker-42: Building workspace] INFO  o.e.m.c.i.embedder.EclipseLogger - Using 'UTF-8' encoding to copy filtered resources.
2026-05-21 22:51:35,823 [Worker-42: Building workspace] INFO  o.e.m.c.i.embedder.EclipseLogger - skip non existing resourceDirectory D:\Spring\spring-mvc-simple\src\test\resources
2026-05-21 22:52:34,996 [Worker-43: Building workspace] INFO  o.e.m.c.i.embedder.EclipseLogger - Using 'UTF-8' encoding to copy filtered resources.
2026-05-21 22:52:34,996 [Worker-43: Building workspace] INFO  o.e.m.c.i.embedder.EclipseLogger - Copying 0 resource
2026-05-21 22:52:34,997 [Worker-43: Building workspace] INFO  o.e.m.c.i.embedder.EclipseLogger - Using 'UTF-8' encoding to copy filtered resources.
2026-05-21 22:52:34,997 [Worker-43: Building workspace] INFO  o.e.m.c.i.embedder.EclipseLogger - skip non existing resourceDirectory D:\Spring\spring-mvc-simple\src\test\resources
2026-05-21 22:52:44,155 [Worker-38: Building workspace] INFO  o.e.m.c.i.embedder.EclipseLogger - Using 'UTF-8' encoding to copy filtered resources.
2026-05-21 22:52:44,155 [Worker-38: Building workspace] INFO  o.e.m.c.i.embedder.EclipseLogger - Copying 0 resource
2026-05-21 22:52:44,157 [Worker-38: Building workspace] INFO  o.e.m.c.i.embedder.EclipseLogger - Using 'UTF-8' encoding to copy filtered resources.
2026-05-21 22:52:44,157 [Worker-38: Building workspace] INFO  o.e.m.c.i.embedder.EclipseLogger - skip non existing resourceDirectory D:\Spring\spring-mvc-simple\src\test\resources
2026-05-21 22:53:15,768 [Worker-43: Building workspace] INFO  o.e.m.c.i.embedder.EclipseLogger - Using 'UTF-8' encoding to copy filtered resources.
2026-05-21 22:53:15,769 [Worker-43: Building workspace] INFO  o.e.m.c.i.embedder.EclipseLogger - Copying 0 resource
2026-05-21 22:53:15,770 [Worker-43: Building workspace] INFO  o.e.m.c.i.embedder.EclipseLogger - Using 'UTF-8' encoding to copy filtered resources.
2026-05-21 22:53:15,770 [Worker-43: Building workspace] INFO  o.e.m.c.i.embedder.EclipseLogger - skip non existing resourceDirectory D:\Spring\spring-mvc-simple\src\test\resources
2026-05-21 22:53:19,748 [Worker-33: Building workspace] INFO  o.e.m.c.i.embedder.EclipseLogger - Using 'UTF-8' encoding to copy filtered resources.
2026-05-21 22:53:19,748 [Worker-33: Building workspace] INFO  o.e.m.c.i.embedder.EclipseLogger - Copying 0 resource
2026-05-21 22:53:19,750 [Worker-33: Building workspace] INFO  o.e.m.c.i.embedder.EclipseLogger - Using 'UTF-8' encoding to copy filtered resources.
2026-05-21 22:53:19,750 [Worker-33: Building workspace] INFO  o.e.m.c.i.embedder.EclipseLogger - skip non existing resourceDirectory D:\Spring\spring-mvc-simple\src\test\resources
2026-05-21 23:19:09,475 [Worker-53: Building workspace] INFO  o.e.m.c.i.embedder.EclipseLogger - Using 'UTF-8' encoding to copy filtered resources.
2026-05-21 23:19:09,475 [Worker-53: Building workspace] INFO  o.e.m.c.i.embedder.EclipseLogger - Copying 0 resource
2026-05-21 23:19:09,476 [Worker-53: Building workspace] INFO  o.e.m.c.i.embedder.EclipseLogger - Using 'UTF-8' encoding to copy filtered resources.
2026-05-21 23:19:09,476 [Worker-53: Building workspace] INFO  o.e.m.c.i.embedder.EclipseLogger - skip non existing resourceDirectory D:\Spring\spring-mvc-simple\src\test\resources
2026-05-21 23:19:14,083 [Worker-56: Building workspace] INFO  o.e.m.c.i.embedder.EclipseLogger - Using 'UTF-8' encoding to copy filtered resources.
2026-05-21 23:19:14,084 [Worker-56: Building workspace] INFO  o.e.m.c.i.embedder.EclipseLogger - Copying 0 resource
2026-05-21 23:19:14,085 [Worker-56: Building workspace] INFO  o.e.m.c.i.embedder.EclipseLogger - Using 'UTF-8' encoding to copy filtered resources.
2026-05-21 23:19:14,085 [Worker-56: Building workspace] INFO  o.e.m.c.i.embedder.EclipseLogger - skip non existing resourceDirectory D:\Spring\spring-mvc-simple\src\test\resources
2026-05-21 23:49:25,381 [Worker-59: Building workspace] WARN  o.e.m.c.i.embedder.EclipseLogger - Using platform encoding (Cp1252 actually) to copy filtered resources, i.e. build is platform dependent!
2026-05-21 23:49:25,384 [Worker-59: Building workspace] INFO  o.e.m.c.i.embedder.EclipseLogger - Copying 10 resources
2026-05-21 23:49:25,388 [Worker-59: Building workspace] WARN  o.e.m.c.i.embedder.EclipseLogger - Using platform encoding (Cp1252 actually) to copy filtered resources, i.e. build is platform dependent!
2026-05-21 23:49:25,389 [Worker-59: Building workspace] INFO  o.e.m.c.i.embedder.EclipseLogger - Copying 0 resource
2026-05-21 23:49:59,924 [Worker-61: Building workspace] WARN  o.e.m.c.i.embedder.EclipseLogger - Using platform encoding (Cp1252 actually) to copy filtered resources, i.e. build is platform dependent!
2026-05-21 23:49:59,927 [Worker-61: Building workspace] INFO  o.e.m.c.i.embedder.EclipseLogger - Copying 10 resources
2026-05-21 23:49:59,929 [Worker-61: Building workspace] WARN  o.e.m.c.i.embedder.EclipseLogger - Using platform encoding (Cp1252 actually) to copy filtered resources, i.e. build is platform dependent!
2026-05-21 23:49:59,929 [Worker-61: Building workspace] INFO  o.e.m.c.i.embedder.EclipseLogger - Copying 0 resource
2026-05-21 23:50:12,612 [Worker-61: Building workspace] WARN  o.e.m.c.i.embedder.EclipseLogger - Using platform encoding (Cp1252 actually) to copy filtered resources, i.e. build is platform dependent!
2026-05-21 23:50:12,614 [Worker-61: Building workspace] INFO  o.e.m.c.i.embedder.EclipseLogger - Copying 10 resources
2026-05-21 23:50:12,616 [Worker-61: Building workspace] WARN  o.e.m.c.i.embedder.EclipseLogger - Using platform encoding (Cp1252 actually) to copy filtered resources, i.e. build is platform dependent!
2026-05-21 23:50:12,618 [Worker-61: Building workspace] INFO  o.e.m.c.i.embedder.EclipseLogger - Copying 0 resource
2026-05-21 23:52:09,964 [Worker-65: Building workspace] WARN  o.e.m.c.i.embedder.EclipseLogger - Using platform encoding (Cp1252 actually) to copy filtered resources, i.e. build is platform dependent!
2026-05-21 23:52:09,967 [Worker-65: Building workspace] INFO  o.e.m.c.i.embedder.EclipseLogger - Copying 10 resources
2026-05-21 23:52:09,971 [Worker-65: Building workspace] WARN  o.e.m.c.i.embedder.EclipseLogger - Using platform encoding (Cp1252 actually) to copy filtered resources, i.e. build is platform dependent!
2026-05-21 23:52:09,972 [Worker-65: Building workspace] INFO  o.e.m.c.i.embedder.EclipseLogger - Copying 0 resource
2026-05-21 23:52:14,572 [Worker-66: Building workspace] WARN  o.e.m.c.i.embedder.EclipseLogger - Using platform encoding (Cp1252 actually) to copy filtered resources, i.e. build is platform dependent!
2026-05-21 23:52:14,575 [Worker-66: Building workspace] INFO  o.e.m.c.i.embedder.EclipseLogger - Copying 10 resources
2026-05-21 23:52:14,577 [Worker-66: Building workspace] WARN  o.e.m.c.i.embedder.EclipseLogger - Using platform encoding (Cp1252 actually) to copy filtered resources, i.e. build is platform dependent!
2026-05-21 23:52:14,579 [Worker-66: Building workspace] INFO  o.e.m.c.i.embedder.EclipseLogger - Copying 0 resource
2026-05-21 23:52:49,376 [Worker-61: Building workspace] WARN  o.e.m.c.i.embedder.EclipseLogger - Using platform encoding (Cp1252 actually) to copy filtered resources, i.e. build is platform dependent!
2026-05-21 23:52:49,377 [Worker-61: Building workspace] INFO  o.e.m.c.i.embedder.EclipseLogger - Copying 10 resources
2026-05-21 23:52:49,380 [Worker-61: Building workspace] WARN  o.e.m.c.i.embedder.EclipseLogger - Using platform encoding (Cp1252 actually) to copy filtered resources, i.e. build is platform dependent!
2026-05-21 23:52:49,381 [Worker-61: Building workspace] INFO  o.e.m.c.i.embedder.EclipseLogger - Copying 0 resource
2026-05-21 23:53:09,905 [Worker-65: Building workspace] WARN  o.e.m.c.i.embedder.EclipseLogger - Using platform encoding (Cp1252 actually) to copy filtered resources, i.e. build is platform dependent!
2026-05-21 23:53:09,908 [Worker-65: Building workspace] INFO  o.e.m.c.i.embedder.EclipseLogger - Copying 10 resources
2026-05-21 23:53:09,910 [Worker-65: Building workspace] WARN  o.e.m.c.i.embedder.EclipseLogger - Using platform encoding (Cp1252 actually) to copy filtered resources, i.e. build is platform dependent!
2026-05-21 23:53:09,912 [Worker-65: Building workspace] INFO  o.e.m.c.i.embedder.EclipseLogger - Copying 0 resource
2026-05-21 23:53:57,552 [Worker-65: Building workspace] WARN  o.e.m.c.i.embedder.EclipseLogger - Using platform encoding (Cp1252 actually) to copy filtered resources, i.e. build is platform dependent!
2026-05-21 23:53:57,577 [Worker-65: Building workspace] INFO  o.e.m.c.i.embedder.EclipseLogger - Copying 1 resource
2026-05-21 23:53:57,580 [Worker-65: Building workspace] WARN  o.e.m.c.i.embedder.EclipseLogger - Using platform encoding (Cp1252 actually) to copy filtered resources, i.e. build is platform dependent!
2026-05-21 23:53:57,581 [Worker-65: Building workspace] INFO  o.e.m.c.i.embedder.EclipseLogger - Copying 0 resource
2026-05-21 23:54:49,323 [Worker-67: Building workspace] WARN  o.e.m.c.i.embedder.EclipseLogger - Using platform encoding (Cp1252 actually) to copy filtered resources, i.e. build is platform dependent!
2026-05-21 23:54:49,325 [Worker-67: Building workspace] INFO  o.e.m.c.i.embedder.EclipseLogger - Copying 1 resource
2026-05-21 23:54:49,331 [Worker-67: Building workspace] WARN  o.e.m.c.i.embedder.EclipseLogger - Using platform encoding (Cp1252 actually) to copy filtered resources, i.e. build is platform dependent!
2026-05-21 23:54:49,332 [Worker-67: Building workspace] INFO  o.e.m.c.i.embedder.EclipseLogger - Copying 0 resource
2026-05-21 23:55:29,290 [Worker-66: Building workspace] WARN  o.e.m.c.i.embedder.EclipseLogger - Using platform encoding (Cp1252 actually) to copy filtered resources, i.e. build is platform dependent!
2026-05-21 23:55:29,291 [Worker-66: Building workspace] INFO  o.e.m.c.i.embedder.EclipseLogger - Copying 1 resource
2026-05-21 23:55:29,295 [Worker-66: Building workspace] WARN  o.e.m.c.i.embedder.EclipseLogger - Using platform encoding (Cp1252 actually) to copy filtered resources, i.e. build is platform dependent!
2026-05-21 23:55:29,296 [Worker-66: Building workspace] INFO  o.e.m.c.i.embedder.EclipseLogger - Copying 0 resource
2026-05-21 23:56:44,954 [Worker-64: Building workspace] WARN  o.e.m.c.i.embedder.EclipseLogger - Using platform encoding (Cp1252 actually) to copy filtered resources, i.e. build is platform dependent!
2026-05-21 23:56:44,955 [Worker-64: Building workspace] INFO  o.e.m.c.i.embedder.EclipseLogger - Copying 1 resource
2026-05-21 23:56:44,958 [Worker-64: Building workspace] WARN  o.e.m.c.i.embedder.EclipseLogger - Using platform encoding (Cp1252 actually) to copy filtered resources, i.e. build is platform dependent!
2026-05-21 23:56:44,959 [Worker-64: Building workspace] INFO  o.e.m.c.i.embedder.EclipseLogger - Copying 0 resource
2026-05-21 23:56:49,957 [Worker-65: Building workspace] WARN  o.e.m.c.i.embedder.EclipseLogger - Using platform encoding (Cp1252 actually) to copy filtered resources, i.e. build is platform dependent!
2026-05-21 23:56:49,959 [Worker-65: Building workspace] INFO  o.e.m.c.i.embedder.EclipseLogger - Copying 1 resource
2026-05-21 23:56:49,964 [Worker-65: Building workspace] WARN  o.e.m.c.i.embedder.EclipseLogger - Using platform encoding (Cp1252 actually) to copy filtered resources, i.e. build is platform dependent!
2026-05-21 23:56:49,969 [Worker-65: Building workspace] INFO  o.e.m.c.i.embedder.EclipseLogger - Copying 0 resource
2026-05-21 23:57:05,127 [Worker-61: Building workspace] WARN  o.e.m.c.i.embedder.EclipseLogger - Using platform encoding (Cp1252 actually) to copy filtered resources, i.e. build is platform dependent!
2026-05-21 23:57:05,128 [Worker-61: Building workspace] INFO  o.e.m.c.i.embedder.EclipseLogger - Copying 1 resource
2026-05-21 23:57:05,130 [Worker-61: Building workspace] WARN  o.e.m.c.i.embedder.EclipseLogger - Using platform encoding (Cp1252 actually) to copy filtered resources, i.e. build is platform dependent!
2026-05-21 23:57:05,131 [Worker-61: Building workspace] INFO  o.e.m.c.i.embedder.EclipseLogger - Copying 0 resource
2026-05-21 23:57:38,327 [Worker-67: Building workspace] WARN  o.e.m.c.i.embedder.EclipseLogger - Using platform encoding (Cp1252 actually) to copy filtered resources, i.e. build is platform dependent!
2026-05-21 23:57:38,328 [Worker-67: Building workspace] INFO  o.e.m.c.i.embedder.EclipseLogger - Copying 1 resource
2026-05-21 23:57:38,331 [Worker-67: Building workspace] WARN  o.e.m.c.i.embedder.EclipseLogger - Using platform encoding (Cp1252 actually) to copy filtered resources, i.e. build is platform dependent!
2026-05-21 23:57:38,332 [Worker-67: Building workspace] INFO  o.e.m.c.i.embedder.EclipseLogger - Copying 0 resource
2026-05-21 23:58:34,699 [Worker-64: Building workspace] WARN  o.e.m.c.i.embedder.EclipseLogger - Using platform encoding (Cp1252 actually) to copy filtered resources, i.e. build is platform dependent!
2026-05-21 23:58:34,704 [Worker-64: Building workspace] INFO  o.e.m.c.i.embedder.EclipseLogger - Copying 1 resource
2026-05-21 23:58:34,709 [Worker-64: Building workspace] WARN  o.e.m.c.i.embedder.EclipseLogger - Using platform encoding (Cp1252 actually) to copy filtered resources, i.e. build is platform dependent!
2026-05-21 23:58:34,711 [Worker-64: Building workspace] INFO  o.e.m.c.i.embedder.EclipseLogger - Copying 0 resource
2026-05-21 23:58:58,493 [Worker-65: Building workspace] WARN  o.e.m.c.i.embedder.EclipseLogger - Using platform encoding (Cp1252 actually) to copy filtered resources, i.e. build is platform dependent!
2026-05-21 23:58:58,495 [Worker-65: Building workspace] INFO  o.e.m.c.i.embedder.EclipseLogger - Copying 11 resources
2026-05-21 23:58:58,497 [Worker-65: Building workspace] WARN  o.e.m.c.i.embedder.EclipseLogger - Using platform encoding (Cp1252 actually) to copy filtered resources, i.e. build is platform dependent!
2026-05-21 23:58:58,498 [Worker-65: Building workspace] INFO  o.e.m.c.i.embedder.EclipseLogger - Copying 0 resource
2026-05-22 00:00:10,134 [Worker-66: Building workspace] WARN  o.e.m.c.i.embedder.EclipseLogger - Using platform encoding (Cp1252 actually) to copy filtered resources, i.e. build is platform dependent!
2026-05-22 00:00:10,136 [Worker-66: Building workspace] INFO  o.e.m.c.i.embedder.EclipseLogger - Copying 11 resources
2026-05-22 00:00:10,141 [Worker-66: Building workspace] WARN  o.e.m.c.i.embedder.EclipseLogger - Using platform encoding (Cp1252 actually) to copy filtered resources, i.e. build is platform dependent!
2026-05-22 00:00:10,142 [Worker-66: Building workspace] INFO  o.e.m.c.i.embedder.EclipseLogger - Copying 0 resource
2026-05-22 00:00:19,982 [Worker-65: Building workspace] WARN  o.e.m.c.i.embedder.EclipseLogger - Using platform encoding (Cp1252 actually) to copy filtered resources, i.e. build is platform dependent!
2026-05-22 00:00:19,984 [Worker-65: Building workspace] INFO  o.e.m.c.i.embedder.EclipseLogger - Copying 11 resources
2026-05-22 00:00:19,986 [Worker-65: Building workspace] WARN  o.e.m.c.i.embedder.EclipseLogger - Using platform encoding (Cp1252 actually) to copy filtered resources, i.e. build is platform dependent!
2026-05-22 00:00:19,987 [Worker-65: Building workspace] INFO  o.e.m.c.i.embedder.EclipseLogger - Copying 0 resource
2026-05-22 00:00:52,479 [Worker-66: Building workspace] WARN  o.e.m.c.i.embedder.EclipseLogger - Using platform encoding (Cp1252 actually) to copy filtered resources, i.e. build is platform dependent!
2026-05-22 00:00:52,480 [Worker-66: Building workspace] INFO  o.e.m.c.i.embedder.EclipseLogger - Copying 11 resources
2026-05-22 00:00:52,482 [Worker-66: Building workspace] WARN  o.e.m.c.i.embedder.EclipseLogger - Using platform encoding (Cp1252 actually) to copy filtered resources, i.e. build is platform dependent!
2026-05-22 00:00:52,482 [Worker-66: Building workspace] INFO  o.e.m.c.i.embedder.EclipseLogger - Copying 0 resource
2026-05-22 00:01:07,546 [Worker-64: Building workspace] WARN  o.e.m.c.i.embedder.EclipseLogger - Using platform encoding (Cp1252 actually) to copy filtered resources, i.e. build is platform dependent!
2026-05-22 00:01:07,547 [Worker-64: Building workspace] INFO  o.e.m.c.i.embedder.EclipseLogger - Copying 11 resources
2026-05-22 00:01:07,549 [Worker-64: Building workspace] WARN  o.e.m.c.i.embedder.EclipseLogger - Using platform encoding (Cp1252 actually) to copy filtered resources, i.e. build is platform dependent!
2026-05-22 00:01:07,549 [Worker-64: Building workspace] INFO  o.e.m.c.i.embedder.EclipseLogger - Copying 0 resource
2026-05-22 00:01:42,672 [Worker-68: Building workspace] WARN  o.e.m.c.i.embedder.EclipseLogger - Using platform encoding (Cp1252 actually) to copy filtered resources, i.e. build is platform dependent!
2026-05-22 00:01:42,674 [Worker-68: Building workspace] INFO  o.e.m.c.i.embedder.EclipseLogger - Copying 11 resources
2026-05-22 00:01:42,676 [Worker-68: Building workspace] WARN  o.e.m.c.i.embedder.EclipseLogger - Using platform encoding (Cp1252 actually) to copy filtered resources, i.e. build is platform dependent!
2026-05-22 00:01:42,677 [Worker-68: Building workspace] INFO  o.e.m.c.i.embedder.EclipseLogger - Copying 0 resource
2026-05-22 00:07:58,005 [Worker-70: Building workspace] WARN  o.e.m.c.i.embedder.EclipseLogger - Using platform encoding (Cp1252 actually) to copy filtered resources, i.e. build is platform dependent!
2026-05-22 00:07:58,007 [Worker-70: Building workspace] INFO  o.e.m.c.i.embedder.EclipseLogger - Copying 11 resources
2026-05-22 00:07:58,009 [Worker-70: Building workspace] WARN  o.e.m.c.i.embedder.EclipseLogger - Using platform encoding (Cp1252 actually) to copy filtered resources, i.e. build is platform dependent!
2026-05-22 00:07:58,010 [Worker-70: Building workspace] INFO  o.e.m.c.i.embedder.EclipseLogger - Copying 0 resource
2026-05-22 00:08:03,978 [Worker-70: Building workspace] WARN  o.e.m.c.i.embedder.EclipseLogger - Using platform encoding (Cp1252 actually) to copy filtered resources, i.e. build is platform dependent!
2026-05-22 00:08:03,980 [Worker-70: Building workspace] INFO  o.e.m.c.i.embedder.EclipseLogger - Copying 11 resources
2026-05-22 00:08:03,982 [Worker-70: Building workspace] WARN  o.e.m.c.i.embedder.EclipseLogger - Using platform encoding (Cp1252 actually) to copy filtered resources, i.e. build is platform dependent!
2026-05-22 00:08:03,984 [Worker-70: Building workspace] INFO  o.e.m.c.i.embedder.EclipseLogger - Copying 0 resource
2026-05-22 00:08:12,953 [Worker-68: Building workspace] WARN  o.e.m.c.i.embedder.EclipseLogger - Using platform encoding (Cp1252 actually) to copy filtered resources, i.e. build is platform dependent!
2026-05-22 00:08:12,955 [Worker-68: Building workspace] INFO  o.e.m.c.i.embedder.EclipseLogger - Copying 11 resources
2026-05-22 00:08:12,957 [Worker-68: Building workspace] WARN  o.e.m.c.i.embedder.EclipseLogger - Using platform encoding (Cp1252 actually) to copy filtered resources, i.e. build is platform dependent!
2026-05-22 00:08:12,958 [Worker-68: Building workspace] INFO  o.e.m.c.i.embedder.EclipseLogger - Copying 0 resource
2026-05-22 00:08:36,272 [Worker-70: Building workspace] WARN  o.e.m.c.i.embedder.EclipseLogger - Using platform encoding (Cp1252 actually) to copy filtered resources, i.e. build is platform dependent!
2026-05-22 00:08:36,274 [Worker-70: Building workspace] INFO  o.e.m.c.i.embedder.EclipseLogger - Copying 1 resource
2026-05-22 00:08:36,278 [Worker-70: Building workspace] WARN  o.e.m.c.i.embedder.EclipseLogger - Using platform encoding (Cp1252 actually) to copy filtered resources, i.e. build is platform dependent!
2026-05-22 00:08:36,279 [Worker-70: Building workspace] INFO  o.e.m.c.i.embedder.EclipseLogger - Copying 0 resource
2026-05-22 00:10:19,442 [Worker-68: Building workspace] WARN  o.e.m.c.i.embedder.EclipseLogger - Using platform encoding (Cp1252 actually) to copy filtered resources, i.e. build is platform dependent!
2026-05-22 00:10:19,443 [Worker-68: Building workspace] INFO  o.e.m.c.i.embedder.EclipseLogger - Copying 1 resource
2026-05-22 00:10:19,448 [Worker-68: Building workspace] WARN  o.e.m.c.i.embedder.EclipseLogger - Using platform encoding (Cp1252 actually) to copy filtered resources, i.e. build is platform dependent!
2026-05-22 00:10:19,450 [Worker-68: Building workspace] INFO  o.e.m.c.i.embedder.EclipseLogger - Copying 0 resource
2026-05-22 00:10:55,546 [Worker-68: Building workspace] WARN  o.e.m.c.i.embedder.EclipseLogger - Using platform encoding (Cp1252 actually) to copy filtered resources, i.e. build is platform dependent!
2026-05-22 00:10:55,548 [Worker-68: Building workspace] INFO  o.e.m.c.i.embedder.EclipseLogger - Copying 12 resources
2026-05-22 00:10:55,549 [Worker-68: Building workspace] WARN  o.e.m.c.i.embedder.EclipseLogger - Using platform encoding (Cp1252 actually) to copy filtered resources, i.e. build is platform dependent!
2026-05-22 00:10:55,550 [Worker-68: Building workspace] INFO  o.e.m.c.i.embedder.EclipseLogger - Copying 0 resource
2026-05-22 00:11:23,312 [Worker-68: Launching TestEmployee (1)] WARN  o.e.m.c.i.embedder.EclipseLogger - Using platform encoding (Cp1252 actually) to copy filtered resources, i.e. build is platform dependent!
2026-05-22 00:11:23,314 [Worker-68: Launching TestEmployee (1)] INFO  o.e.m.c.i.embedder.EclipseLogger - Copying 12 resources
2026-05-22 00:11:23,316 [Worker-68: Launching TestEmployee (1)] WARN  o.e.m.c.i.embedder.EclipseLogger - Using platform encoding (Cp1252 actually) to copy filtered resources, i.e. build is platform dependent!
2026-05-22 00:11:23,317 [Worker-68: Launching TestEmployee (1)] INFO  o.e.m.c.i.embedder.EclipseLogger - Copying 0 resource
2026-05-22 00:14:21,449 [Worker-75: Building workspace] WARN  o.e.m.c.i.embedder.EclipseLogger - Using platform encoding (Cp1252 actually) to copy filtered resources, i.e. build is platform dependent!
2026-05-22 00:14:21,451 [Worker-75: Building workspace] INFO  o.e.m.c.i.embedder.EclipseLogger - Copying 1 resource
2026-05-22 00:14:21,454 [Worker-75: Building workspace] WARN  o.e.m.c.i.embedder.EclipseLogger - Using platform encoding (Cp1252 actually) to copy filtered resources, i.e. build is platform dependent!
2026-05-22 00:14:21,455 [Worker-75: Building workspace] INFO  o.e.m.c.i.embedder.EclipseLogger - Copying 0 resource
2026-05-22 00:14:47,503 [Worker-65: Building workspace] WARN  o.e.m.c.i.embedder.EclipseLogger - Using platform encoding (Cp1252 actually) to copy filtered resources, i.e. build is platform dependent!
2026-05-22 00:14:47,504 [Worker-65: Building workspace] INFO  o.e.m.c.i.embedder.EclipseLogger - Copying 1 resource
2026-05-22 00:14:47,508 [Worker-65: Building workspace] WARN  o.e.m.c.i.embedder.EclipseLogger - Using platform encoding (Cp1252 actually) to copy filtered resources, i.e. build is platform dependent!
2026-05-22 00:14:47,509 [Worker-65: Building workspace] INFO  o.e.m.c.i.embedder.EclipseLogger - Copying 0 resource
2026-05-22 00:15:20,669 [Worker-75: Building workspace] WARN  o.e.m.c.i.embedder.EclipseLogger - Using platform encoding (Cp1252 actually) to copy filtered resources, i.e. build is platform dependent!
2026-05-22 00:15:20,671 [Worker-75: Building workspace] INFO  o.e.m.c.i.embedder.EclipseLogger - Copying 1 resource
2026-05-22 00:15:20,674 [Worker-75: Building workspace] WARN  o.e.m.c.i.embedder.EclipseLogger - Using platform encoding (Cp1252 actually) to copy filtered resources, i.e. build is platform dependent!
2026-05-22 00:15:20,675 [Worker-75: Building workspace] INFO  o.e.m.c.i.embedder.EclipseLogger - Copying 0 resource
2026-05-22 00:17:08,735 [Worker-65: Building workspace] WARN  o.e.m.c.i.embedder.EclipseLogger - Using platform encoding (Cp1252 actually) to copy filtered resources, i.e. build is platform dependent!
2026-05-22 00:17:08,737 [Worker-65: Building workspace] INFO  o.e.m.c.i.embedder.EclipseLogger - Copying 12 resources
2026-05-22 00:17:08,740 [Worker-65: Building workspace] WARN  o.e.m.c.i.embedder.EclipseLogger - Using platform encoding (Cp1252 actually) to copy filtered resources, i.e. build is platform dependent!
2026-05-22 00:17:08,741 [Worker-65: Building workspace] INFO  o.e.m.c.i.embedder.EclipseLogger - Copying 0 resource
2026-05-22 00:17:14,424 [Worker-74: Building workspace] WARN  o.e.m.c.i.embedder.EclipseLogger - Using platform encoding (Cp1252 actually) to copy filtered resources, i.e. build is platform dependent!
2026-05-22 00:17:14,426 [Worker-74: Building workspace] INFO  o.e.m.c.i.embedder.EclipseLogger - Copying 12 resources
2026-05-22 00:17:14,427 [Worker-74: Building workspace] WARN  o.e.m.c.i.embedder.EclipseLogger - Using platform encoding (Cp1252 actually) to copy filtered resources, i.e. build is platform dependent!
2026-05-22 00:17:14,428 [Worker-74: Building workspace] INFO  o.e.m.c.i.embedder.EclipseLogger - Copying 0 resource
2026-05-22 00:17:21,711 [Worker-72: Building workspace] WARN  o.e.m.c.i.embedder.EclipseLogger - Using platform encoding (Cp1252 actually) to copy filtered resources, i.e. build is platform dependent!
2026-05-22 00:17:21,713 [Worker-72: Building workspace] INFO  o.e.m.c.i.embedder.EclipseLogger - Copying 12 resources
2026-05-22 00:17:21,715 [Worker-72: Building workspace] WARN  o.e.m.c.i.embedder.EclipseLogger - Using platform encoding (Cp1252 actually) to copy filtered resources, i.e. build is platform dependent!
2026-05-22 00:17:21,715 [Worker-72: Building workspace] INFO  o.e.m.c.i.embedder.EclipseLogger - Copying 0 resource
2026-05-22 00:17:41,523 [Worker-65: Building workspace] WARN  o.e.m.c.i.embedder.EclipseLogger - Using platform encoding (Cp1252 actually) to copy filtered resources, i.e. build is platform dependent!
2026-05-22 00:17:41,525 [Worker-65: Building workspace] INFO  o.e.m.c.i.embedder.EclipseLogger - Copying 12 resources
2026-05-22 00:17:41,527 [Worker-65: Building workspace] WARN  o.e.m.c.i.embedder.EclipseLogger - Using platform encoding (Cp1252 actually) to copy filtered resources, i.e. build is platform dependent!
2026-05-22 00:17:41,528 [Worker-65: Building workspace] INFO  o.e.m.c.i.embedder.EclipseLogger - Copying 0 resource
2026-05-22 00:18:05,653 [Worker-75: Building workspace] WARN  o.e.m.c.i.embedder.EclipseLogger - Using platform encoding (Cp1252 actually) to copy filtered resources, i.e. build is platform dependent!
2026-05-22 00:18:05,655 [Worker-75: Building workspace] INFO  o.e.m.c.i.embedder.EclipseLogger - Copying 12 resources
2026-05-22 00:18:05,658 [Worker-75: Building workspace] WARN  o.e.m.c.i.embedder.EclipseLogger - Using platform encoding (Cp1252 actually) to copy filtered resources, i.e. build is platform dependent!
2026-05-22 00:18:05,659 [Worker-75: Building workspace] INFO  o.e.m.c.i.embedder.EclipseLogger - Copying 0 resource
2026-05-22 00:18:14,481 [Worker-72: Building workspace] WARN  o.e.m.c.i.embedder.EclipseLogger - Using platform encoding (Cp1252 actually) to copy filtered resources, i.e. build is platform dependent!
2026-05-22 00:18:14,483 [Worker-72: Building workspace] INFO  o.e.m.c.i.embedder.EclipseLogger - Copying 12 resources
2026-05-22 00:18:14,485 [Worker-72: Building workspace] WARN  o.e.m.c.i.embedder.EclipseLogger - Using platform encoding (Cp1252 actually) to copy filtered resources, i.e. build is platform dependent!
2026-05-22 00:18:14,485 [Worker-72: Building workspace] INFO  o.e.m.c.i.embedder.EclipseLogger - Copying 0 resource
2026-05-22 00:19:02,344 [Worker-75: Building workspace] WARN  o.e.m.c.i.embedder.EclipseLogger - Using platform encoding (Cp1252 actually) to copy filtered resources, i.e. build is platform dependent!
2026-05-22 00:19:02,346 [Worker-75: Building workspace] INFO  o.e.m.c.i.embedder.EclipseLogger - Copying 1 resource
2026-05-22 00:19:02,349 [Worker-75: Building workspace] WARN  o.e.m.c.i.embedder.EclipseLogger - Using platform encoding (Cp1252 actually) to copy filtered resources, i.e. build is platform dependent!
2026-05-22 00:19:02,350 [Worker-75: Building workspace] INFO  o.e.m.c.i.embedder.EclipseLogger - Copying 0 resource
2026-05-22 00:19:13,593 [Worker-76: Building workspace] WARN  o.e.m.c.i.embedder.EclipseLogger - Using platform encoding (Cp1252 actually) to copy filtered resources, i.e. build is platform dependent!
2026-05-22 00:19:13,594 [Worker-76: Building workspace] INFO  o.e.m.c.i.embedder.EclipseLogger - Copying 1 resource
2026-05-22 00:19:13,596 [Worker-76: Building workspace] WARN  o.e.m.c.i.embedder.EclipseLogger - Using platform encoding (Cp1252 actually) to copy filtered resources, i.e. build is platform dependent!
2026-05-22 00:19:13,596 [Worker-76: Building workspace] INFO  o.e.m.c.i.embedder.EclipseLogger - Copying 0 resource
2026-05-22 00:20:21,602 [Worker-75: Building workspace] WARN  o.e.m.c.i.embedder.EclipseLogger - Using platform encoding (Cp1252 actually) to copy filtered resources, i.e. build is platform dependent!
2026-05-22 00:20:21,604 [Worker-75: Building workspace] INFO  o.e.m.c.i.embedder.EclipseLogger - Copying 1 resource
2026-05-22 00:20:21,608 [Worker-75: Building workspace] WARN  o.e.m.c.i.embedder.EclipseLogger - Using platform encoding (Cp1252 actually) to copy filtered resources, i.e. build is platform dependent!
2026-05-22 00:20:21,610 [Worker-75: Building workspace] INFO  o.e.m.c.i.embedder.EclipseLogger - Copying 0 resource
2026-05-22 00:20:24,069 [Worker-76: Building workspace] WARN  o.e.m.c.i.embedder.EclipseLogger - Using platform encoding (Cp1252 actually) to copy filtered resources, i.e. build is platform dependent!
2026-05-22 00:20:24,071 [Worker-76: Building workspace] INFO  o.e.m.c.i.embedder.EclipseLogger - Copying 13 resources
2026-05-22 00:20:24,074 [Worker-76: Building workspace] WARN  o.e.m.c.i.embedder.EclipseLogger - Using platform encoding (Cp1252 actually) to copy filtered resources, i.e. build is platform dependent!
2026-05-22 00:20:24,075 [Worker-76: Building workspace] INFO  o.e.m.c.i.embedder.EclipseLogger - Copying 0 resource
2026-05-22 00:21:08,025 [Worker-65: Building workspace] WARN  o.e.m.c.i.embedder.EclipseLogger - Using platform encoding (Cp1252 actually) to copy filtered resources, i.e. build is platform dependent!
2026-05-22 00:21:08,027 [Worker-65: Building workspace] INFO  o.e.m.c.i.embedder.EclipseLogger - Copying 1 resource
2026-05-22 00:21:08,032 [Worker-65: Building workspace] WARN  o.e.m.c.i.embedder.EclipseLogger - Using platform encoding (Cp1252 actually) to copy filtered resources, i.e. build is platform dependent!
2026-05-22 00:21:08,033 [Worker-65: Building workspace] INFO  o.e.m.c.i.embedder.EclipseLogger - Copying 0 resource
2026-05-22 00:21:38,062 [Worker-77: Building workspace] WARN  o.e.m.c.i.embedder.EclipseLogger - Using platform encoding (Cp1252 actually) to copy filtered resources, i.e. build is platform dependent!
2026-05-22 00:21:38,063 [Worker-77: Building workspace] INFO  o.e.m.c.i.embedder.EclipseLogger - Copying 13 resources
2026-05-22 00:21:38,064 [Worker-77: Building workspace] WARN  o.e.m.c.i.embedder.EclipseLogger - Using platform encoding (Cp1252 actually) to copy filtered resources, i.e. build is platform dependent!
2026-05-22 00:21:38,065 [Worker-77: Building workspace] INFO  o.e.m.c.i.embedder.EclipseLogger - Copying 0 resource
2026-05-22 00:22:14,883 [Worker-65: Building workspace] WARN  o.e.m.c.i.embedder.EclipseLogger - Using platform encoding (Cp1252 actually) to copy filtered resources, i.e. build is platform dependent!
2026-05-22 00:22:14,884 [Worker-65: Building workspace] INFO  o.e.m.c.i.embedder.EclipseLogger - Copying 13 resources
2026-05-22 00:22:14,886 [Worker-65: Building workspace] WARN  o.e.m.c.i.embedder.EclipseLogger - Using platform encoding (Cp1252 actually) to copy filtered resources, i.e. build is platform dependent!
2026-05-22 00:22:14,887 [Worker-65: Building workspace] INFO  o.e.m.c.i.embedder.EclipseLogger - Copying 0 resource
2026-05-22 00:22:23,709 [Worker-75: Building workspace] WARN  o.e.m.c.i.embedder.EclipseLogger - Using platform encoding (Cp1252 actually) to copy filtered resources, i.e. build is platform dependent!
2026-05-22 00:22:23,710 [Worker-75: Building workspace] INFO  o.e.m.c.i.embedder.EclipseLogger - Copying 13 resources
2026-05-22 00:22:23,711 [Worker-75: Building workspace] WARN  o.e.m.c.i.embedder.EclipseLogger - Using platform encoding (Cp1252 actually) to copy filtered resources, i.e. build is platform dependent!
2026-05-22 00:22:23,711 [Worker-75: Building workspace] INFO  o.e.m.c.i.embedder.EclipseLogger - Copying 0 resource
2026-05-22 00:23:11,732 [Worker-72: Building workspace] WARN  o.e.m.c.i.embedder.EclipseLogger - Using platform encoding (Cp1252 actually) to copy filtered resources, i.e. build is platform dependent!
2026-05-22 00:23:11,733 [Worker-72: Building workspace] INFO  o.e.m.c.i.embedder.EclipseLogger - Copying 13 resources
2026-05-22 00:23:11,736 [Worker-72: Building workspace] WARN  o.e.m.c.i.embedder.EclipseLogger - Using platform encoding (Cp1252 actually) to copy filtered resources, i.e. build is platform dependent!
2026-05-22 00:23:11,737 [Worker-72: Building workspace] INFO  o.e.m.c.i.embedder.EclipseLogger - Copying 0 resource
2026-05-22 11:29:00,202 [Worker-0: Loading available Gradle versions] INFO  o.e.b.c.i.u.g.PublishedGradleVersions - Gradle version information cache is up-to-date. Trying to read.
2026-05-22 11:29:11,644 [Worker-7: Building workspace] INFO  o.e.m.c.i.embedder.EclipseLogger - Using 'UTF-8' encoding to copy filtered resources.
2026-05-22 11:29:11,653 [Worker-7: Building workspace] INFO  o.e.m.c.i.embedder.EclipseLogger - Copying 0 resource
2026-05-22 11:29:11,659 [Worker-7: Building workspace] INFO  o.e.m.c.i.embedder.EclipseLogger - Using 'UTF-8' encoding to copy filtered resources.
2026-05-22 11:29:11,659 [Worker-7: Building workspace] INFO  o.e.m.c.i.embedder.EclipseLogger - skip non existing resourceDirectory D:\Spring\spring-mvc-simple\src\test\resources
2026-05-22 11:30:53,613 [Worker-15: Building workspace] WARN  o.e.m.c.i.embedder.EclipseLogger - Using platform encoding (Cp1252 actually) to copy filtered resources, i.e. build is platform dependent!
2026-05-22 11:30:53,615 [Worker-15: Building workspace] INFO  o.e.m.c.i.embedder.EclipseLogger - Copying 13 resources
2026-05-22 11:30:53,624 [Worker-15: Building workspace] WARN  o.e.m.c.i.embedder.EclipseLogger - Using platform encoding (Cp1252 actually) to copy filtered resources, i.e. build is platform dependent!
2026-05-22 11:30:53,625 [Worker-15: Building workspace] INFO  o.e.m.c.i.embedder.EclipseLogger - Copying 0 resource
2026-05-22 11:33:53,458 [Worker-5: Building workspace] WARN  o.e.m.c.i.embedder.EclipseLogger - Using platform encoding (Cp1252 actually) to copy filtered resources, i.e. build is platform dependent!
2026-05-22 11:33:53,462 [Worker-5: Building workspace] INFO  o.e.m.c.i.embedder.EclipseLogger - Copying 1 resource
2026-05-22 11:33:53,468 [Worker-5: Building workspace] WARN  o.e.m.c.i.embedder.EclipseLogger - Using platform encoding (Cp1252 actually) to copy filtered resources, i.e. build is platform dependent!
2026-05-22 11:33:53,469 [Worker-5: Building workspace] INFO  o.e.m.c.i.embedder.EclipseLogger - Copying 0 resource
2026-05-22 11:36:15,561 [Worker-9: Building workspace] WARN  o.e.m.c.i.embedder.EclipseLogger - Using platform encoding (Cp1252 actually) to copy filtered resources, i.e. build is platform dependent!
2026-05-22 11:36:15,591 [Worker-9: Building workspace] INFO  o.e.m.c.i.embedder.EclipseLogger - Copying 13 resources
2026-05-22 11:36:15,595 [Worker-9: Building workspace] WARN  o.e.m.c.i.embedder.EclipseLogger - Using platform encoding (Cp1252 actually) to copy filtered resources, i.e. build is platform dependent!
2026-05-22 11:36:15,596 [Worker-9: Building workspace] INFO  o.e.m.c.i.embedder.EclipseLogger - Copying 0 resource
2026-05-23 10:14:06,148 [Worker-0: Loading available Gradle versions] INFO  o.e.b.c.i.u.g.PublishedGradleVersions - Gradle version information cache is up-to-date. Trying to read.
2026-05-23 10:14:20,188 [Worker-2: Building workspace] INFO  o.e.m.c.i.embedder.EclipseLogger - Using 'UTF-8' encoding to copy filtered resources.
2026-05-23 10:14:20,192 [Worker-2: Building workspace] INFO  o.e.m.c.i.embedder.EclipseLogger - Copying 0 resource
2026-05-23 10:14:20,195 [Worker-2: Building workspace] INFO  o.e.m.c.i.embedder.EclipseLogger - Using 'UTF-8' encoding to copy filtered resources.
2026-05-23 10:14:20,196 [Worker-2: Building workspace] INFO  o.e.m.c.i.embedder.EclipseLogger - skip non existing resourceDirectory D:\Spring\spring-mvc-simple\src\test\resources
2026-05-23 10:38:51,592 [Worker-17: Building workspace] WARN  o.e.m.c.i.embedder.EclipseLogger - Using platform encoding (Cp1252 actually) to copy filtered resources, i.e. build is platform dependent!
2026-05-23 10:38:51,595 [Worker-17: Building workspace] INFO  o.e.m.c.i.embedder.EclipseLogger - Copying 1 resource
2026-05-23 10:38:51,601 [Worker-17: Building workspace] WARN  o.e.m.c.i.embedder.EclipseLogger - Using platform encoding (Cp1252 actually) to copy filtered resources, i.e. build is platform dependent!
2026-05-23 10:38:51,602 [Worker-17: Building workspace] INFO  o.e.m.c.i.embedder.EclipseLogger - Copying 0 resource
2026-05-23 10:38:57,202 [Worker-15: Building workspace] WARN  o.e.m.c.i.embedder.EclipseLogger - Using platform encoding (Cp1252 actually) to copy filtered resources, i.e. build is platform dependent!
2026-05-23 10:38:57,214 [Worker-15: Building workspace] INFO  o.e.m.c.i.embedder.EclipseLogger - Copying 1 resource
2026-05-23 10:38:57,216 [Worker-15: Building workspace] WARN  o.e.m.c.i.embedder.EclipseLogger - Using platform encoding (Cp1252 actually) to copy filtered resources, i.e. build is platform dependent!
2026-05-23 10:38:57,220 [Worker-15: Building workspace] INFO  o.e.m.c.i.embedder.EclipseLogger - Copying 0 resource
2026-05-23 12:14:10,240 [Worker-33: Building workspace] INFO  o.e.m.c.i.embedder.EclipseLogger - Using 'UTF-8' encoding to copy filtered resources.
2026-05-23 12:14:10,243 [Worker-33: Building workspace] INFO  o.e.m.c.i.embedder.EclipseLogger - Copying 0 resource
2026-05-23 12:14:10,245 [Worker-33: Building workspace] INFO  o.e.m.c.i.embedder.EclipseLogger - Using 'UTF-8' encoding to copy filtered resources.
2026-05-23 12:14:10,245 [Worker-33: Building workspace] INFO  o.e.m.c.i.embedder.EclipseLogger - skip non existing resourceDirectory D:\Spring\spring-mvc-simple\src\test\resources
2026-05-23 12:14:19,995 [Worker-33: Building workspace] INFO  o.e.m.c.i.embedder.EclipseLogger - Using 'UTF-8' encoding to copy filtered resources.
2026-05-23 12:14:19,995 [Worker-33: Building workspace] INFO  o.e.m.c.i.embedder.EclipseLogger - Copying 0 resource
2026-05-23 12:14:19,996 [Worker-33: Building workspace] INFO  o.e.m.c.i.embedder.EclipseLogger - Using 'UTF-8' encoding to copy filtered resources.
2026-05-23 12:14:19,997 [Worker-33: Building workspace] INFO  o.e.m.c.i.embedder.EclipseLogger - skip non existing resourceDirectory D:\Spring\spring-mvc-simple\src\test\resources
2026-05-23 12:14:41,006 [Worker-33: Building workspace] INFO  o.e.m.c.i.embedder.EclipseLogger - Using 'UTF-8' encoding to copy filtered resources.
2026-05-23 12:14:41,006 [Worker-33: Building workspace] INFO  o.e.m.c.i.embedder.EclipseLogger - Copying 0 resource
2026-05-23 12:14:41,009 [Worker-33: Building workspace] INFO  o.e.m.c.i.embedder.EclipseLogger - Using 'UTF-8' encoding to copy filtered resources.
2026-05-23 12:14:41,009 [Worker-33: Building workspace] INFO  o.e.m.c.i.embedder.EclipseLogger - skip non existing resourceDirectory D:\Spring\spring-mvc-simple\src\test\resources
2026-05-23 12:15:19,839 [Worker-33: Building workspace] INFO  o.e.m.c.i.embedder.EclipseLogger - Using 'UTF-8' encoding to copy filtered resources.
2026-05-23 12:15:19,841 [Worker-33: Building workspace] INFO  o.e.m.c.i.embedder.EclipseLogger - Copying 0 resource
2026-05-23 12:15:19,843 [Worker-33: Building workspace] INFO  o.e.m.c.i.embedder.EclipseLogger - Using 'UTF-8' encoding to copy filtered resources.
2026-05-23 12:15:19,844 [Worker-33: Building workspace] INFO  o.e.m.c.i.embedder.EclipseLogger - skip non existing resourceDirectory D:\Spring\spring-mvc-simple\src\test\resources
2026-05-23 15:09:38,605 [Worker-43: Building workspace] INFO  o.e.m.c.i.embedder.EclipseLogger - Using 'UTF-8' encoding to copy filtered resources.
2026-05-23 15:09:38,857 [Worker-43: Building workspace] INFO  o.e.m.c.i.embedder.EclipseLogger - Copying 0 resource
2026-05-23 15:09:38,859 [Worker-43: Building workspace] INFO  o.e.m.c.i.embedder.EclipseLogger - Using 'UTF-8' encoding to copy filtered resources.
2026-05-23 15:09:38,859 [Worker-43: Building workspace] INFO  o.e.m.c.i.embedder.EclipseLogger - skip non existing resourceDirectory D:\Spring\spring-mvc-simple\src\test\resources
2026-05-23 15:10:00,430 [Worker-43: Building workspace] INFO  o.e.m.c.i.embedder.EclipseLogger - Using 'UTF-8' encoding to copy filtered resources.
2026-05-23 15:10:00,431 [Worker-43: Building workspace] INFO  o.e.m.c.i.embedder.EclipseLogger - Copying 0 resource
2026-05-23 15:10:00,433 [Worker-43: Building workspace] INFO  o.e.m.c.i.embedder.EclipseLogger - Using 'UTF-8' encoding to copy filtered resources.
2026-05-23 15:10:00,434 [Worker-43: Building workspace] INFO  o.e.m.c.i.embedder.EclipseLogger - skip non existing resourceDirectory D:\Spring\spring-mvc-simple\src\test\resources
2026-05-23 15:10:07,223 [Worker-45: Building workspace] INFO  o.e.m.c.i.embedder.EclipseLogger - Using 'UTF-8' encoding to copy filtered resources.
2026-05-23 15:10:07,225 [Worker-45: Building workspace] INFO  o.e.m.c.i.embedder.EclipseLogger - Copying 0 resource
2026-05-23 15:10:07,228 [Worker-45: Building workspace] INFO  o.e.m.c.i.embedder.EclipseLogger - Using 'UTF-8' encoding to copy filtered resources.
2026-05-23 15:10:07,229 [Worker-45: Building workspace] INFO  o.e.m.c.i.embedder.EclipseLogger - skip non existing resourceDirectory D:\Spring\spring-mvc-simple\src\test\resources
2026-05-23 15:11:10,154 [Worker-43: Building workspace] INFO  o.e.m.c.i.embedder.EclipseLogger - Using 'UTF-8' encoding to copy filtered resources.
2026-05-23 15:11:10,155 [Worker-43: Building workspace] INFO  o.e.m.c.i.embedder.EclipseLogger - Copying 0 resource
2026-05-23 15:11:10,157 [Worker-43: Building workspace] INFO  o.e.m.c.i.embedder.EclipseLogger - Using 'UTF-8' encoding to copy filtered resources.
2026-05-23 15:11:10,157 [Worker-43: Building workspace] INFO  o.e.m.c.i.embedder.EclipseLogger - skip non existing resourceDirectory D:\Spring\spring-mvc-simple\src\test\resources
2026-05-23 15:11:25,870 [Worker-48: Building workspace] INFO  o.e.m.c.i.embedder.EclipseLogger - Using 'UTF-8' encoding to copy filtered resources.
2026-05-23 15:11:25,870 [Worker-48: Building workspace] INFO  o.e.m.c.i.embedder.EclipseLogger - Copying 0 resource
2026-05-23 15:11:25,872 [Worker-48: Building workspace] INFO  o.e.m.c.i.embedder.EclipseLogger - Using 'UTF-8' encoding to copy filtered resources.
2026-05-23 15:11:25,872 [Worker-48: Building workspace] INFO  o.e.m.c.i.embedder.EclipseLogger - skip non existing resourceDirectory D:\Spring\spring-mvc-simple\src\test\resources
2026-05-23 15:11:48,717 [Worker-45: Building workspace] INFO  o.e.m.c.i.embedder.EclipseLogger - Using 'UTF-8' encoding to copy filtered resources.
2026-05-23 15:11:48,718 [Worker-45: Building workspace] INFO  o.e.m.c.i.embedder.EclipseLogger - Copying 0 resource
2026-05-23 15:11:48,719 [Worker-45: Building workspace] INFO  o.e.m.c.i.embedder.EclipseLogger - Using 'UTF-8' encoding to copy filtered resources.
2026-05-23 15:11:48,719 [Worker-45: Building workspace] INFO  o.e.m.c.i.embedder.EclipseLogger - skip non existing resourceDirectory D:\Spring\spring-mvc-simple\src\test\resources
2026-05-23 15:12:38,367 [Worker-43: Building workspace] INFO  o.e.m.c.i.embedder.EclipseLogger - Using 'UTF-8' encoding to copy filtered resources.
2026-05-23 15:12:38,367 [Worker-43: Building workspace] INFO  o.e.m.c.i.embedder.EclipseLogger - Copying 0 resource
2026-05-23 15:12:38,372 [Worker-43: Building workspace] INFO  o.e.m.c.i.embedder.EclipseLogger - Using 'UTF-8' encoding to copy filtered resources.
2026-05-23 15:12:38,372 [Worker-43: Building workspace] INFO  o.e.m.c.i.embedder.EclipseLogger - skip non existing resourceDirectory D:\Spring\spring-mvc-simple\src\test\resources
2026-05-23 15:12:49,166 [Worker-47: Building workspace] INFO  o.e.m.c.i.embedder.EclipseLogger - Using 'UTF-8' encoding to copy filtered resources.
2026-05-23 15:12:49,167 [Worker-47: Building workspace] INFO  o.e.m.c.i.embedder.EclipseLogger - Copying 0 resource
2026-05-23 15:12:49,169 [Worker-47: Building workspace] INFO  o.e.m.c.i.embedder.EclipseLogger - Using 'UTF-8' encoding to copy filtered resources.
2026-05-23 15:12:49,169 [Worker-47: Building workspace] INFO  o.e.m.c.i.embedder.EclipseLogger - skip non existing resourceDirectory D:\Spring\spring-mvc-simple\src\test\resources
2026-05-23 15:14:47,312 [Worker-45: Building workspace] INFO  o.e.m.c.i.embedder.EclipseLogger - Using 'UTF-8' encoding to copy filtered resources.
2026-05-23 15:14:47,312 [Worker-45: Building workspace] INFO  o.e.m.c.i.embedder.EclipseLogger - Copying 0 resource
2026-05-23 15:14:47,314 [Worker-45: Building workspace] INFO  o.e.m.c.i.embedder.EclipseLogger - Using 'UTF-8' encoding to copy filtered resources.
2026-05-23 15:14:47,314 [Worker-45: Building workspace] INFO  o.e.m.c.i.embedder.EclipseLogger - skip non existing resourceDirectory D:\Spring\spring-mvc-simple\src\test\resources
2026-05-23 15:15:03,432 [Worker-50: Building workspace] INFO  o.e.m.c.i.embedder.EclipseLogger - Using 'UTF-8' encoding to copy filtered resources.
2026-05-23 15:15:03,432 [Worker-50: Building workspace] INFO  o.e.m.c.i.embedder.EclipseLogger - Copying 0 resource
2026-05-23 15:15:03,434 [Worker-50: Building workspace] INFO  o.e.m.c.i.embedder.EclipseLogger - Using 'UTF-8' encoding to copy filtered resources.
2026-05-23 15:15:03,434 [Worker-50: Building workspace] INFO  o.e.m.c.i.embedder.EclipseLogger - skip non existing resourceDirectory D:\Spring\spring-mvc-simple\src\test\resources
2026-05-23 15:28:32,755 [Worker-51: Building workspace] INFO  o.e.m.c.i.embedder.EclipseLogger - Using 'UTF-8' encoding to copy filtered resources.
2026-05-23 15:28:32,756 [Worker-51: Building workspace] INFO  o.e.m.c.i.embedder.EclipseLogger - Copying 0 resource
2026-05-23 15:28:32,757 [Worker-51: Building workspace] INFO  o.e.m.c.i.embedder.EclipseLogger - Using 'UTF-8' encoding to copy filtered resources.
2026-05-23 15:28:32,757 [Worker-51: Building workspace] INFO  o.e.m.c.i.embedder.EclipseLogger - skip non existing resourceDirectory D:\Spring\spring-mvc-simple\src\test\resources
2026-05-23 19:26:40,147 [Worker-1: Loading available Gradle versions] INFO  o.e.b.c.i.u.g.PublishedGradleVersions - Gradle version information cache is up-to-date. Trying to read.
2026-05-23 19:26:45,895 [Worker-5: Building workspace] INFO  o.e.m.c.i.embedder.EclipseLogger - Using 'UTF-8' encoding to copy filtered resources.
2026-05-23 19:26:45,898 [Worker-5: Building workspace] INFO  o.e.m.c.i.embedder.EclipseLogger - Copying 0 resource
2026-05-23 19:26:45,900 [Worker-5: Building workspace] INFO  o.e.m.c.i.embedder.EclipseLogger - Using 'UTF-8' encoding to copy filtered resources.
2026-05-23 19:26:45,900 [Worker-5: Building workspace] INFO  o.e.m.c.i.embedder.EclipseLogger - skip non existing resourceDirectory D:\Spring\spring-mvc-simple\src\test\resources
2026-05-23 19:26:47,886 [Worker-8: Building workspace] INFO  o.e.m.c.i.embedder.EclipseLogger - Using 'UTF-8' encoding to copy filtered resources.
2026-05-23 19:26:47,888 [Worker-8: Building workspace] INFO  o.e.m.c.i.embedder.EclipseLogger - Copying 0 resource
2026-05-23 19:26:47,889 [Worker-8: Building workspace] INFO  o.e.m.c.i.embedder.EclipseLogger - Using 'UTF-8' encoding to copy filtered resources.
2026-05-23 19:26:47,889 [Worker-8: Building workspace] INFO  o.e.m.c.i.embedder.EclipseLogger - skip non existing resourceDirectory D:\Spring\spring-mvc-simple\src\test\resources
2026-05-23 22:33:11,407 [Worker-0: Loading available Gradle versions] INFO  o.e.b.c.i.u.g.PublishedGradleVersions - Gradle version information cache is up-to-date. Trying to read.
2026-05-23 22:33:32,324 [Worker-8: Building workspace] INFO  o.e.m.c.i.embedder.EclipseLogger - Using 'UTF-8' encoding to copy filtered resources.
2026-05-23 22:33:32,329 [Worker-8: Building workspace] INFO  o.e.m.c.i.embedder.EclipseLogger - Copying 0 resource
2026-05-23 22:33:32,332 [Worker-8: Building workspace] INFO  o.e.m.c.i.embedder.EclipseLogger - Using 'UTF-8' encoding to copy filtered resources.
2026-05-23 22:33:32,332 [Worker-8: Building workspace] INFO  o.e.m.c.i.embedder.EclipseLogger - skip non existing resourceDirectory D:\Spring\spring-mvc-simple\src\test\resources
2026-05-24 12:01:05,864 [Worker-0: Loading available Gradle versions] INFO  o.e.b.c.i.u.g.PublishedGradleVersions - Gradle version information cache is out-of-date. Trying to update.
2026-05-24 12:01:22,801 [Worker-8: Building workspace] INFO  o.e.m.c.i.embedder.EclipseLogger - Using 'UTF-8' encoding to copy filtered resources.
2026-05-24 12:01:22,807 [Worker-8: Building workspace] INFO  o.e.m.c.i.embedder.EclipseLogger - Copying 0 resource
2026-05-24 12:01:22,811 [Worker-8: Building workspace] INFO  o.e.m.c.i.embedder.EclipseLogger - Using 'UTF-8' encoding to copy filtered resources.
2026-05-24 12:01:22,814 [Worker-8: Building workspace] INFO  o.e.m.c.i.embedder.EclipseLogger - skip non existing resourceDirectory D:\Spring\spring-mvc-simple\src\test\resources
2026-05-25 10:19:25,297 [Worker-3: Loading available Gradle versions] INFO  o.e.b.c.i.u.g.PublishedGradleVersions - Gradle version information cache is up-to-date. Trying to read.
2026-05-25 10:20:05,532 [Worker-9: Building workspace] INFO  o.e.m.c.i.embedder.EclipseLogger - Using 'UTF-8' encoding to copy filtered resources.
2026-05-25 10:20:05,547 [Worker-9: Building workspace] INFO  o.e.m.c.i.embedder.EclipseLogger - Copying 0 resource
2026-05-25 10:20:05,564 [Worker-9: Building workspace] INFO  o.e.m.c.i.embedder.EclipseLogger - Using 'UTF-8' encoding to copy filtered resources.
2026-05-25 10:20:05,564 [Worker-9: Building workspace] INFO  o.e.m.c.i.embedder.EclipseLogger - skip non existing resourceDirectory D:\Spring\spring-mvc-simple\src\test\resources
2026-05-25 11:52:28,703 [Worker-0: Loading available Gradle versions] INFO  o.e.b.c.i.u.g.PublishedGradleVersions - Gradle version information cache is up-to-date. Trying to read.
2026-05-25 11:52:34,488 [Worker-3: Building workspace] INFO  o.e.m.c.i.embedder.EclipseLogger - Using 'UTF-8' encoding to copy filtered resources.
2026-05-25 11:52:34,496 [Worker-3: Building workspace] INFO  o.e.m.c.i.embedder.EclipseLogger - Copying 0 resource
2026-05-25 11:52:34,500 [Worker-3: Building workspace] INFO  o.e.m.c.i.embedder.EclipseLogger - Using 'UTF-8' encoding to copy filtered resources.
2026-05-25 11:52:34,501 [Worker-3: Building workspace] INFO  o.e.m.c.i.embedder.EclipseLogger - skip non existing resourceDirectory D:\Spring\spring-mvc-simple\src\test\resources
2026-05-25 11:53:10,706 [Worker-8: Building workspace] INFO  o.e.m.c.i.embedder.EclipseLogger - Using 'UTF-8' encoding to copy filtered resources.
2026-05-25 11:53:10,714 [Worker-8: Building workspace] INFO  o.e.m.c.i.embedder.EclipseLogger - Copying 0 resource
2026-05-25 11:53:10,716 [Worker-8: Building workspace] INFO  o.e.m.c.i.embedder.EclipseLogger - Using 'UTF-8' encoding to copy filtered resources.
2026-05-25 11:53:10,716 [Worker-8: Building workspace] INFO  o.e.m.c.i.embedder.EclipseLogger - skip non existing resourceDirectory D:\Spring\spring-mvc-simple\src\test\resources
2026-05-25 11:53:19,496 [Worker-6: Updating Maven Project] INFO  o.e.m.c.i.p.ProjectConfigurationManager - Update started
2026-05-25 11:53:20,422 [Worker-6: Updating Maven Project] INFO  o.e.m.c.i.l.LifecycleMappingFactory - Using org.maven.ide.eclipse.wtp.WarLifecycleMapping lifecycle mapping for MavenProject: com.rays:spring-mvc-simple:0.0.1-SNAPSHOT @ D:\Spring\spring-mvc-simple\pom.xml.
2026-05-25 11:53:22,619 [Worker-6: Updating Maven Project] INFO  o.e.m.j.i.AbstractJavaProjectConfigurator - Adding source folder /spring-mvc-simple/src/main/java
2026-05-25 11:53:22,619 [Worker-6: Updating Maven Project] INFO  o.e.m.j.i.AbstractJavaProjectConfigurator - Adding resource folder /spring-mvc-simple/src/main/resources
2026-05-25 11:53:22,648 [Worker-6: Updating Maven Project] INFO  o.e.m.j.i.AbstractJavaProjectConfigurator - Adding source folder /spring-mvc-simple/src/test/java
2026-05-25 11:53:24,907 [Worker-6: Updating Maven Project] INFO  o.e.m.w.i.f.ResourceFilteringBuildParticipant - Cleaning filtered folder for spring-mvc-simple
2026-05-25 11:53:24,912 [Worker-6: Updating Maven Project] INFO  o.e.m.c.i.p.ProjectConfigurationManager - Update completed: 5 sec
2026-05-25 11:53:26,461 [Worker-12: Building Project spring-mvc-simple] INFO  o.e.m.c.i.embedder.EclipseLogger - Using 'UTF-8' encoding to copy filtered resources.
2026-05-25 11:53:26,462 [Worker-12: Building Project spring-mvc-simple] INFO  o.e.m.c.i.embedder.EclipseLogger - Copying 0 resource
2026-05-25 11:53:26,463 [Worker-12: Building Project spring-mvc-simple] INFO  o.e.m.c.i.embedder.EclipseLogger - Using 'UTF-8' encoding to copy filtered resources.
2026-05-25 11:53:26,463 [Worker-12: Building Project spring-mvc-simple] INFO  o.e.m.c.i.embedder.EclipseLogger - skip non existing resourceDirectory D:\Spring\spring-mvc-simple\src\test\resources
2026-05-25 11:53:26,464 [Worker-12: Building Project spring-mvc-simple] INFO  o.e.m.w.i.f.ResourceFilteringBuildParticipant - Changed resources require a complete clean of filtered resources of spring-mvc-simple
2026-05-25 11:53:26,465 [Worker-12: Building Project spring-mvc-simple] INFO  o.e.m.w.i.f.ResourceFilteringBuildParticipant - Executing resource filtering for spring-mvc-simple
2026-05-25 11:53:26,492 [Worker-12: Building Project spring-mvc-simple] INFO  o.e.m.c.i.embedder.EclipseLogger - Using 'UTF-8' encoding to copy filtered resources.
2026-05-25 11:53:28,553 [Worker-13: Building workspace] INFO  o.e.m.c.i.embedder.EclipseLogger - Using 'UTF-8' encoding to copy filtered resources.
2026-05-25 11:53:28,556 [Worker-13: Building workspace] INFO  o.e.m.c.i.embedder.EclipseLogger - Copying 0 resource
2026-05-25 11:53:28,558 [Worker-13: Building workspace] INFO  o.e.m.c.i.embedder.EclipseLogger - Using 'UTF-8' encoding to copy filtered resources.
2026-05-25 11:53:28,558 [Worker-13: Building workspace] INFO  o.e.m.c.i.embedder.EclipseLogger - skip non existing resourceDirectory D:\Spring\spring-mvc-simple\src\test\resources
2026-05-25 11:54:21,857 [Worker-3: Building workspace] INFO  o.e.m.c.i.embedder.EclipseLogger - Using 'UTF-8' encoding to copy filtered resources.
2026-05-25 11:54:21,859 [Worker-3: Building workspace] INFO  o.e.m.c.i.embedder.EclipseLogger - Copying 0 resource
2026-05-25 11:54:21,860 [Worker-3: Building workspace] INFO  o.e.m.c.i.embedder.EclipseLogger - Using 'UTF-8' encoding to copy filtered resources.
2026-05-25 11:54:21,860 [Worker-3: Building workspace] INFO  o.e.m.c.i.embedder.EclipseLogger - skip non existing resourceDirectory D:\Spring\spring-mvc-simple\src\test\resources
2026-05-25 11:55:42,677 [Worker-11: Building workspace] INFO  o.e.m.c.i.embedder.EclipseLogger - Using 'UTF-8' encoding to copy filtered resources.
2026-05-25 11:55:42,678 [Worker-11: Building workspace] INFO  o.e.m.c.i.embedder.EclipseLogger - Copying 0 resource
2026-05-25 11:55:42,679 [Worker-11: Building workspace] INFO  o.e.m.c.i.embedder.EclipseLogger - Using 'UTF-8' encoding to copy filtered resources.
2026-05-25 11:55:42,680 [Worker-11: Building workspace] INFO  o.e.m.c.i.embedder.EclipseLogger - skip non existing resourceDirectory D:\Spring\spring-mvc-simple\src\test\resources
2026-05-25 11:55:56,942 [Worker-6: Cleaning all projects] INFO  o.e.m.w.i.f.ResourceFilteringBuildParticipant - Cleaning filtered folder for spring-mvc-simple
2026-05-25 11:55:57,489 [Worker-12: Building workspace] WARN  o.e.m.c.i.embedder.EclipseLogger - Using platform encoding (Cp1252 actually) to copy filtered resources, i.e. build is platform dependent!
2026-05-25 11:55:57,491 [Worker-12: Building workspace] INFO  o.e.m.c.i.embedder.EclipseLogger - Copying 1 resource
2026-05-25 11:55:57,509 [Worker-12: Building workspace] WARN  o.e.m.c.i.embedder.EclipseLogger - Using platform encoding (Cp1252 actually) to copy filtered resources, i.e. build is platform dependent!
2026-05-25 11:55:57,510 [Worker-12: Building workspace] INFO  o.e.m.c.i.embedder.EclipseLogger - Copying 0 resource
2026-05-25 11:55:57,962 [Worker-12: Building workspace] WARN  o.e.m.c.i.embedder.EclipseLogger - Using platform encoding (Cp1252 actually) to copy filtered resources, i.e. build is platform dependent!
2026-05-25 11:55:57,964 [Worker-12: Building workspace] INFO  o.e.m.c.i.embedder.EclipseLogger - Copying 13 resources
2026-05-25 11:55:57,986 [Worker-12: Building workspace] WARN  o.e.m.c.i.embedder.EclipseLogger - Using platform encoding (Cp1252 actually) to copy filtered resources, i.e. build is platform dependent!
2026-05-25 11:55:57,990 [Worker-12: Building workspace] INFO  o.e.m.c.i.embedder.EclipseLogger - Copying 0 resource
2026-05-25 11:55:58,080 [Worker-12: Building workspace] WARN  o.e.m.c.i.embedder.EclipseLogger - Using platform encoding (Cp1252 actually) to copy filtered resources, i.e. build is platform dependent!
2026-05-25 11:55:58,083 [Worker-12: Building workspace] INFO  o.e.m.c.i.embedder.EclipseLogger - Copying 1 resource
2026-05-25 11:55:58,086 [Worker-12: Building workspace] WARN  o.e.m.c.i.embedder.EclipseLogger - Using platform encoding (Cp1252 actually) to copy filtered resources, i.e. build is platform dependent!
2026-05-25 11:55:58,087 [Worker-12: Building workspace] INFO  o.e.m.c.i.embedder.EclipseLogger - Copying 0 resource
2026-05-25 11:55:58,178 [Worker-12: Building workspace] WARN  o.e.m.c.i.embedder.EclipseLogger - Using platform encoding (Cp1252 actually) to copy filtered resources, i.e. build is platform dependent!
2026-05-25 11:55:58,179 [Worker-12: Building workspace] INFO  o.e.m.c.i.embedder.EclipseLogger - Copying 1 resource
2026-05-25 11:55:58,183 [Worker-12: Building workspace] WARN  o.e.m.c.i.embedder.EclipseLogger - Using platform encoding (Cp1252 actually) to copy filtered resources, i.e. build is platform dependent!
2026-05-25 11:55:58,184 [Worker-12: Building workspace] INFO  o.e.m.c.i.embedder.EclipseLogger - Copying 0 resource
2026-05-25 11:55:58,367 [Worker-12: Building workspace] INFO  o.e.m.c.i.embedder.EclipseLogger - Using 'UTF-8' encoding to copy filtered resources.
2026-05-25 11:55:58,367 [Worker-12: Building workspace] INFO  o.e.m.c.i.embedder.EclipseLogger - Copying 0 resource
2026-05-25 11:55:58,373 [Worker-12: Building workspace] INFO  o.e.m.c.i.embedder.EclipseLogger - Using 'UTF-8' encoding to copy filtered resources.
2026-05-25 11:55:58,373 [Worker-12: Building workspace] INFO  o.e.m.c.i.embedder.EclipseLogger - skip non existing resourceDirectory D:\Spring\spring-mvc-simple\src\test\resources
2026-05-25 11:55:58,374 [Worker-12: Building workspace] INFO  o.e.m.w.i.f.ResourceFilteringBuildParticipant - Changed resources require a complete clean of filtered resources of spring-mvc-simple
2026-05-25 11:55:58,374 [Worker-12: Building workspace] INFO  o.e.m.w.i.f.ResourceFilteringBuildParticipant - Executing resource filtering for spring-mvc-simple
2026-05-25 11:55:58,380 [Worker-12: Building workspace] INFO  o.e.m.c.i.embedder.EclipseLogger - Using 'UTF-8' encoding to copy filtered resources.
2026-05-25 11:59:51,326 [Worker-13: Building workspace] INFO  o.e.m.c.i.embedder.EclipseLogger - Using 'UTF-8' encoding to copy filtered resources.
2026-05-25 11:59:51,327 [Worker-13: Building workspace] INFO  o.e.m.c.i.embedder.EclipseLogger - Copying 0 resource
2026-05-25 11:59:51,329 [Worker-13: Building workspace] INFO  o.e.m.c.i.embedder.EclipseLogger - Using 'UTF-8' encoding to copy filtered resources.
2026-05-25 11:59:51,329 [Worker-13: Building workspace] INFO  o.e.m.c.i.embedder.EclipseLogger - skip non existing resourceDirectory D:\Spring\spring-mvc-simple\src\test\resources
2026-05-25 12:33:44,217 [Worker-0: Loading available Gradle versions] INFO  o.e.b.c.i.u.g.PublishedGradleVersions - Gradle version information cache is up-to-date. Trying to read.
2026-05-25 12:33:51,691 [Worker-8: Building workspace] INFO  o.e.m.c.i.embedder.EclipseLogger - Using 'UTF-8' encoding to copy filtered resources.
2026-05-25 12:33:51,699 [Worker-8: Building workspace] INFO  o.e.m.c.i.embedder.EclipseLogger - Copying 0 resource
2026-05-25 12:33:51,703 [Worker-8: Building workspace] INFO  o.e.m.c.i.embedder.EclipseLogger - Using 'UTF-8' encoding to copy filtered resources.
2026-05-25 12:33:51,703 [Worker-8: Building workspace] INFO  o.e.m.c.i.embedder.EclipseLogger - skip non existing resourceDirectory D:\Spring\spring-mvc-simple\src\test\resources
2026-05-25 13:51:30,131 [Worker-4: Building workspace] INFO  o.e.m.c.i.embedder.EclipseLogger - Using 'UTF-8' encoding to copy filtered resources.
2026-05-25 13:51:30,139 [Worker-4: Building workspace] INFO  o.e.m.c.i.embedder.EclipseLogger - Copying 0 resource
2026-05-25 13:51:30,149 [Worker-4: Building workspace] INFO  o.e.m.c.i.embedder.EclipseLogger - Using 'UTF-8' encoding to copy filtered resources.
2026-05-25 13:51:30,149 [Worker-4: Building workspace] INFO  o.e.m.c.i.embedder.EclipseLogger - skip non existing resourceDirectory D:\Spring\spring-mvc-simple\src\test\resources
2026-05-25 13:51:40,085 [Worker-18: Building workspace] INFO  o.e.m.c.i.embedder.EclipseLogger - Using 'UTF-8' encoding to copy filtered resources.
2026-05-25 13:51:40,086 [Worker-18: Building workspace] INFO  o.e.m.c.i.embedder.EclipseLogger - Copying 0 resource
2026-05-25 13:51:40,087 [Worker-18: Building workspace] INFO  o.e.m.c.i.embedder.EclipseLogger - Using 'UTF-8' encoding to copy filtered resources.
2026-05-25 13:51:40,087 [Worker-18: Building workspace] INFO  o.e.m.c.i.embedder.EclipseLogger - skip non existing resourceDirectory D:\Spring\spring-mvc-simple\src\test\resources
2026-05-25 13:52:15,863 [Worker-17: Building workspace] INFO  o.e.m.c.i.embedder.EclipseLogger - Using 'UTF-8' encoding to copy filtered resources.
2026-05-25 13:52:15,864 [Worker-17: Building workspace] INFO  o.e.m.c.i.embedder.EclipseLogger - Copying 0 resource
2026-05-25 13:52:15,865 [Worker-17: Building workspace] INFO  o.e.m.c.i.embedder.EclipseLogger - Using 'UTF-8' encoding to copy filtered resources.
2026-05-25 13:52:15,866 [Worker-17: Building workspace] INFO  o.e.m.c.i.embedder.EclipseLogger - skip non existing resourceDirectory D:\Spring\spring-mvc-simple\src\test\resources
2026-05-25 13:52:22,871 [Worker-4: Building workspace] INFO  o.e.m.c.i.embedder.EclipseLogger - Using 'UTF-8' encoding to copy filtered resources.
2026-05-25 13:52:22,872 [Worker-4: Building workspace] INFO  o.e.m.c.i.embedder.EclipseLogger - Copying 0 resource
2026-05-25 13:52:22,873 [Worker-4: Building workspace] INFO  o.e.m.c.i.embedder.EclipseLogger - Using 'UTF-8' encoding to copy filtered resources.
2026-05-25 13:52:22,873 [Worker-4: Building workspace] INFO  o.e.m.c.i.embedder.EclipseLogger - skip non existing resourceDirectory D:\Spring\spring-mvc-simple\src\test\resources
2026-05-25 13:53:07,158 [Worker-17: Building workspace] INFO  o.e.m.c.i.embedder.EclipseLogger - Using 'UTF-8' encoding to copy filtered resources.
2026-05-25 13:53:07,159 [Worker-17: Building workspace] INFO  o.e.m.c.i.embedder.EclipseLogger - Copying 0 resource
2026-05-25 13:53:07,160 [Worker-17: Building workspace] INFO  o.e.m.c.i.embedder.EclipseLogger - Using 'UTF-8' encoding to copy filtered resources.
2026-05-25 13:53:07,160 [Worker-17: Building workspace] INFO  o.e.m.c.i.embedder.EclipseLogger - skip non existing resourceDirectory D:\Spring\spring-mvc-simple\src\test\resources
2026-05-25 13:53:16,130 [Worker-17: Building workspace] INFO  o.e.m.c.i.embedder.EclipseLogger - Using 'UTF-8' encoding to copy filtered resources.
2026-05-25 13:53:16,130 [Worker-17: Building workspace] INFO  o.e.m.c.i.embedder.EclipseLogger - Copying 0 resource
2026-05-25 13:53:16,131 [Worker-17: Building workspace] INFO  o.e.m.c.i.embedder.EclipseLogger - Using 'UTF-8' encoding to copy filtered resources.
2026-05-25 13:53:16,131 [Worker-17: Building workspace] INFO  o.e.m.c.i.embedder.EclipseLogger - skip non existing resourceDirectory D:\Spring\spring-mvc-simple\src\test\resources
2026-05-25 13:53:43,567 [Worker-20: Building workspace] INFO  o.e.m.c.i.embedder.EclipseLogger - Using 'UTF-8' encoding to copy filtered resources.
2026-05-25 13:53:43,576 [Worker-20: Building workspace] INFO  o.e.m.c.i.embedder.EclipseLogger - Copying 0 resource
2026-05-25 13:53:43,592 [Worker-20: Building workspace] INFO  o.e.m.c.i.embedder.EclipseLogger - Using 'UTF-8' encoding to copy filtered resources.
2026-05-25 13:53:43,594 [Worker-20: Building workspace] INFO  o.e.m.c.i.embedder.EclipseLogger - skip non existing resourceDirectory D:\Spring\spring-mvc-simple\src\test\resources
2026-05-25 13:53:51,913 [Worker-17: Building workspace] INFO  o.e.m.c.i.embedder.EclipseLogger - Using 'UTF-8' encoding to copy filtered resources.
2026-05-25 13:53:51,914 [Worker-17: Building workspace] INFO  o.e.m.c.i.embedder.EclipseLogger - Copying 0 resource
2026-05-25 13:53:51,915 [Worker-17: Building workspace] INFO  o.e.m.c.i.embedder.EclipseLogger - Using 'UTF-8' encoding to copy filtered resources.
2026-05-25 13:53:51,915 [Worker-17: Building workspace] INFO  o.e.m.c.i.embedder.EclipseLogger - skip non existing resourceDirectory D:\Spring\spring-mvc-simple\src\test\resources
2026-05-25 13:54:46,041 [Worker-20: Building workspace] INFO  o.e.m.c.i.embedder.EclipseLogger - Using 'UTF-8' encoding to copy filtered resources.
2026-05-25 13:54:46,042 [Worker-20: Building workspace] INFO  o.e.m.c.i.embedder.EclipseLogger - Copying 0 resource
2026-05-25 13:54:46,043 [Worker-20: Building workspace] INFO  o.e.m.c.i.embedder.EclipseLogger - Using 'UTF-8' encoding to copy filtered resources.
2026-05-25 13:54:46,043 [Worker-20: Building workspace] INFO  o.e.m.c.i.embedder.EclipseLogger - skip non existing resourceDirectory D:\Spring\spring-mvc-simple\src\test\resources
2026-05-25 13:55:22,344 [Worker-18: Building workspace] INFO  o.e.m.c.i.embedder.EclipseLogger - Using 'UTF-8' encoding to copy filtered resources.
2026-05-25 13:55:22,345 [Worker-18: Building workspace] INFO  o.e.m.c.i.embedder.EclipseLogger - Copying 0 resource
2026-05-25 13:55:22,346 [Worker-18: Building workspace] INFO  o.e.m.c.i.embedder.EclipseLogger - Using 'UTF-8' encoding to copy filtered resources.
2026-05-25 13:55:22,346 [Worker-18: Building workspace] INFO  o.e.m.c.i.embedder.EclipseLogger - skip non existing resourceDirectory D:\Spring\spring-mvc-simple\src\test\resources
2026-05-25 13:56:27,560 [Worker-20: Building workspace] INFO  o.e.m.c.i.embedder.EclipseLogger - Using 'UTF-8' encoding to copy filtered resources.
2026-05-25 13:56:27,560 [Worker-20: Building workspace] INFO  o.e.m.c.i.embedder.EclipseLogger - Copying 0 resource
2026-05-25 13:56:27,561 [Worker-20: Building workspace] INFO  o.e.m.c.i.embedder.EclipseLogger - Using 'UTF-8' encoding to copy filtered resources.
2026-05-25 13:56:27,561 [Worker-20: Building workspace] INFO  o.e.m.c.i.embedder.EclipseLogger - skip non existing resourceDirectory D:\Spring\spring-mvc-simple\src\test\resources
2026-05-25 14:01:21,724 [Worker-4: Building workspace] INFO  o.e.m.c.i.embedder.EclipseLogger - Using 'UTF-8' encoding to copy filtered resources.
2026-05-25 14:01:21,724 [Worker-4: Building workspace] INFO  o.e.m.c.i.embedder.EclipseLogger - Copying 0 resource
2026-05-25 14:01:21,725 [Worker-4: Building workspace] INFO  o.e.m.c.i.embedder.EclipseLogger - Using 'UTF-8' encoding to copy filtered resources.
2026-05-25 14:01:21,726 [Worker-4: Building workspace] INFO  o.e.m.c.i.embedder.EclipseLogger - skip non existing resourceDirectory D:\Spring\spring-mvc-simple\src\test\resources
2026-05-25 14:02:33,552 [Worker-17: Building workspace] INFO  o.e.m.c.i.embedder.EclipseLogger - Using 'UTF-8' encoding to copy filtered resources.
2026-05-25 14:02:33,552 [Worker-17: Building workspace] INFO  o.e.m.c.i.embedder.EclipseLogger - Copying 0 resource
2026-05-25 14:02:33,554 [Worker-17: Building workspace] INFO  o.e.m.c.i.embedder.EclipseLogger - Using 'UTF-8' encoding to copy filtered resources.
2026-05-25 14:02:33,555 [Worker-17: Building workspace] INFO  o.e.m.c.i.embedder.EclipseLogger - skip non existing resourceDirectory D:\Spring\spring-mvc-simple\src\test\resources
2026-05-25 14:02:49,339 [Worker-22: Building workspace] INFO  o.e.m.c.i.embedder.EclipseLogger - Using 'UTF-8' encoding to copy filtered resources.
2026-05-25 14:02:49,340 [Worker-22: Building workspace] INFO  o.e.m.c.i.embedder.EclipseLogger - Copying 0 resource
2026-05-25 14:02:49,342 [Worker-22: Building workspace] INFO  o.e.m.c.i.embedder.EclipseLogger - Using 'UTF-8' encoding to copy filtered resources.
2026-05-25 14:02:49,342 [Worker-22: Building workspace] INFO  o.e.m.c.i.embedder.EclipseLogger - skip non existing resourceDirectory D:\Spring\spring-mvc-simple\src\test\resources
2026-05-25 14:02:52,504 [Worker-24: Building workspace] INFO  o.e.m.c.i.embedder.EclipseLogger - Using 'UTF-8' encoding to copy filtered resources.
2026-05-25 14:02:52,504 [Worker-24: Building workspace] INFO  o.e.m.c.i.embedder.EclipseLogger - Copying 0 resource
2026-05-25 14:02:52,506 [Worker-24: Building workspace] INFO  o.e.m.c.i.embedder.EclipseLogger - Using 'UTF-8' encoding to copy filtered resources.
2026-05-25 14:02:52,506 [Worker-24: Building workspace] INFO  o.e.m.c.i.embedder.EclipseLogger - skip non existing resourceDirectory D:\Spring\spring-mvc-simple\src\test\resources
2026-05-25 14:04:29,660 [Worker-24: Building workspace] INFO  o.e.m.c.i.embedder.EclipseLogger - Using 'UTF-8' encoding to copy filtered resources.
2026-05-25 14:04:29,660 [Worker-24: Building workspace] INFO  o.e.m.c.i.embedder.EclipseLogger - Copying 0 resource
2026-05-25 14:04:29,661 [Worker-24: Building workspace] INFO  o.e.m.c.i.embedder.EclipseLogger - Using 'UTF-8' encoding to copy filtered resources.
2026-05-25 14:04:29,661 [Worker-24: Building workspace] INFO  o.e.m.c.i.embedder.EclipseLogger - skip non existing resourceDirectory D:\Spring\spring-mvc-simple\src\test\resources
2026-05-25 14:43:47,713 [Worker-17: Building workspace] INFO  o.e.m.c.i.embedder.EclipseLogger - Using 'UTF-8' encoding to copy filtered resources.
2026-05-25 14:43:47,714 [Worker-17: Building workspace] INFO  o.e.m.c.i.embedder.EclipseLogger - Copying 0 resource
2026-05-25 14:43:47,715 [Worker-17: Building workspace] INFO  o.e.m.c.i.embedder.EclipseLogger - Using 'UTF-8' encoding to copy filtered resources.
2026-05-25 14:43:47,715 [Worker-17: Building workspace] INFO  o.e.m.c.i.embedder.EclipseLogger - skip non existing resourceDirectory D:\Spring\spring-mvc-simple\src\test\resources
2026-05-25 14:45:52,596 [Worker-27: Building workspace] INFO  o.e.m.c.i.embedder.EclipseLogger - Using 'UTF-8' encoding to copy filtered resources.
2026-05-25 14:45:52,596 [Worker-27: Building workspace] INFO  o.e.m.c.i.embedder.EclipseLogger - Copying 0 resource
2026-05-25 14:45:52,597 [Worker-27: Building workspace] INFO  o.e.m.c.i.embedder.EclipseLogger - Using 'UTF-8' encoding to copy filtered resources.
2026-05-25 14:45:52,598 [Worker-27: Building workspace] INFO  o.e.m.c.i.embedder.EclipseLogger - skip non existing resourceDirectory D:\Spring\spring-mvc-simple\src\test\resources
2026-05-25 14:46:25,772 [Worker-27: Building workspace] INFO  o.e.m.c.i.embedder.EclipseLogger - Using 'UTF-8' encoding to copy filtered resources.
2026-05-25 14:46:25,772 [Worker-27: Building workspace] INFO  o.e.m.c.i.embedder.EclipseLogger - Copying 0 resource
2026-05-25 14:46:25,773 [Worker-27: Building workspace] INFO  o.e.m.c.i.embedder.EclipseLogger - Using 'UTF-8' encoding to copy filtered resources.
2026-05-25 14:46:25,773 [Worker-27: Building workspace] INFO  o.e.m.c.i.embedder.EclipseLogger - skip non existing resourceDirectory D:\Spring\spring-mvc-simple\src\test\resources
2026-05-25 14:46:51,048 [Worker-27: Building workspace] INFO  o.e.m.c.i.embedder.EclipseLogger - Using 'UTF-8' encoding to copy filtered resources.
2026-05-25 14:46:51,048 [Worker-27: Building workspace] INFO  o.e.m.c.i.embedder.EclipseLogger - Copying 0 resource
2026-05-25 14:46:51,049 [Worker-27: Building workspace] INFO  o.e.m.c.i.embedder.EclipseLogger - Using 'UTF-8' encoding to copy filtered resources.
2026-05-25 14:46:51,049 [Worker-27: Building workspace] INFO  o.e.m.c.i.embedder.EclipseLogger - skip non existing resourceDirectory D:\Spring\spring-mvc-simple\src\test\resources
2026-05-25 18:23:40,090 [Worker-0: Loading available Gradle versions] INFO  o.e.b.c.i.u.g.PublishedGradleVersions - Gradle version information cache is up-to-date. Trying to read.
2026-05-25 18:23:45,960 [Worker-5: Building workspace] INFO  o.e.m.c.i.embedder.EclipseLogger - Using 'UTF-8' encoding to copy filtered resources.
2026-05-25 18:23:45,967 [Worker-5: Building workspace] INFO  o.e.m.c.i.embedder.EclipseLogger - Copying 0 resource
2026-05-25 18:23:45,972 [Worker-5: Building workspace] INFO  o.e.m.c.i.embedder.EclipseLogger - Using 'UTF-8' encoding to copy filtered resources.
2026-05-25 18:23:45,972 [Worker-5: Building workspace] INFO  o.e.m.c.i.embedder.EclipseLogger - skip non existing resourceDirectory D:\Spring\spring-mvc-simple\src\test\resources
2026-05-25 18:24:21,908 [Worker-10: Building workspace] INFO  o.e.m.c.i.embedder.EclipseLogger - Using 'UTF-8' encoding to copy filtered resources.
2026-05-25 18:24:21,914 [Worker-10: Building workspace] INFO  o.e.m.c.i.embedder.EclipseLogger - Copying 0 resource
2026-05-25 18:24:21,917 [Worker-10: Building workspace] INFO  o.e.m.c.i.embedder.EclipseLogger - Using 'UTF-8' encoding to copy filtered resources.
2026-05-25 18:24:21,917 [Worker-10: Building workspace] INFO  o.e.m.c.i.embedder.EclipseLogger - skip non existing resourceDirectory D:\Spring\spring-mvc-simple\src\test\resources
2026-05-25 18:24:28,174 [Worker-10: Building workspace] INFO  o.e.m.c.i.embedder.EclipseLogger - Using 'UTF-8' encoding to copy filtered resources.
2026-05-25 18:24:28,175 [Worker-10: Building workspace] INFO  o.e.m.c.i.embedder.EclipseLogger - Copying 0 resource
2026-05-25 18:24:28,175 [Worker-10: Building workspace] INFO  o.e.m.c.i.embedder.EclipseLogger - Using 'UTF-8' encoding to copy filtered resources.
2026-05-25 18:24:28,176 [Worker-10: Building workspace] INFO  o.e.m.c.i.embedder.EclipseLogger - skip non existing resourceDirectory D:\Spring\spring-mvc-simple\src\test\resources
2026-05-25 18:24:37,379 [Worker-2: Building workspace] INFO  o.e.m.c.i.embedder.EclipseLogger - Using 'UTF-8' encoding to copy filtered resources.
2026-05-25 18:24:37,379 [Worker-2: Building workspace] INFO  o.e.m.c.i.embedder.EclipseLogger - Copying 0 resource
2026-05-25 18:24:37,381 [Worker-2: Building workspace] INFO  o.e.m.c.i.embedder.EclipseLogger - Using 'UTF-8' encoding to copy filtered resources.
2026-05-25 18:24:37,381 [Worker-2: Building workspace] INFO  o.e.m.c.i.embedder.EclipseLogger - skip non existing resourceDirectory D:\Spring\spring-mvc-simple\src\test\resources
2026-05-25 18:24:57,758 [Worker-3: Building workspace] INFO  o.e.m.c.i.embedder.EclipseLogger - Using 'UTF-8' encoding to copy filtered resources.
2026-05-25 18:24:57,759 [Worker-3: Building workspace] INFO  o.e.m.c.i.embedder.EclipseLogger - Copying 0 resource
2026-05-25 18:24:57,762 [Worker-3: Building workspace] INFO  o.e.m.c.i.embedder.EclipseLogger - Using 'UTF-8' encoding to copy filtered resources.
2026-05-25 18:24:57,763 [Worker-3: Building workspace] INFO  o.e.m.c.i.embedder.EclipseLogger - skip non existing resourceDirectory D:\Spring\spring-mvc-simple\src\test\resources
2026-05-25 18:26:29,342 [Worker-10: Building workspace] INFO  o.e.m.c.i.embedder.EclipseLogger - Using 'UTF-8' encoding to copy filtered resources.
2026-05-25 18:26:29,342 [Worker-10: Building workspace] INFO  o.e.m.c.i.embedder.EclipseLogger - Copying 0 resource
2026-05-25 18:26:29,343 [Worker-10: Building workspace] INFO  o.e.m.c.i.embedder.EclipseLogger - Using 'UTF-8' encoding to copy filtered resources.
2026-05-25 18:26:29,343 [Worker-10: Building workspace] INFO  o.e.m.c.i.embedder.EclipseLogger - skip non existing resourceDirectory D:\Spring\spring-mvc-simple\src\test\resources
2026-05-25 18:27:03,303 [Worker-11: Building workspace] INFO  o.e.m.c.i.embedder.EclipseLogger - Using 'UTF-8' encoding to copy filtered resources.
2026-05-25 18:27:03,304 [Worker-11: Building workspace] INFO  o.e.m.c.i.embedder.EclipseLogger - Copying 0 resource
2026-05-25 18:27:03,305 [Worker-11: Building workspace] INFO  o.e.m.c.i.embedder.EclipseLogger - Using 'UTF-8' encoding to copy filtered resources.
2026-05-25 18:27:03,305 [Worker-11: Building workspace] INFO  o.e.m.c.i.embedder.EclipseLogger - skip non existing resourceDirectory D:\Spring\spring-mvc-simple\src\test\resources
2026-05-25 18:27:33,069 [Worker-0: Building workspace] INFO  o.e.m.c.i.embedder.EclipseLogger - Using 'UTF-8' encoding to copy filtered resources.
2026-05-25 18:27:33,069 [Worker-0: Building workspace] INFO  o.e.m.c.i.embedder.EclipseLogger - Copying 0 resource
2026-05-25 18:27:33,071 [Worker-0: Building workspace] INFO  o.e.m.c.i.embedder.EclipseLogger - Using 'UTF-8' encoding to copy filtered resources.
2026-05-25 18:27:33,072 [Worker-0: Building workspace] INFO  o.e.m.c.i.embedder.EclipseLogger - skip non existing resourceDirectory D:\Spring\spring-mvc-simple\src\test\resources
2026-05-25 18:29:12,902 [Worker-12: Building workspace] INFO  o.e.m.c.i.embedder.EclipseLogger - Using 'UTF-8' encoding to copy filtered resources.
2026-05-25 18:29:12,902 [Worker-12: Building workspace] INFO  o.e.m.c.i.embedder.EclipseLogger - Copying 0 resource
2026-05-25 18:29:12,904 [Worker-12: Building workspace] INFO  o.e.m.c.i.embedder.EclipseLogger - Using 'UTF-8' encoding to copy filtered resources.
2026-05-25 18:29:12,905 [Worker-12: Building workspace] INFO  o.e.m.c.i.embedder.EclipseLogger - skip non existing resourceDirectory D:\Spring\spring-mvc-simple\src\test\resources
2026-05-25 18:29:45,933 [Worker-11: Building workspace] INFO  o.e.m.c.i.embedder.EclipseLogger - Using 'UTF-8' encoding to copy filtered resources.
2026-05-25 18:29:45,935 [Worker-11: Building workspace] INFO  o.e.m.c.i.embedder.EclipseLogger - Copying 0 resource
2026-05-25 18:29:45,946 [Worker-11: Building workspace] INFO  o.e.m.c.i.embedder.EclipseLogger - Using 'UTF-8' encoding to copy filtered resources.
2026-05-25 18:29:45,946 [Worker-11: Building workspace] INFO  o.e.m.c.i.embedder.EclipseLogger - skip non existing resourceDirectory D:\Spring\spring-mvc-simple\src\test\resources
2026-05-25 18:31:57,896 [Worker-17: Building workspace] INFO  o.e.m.c.i.embedder.EclipseLogger - Using 'UTF-8' encoding to copy filtered resources.
2026-05-25 18:31:57,897 [Worker-17: Building workspace] INFO  o.e.m.c.i.embedder.EclipseLogger - Copying 0 resource
2026-05-25 18:31:57,898 [Worker-17: Building workspace] INFO  o.e.m.c.i.embedder.EclipseLogger - Using 'UTF-8' encoding to copy filtered resources.
2026-05-25 18:31:57,898 [Worker-17: Building workspace] INFO  o.e.m.c.i.embedder.EclipseLogger - skip non existing resourceDirectory D:\Spring\spring-mvc-simple\src\test\resources
